database,therapeutic_area,med_class,code,term,combo_flag,component_drugs
AURUM,bp,bp_medication,10024941000033116,Bisoprolol 5mg / Aspirin 75mg capsules,0,
AURUM,bp,bp_medication,10025041000033116,Bisoprolol 5mg / Aspirin 100mg capsules,0,
AURUM,bp,bp_medication,10025141000033117,Bisoprolol 10mg / Aspirin 75mg capsules,0,
AURUM,bp,bp_medication,10025241000033112,Bisoprolol 10mg / Aspirin 100mg capsules,0,
AURUM,bp,bp_medication,10217641000033116,Molap 4mg tablets (Rivopharm (UK) Ltd),0,
AURUM,bp,bp_medication,1025141000033114,Oxyprenix-160-Sr  Sr tablets  160 mg,0,
AURUM,bp,bp_medication,1026041000033118,Oxprenolol 160mg modified-release tablets,0,
AURUM,bp,bp_medication,1026141000033119,Oxprenolol 20mg tablets,0,
AURUM,bp,bp_medication,1026241000033114,Oxprenolol 40mg tablets,0,
AURUM,bp,bp_medication,1026341000033116,Oxprenolol 80mg tablets,0,
AURUM,bp,bp_medication,1027241000033112,Oxprenolol Hydrochloride  Tablets  160 mg,0,
AURUM,bp,bp_medication,10387441000033111,Amlodipine 10mg/5ml oral solution sugar free,0,
AURUM,bp,bp_medication,10645041000033114,Lisinopril 5mg/5ml oral solution sugar free,0,
AURUM,bp,bp_medication,10650041000033116,Nadolol 20mg/5ml oral suspension,0,
AURUM,bp,bp_medication,10650141000033117,Nadolol 30mg/5ml oral suspension,0,
AURUM,bp,bp_medication,1067841000033115,Perindopril erbumine 2mg tablets,0,
AURUM,bp,bp_medication,1067941000033111,Perindopril erbumine 4mg tablets,0,
AURUM,bp,bp_medication,1070341000033119,Phenoxybenzamine 10mg capsules,0,
AURUM,bp,bp_medication,10713941000033113,Bumetanide 5mg/5ml oral suspension,0,
AURUM,bp,bp_medication,10741000033112,Acebutolol 400mg tablets,0,
AURUM,bp,bp_medication,1074841000033115,Phenoxybenzamine 100mg/2ml solution for infusion ampoules,0,
AURUM,bp,bp_medication,10841000033119,Acepril 12.5mg tablets (Bristol-Myers Squibb Pharmaceuticals Ltd),0,
AURUM,bp,bp_medication,1091141000033117,Pindolol 15mg tablets,0,
AURUM,bp,bp_medication,1091241000033112,Pindolol 5mg tablets,0,
AURUM,bp,bp_medication,1093941000033116,Plendil 2.5mg modified-release tablets (AstraZeneca UK Ltd),0,
AURUM,bp,bp_medication,1094041000033119,Plendil 10mg modified-release tablets (AstraZeneca UK Ltd),0,
AURUM,bp,bp_medication,10941000033110,Acepril 25mg tablets (Bristol-Myers Squibb Pharmaceuticals Ltd),0,
AURUM,bp,bp_medication,1094141000033115,Plendil 5mg modified-release tablets (AstraZeneca UK Ltd),0,
AURUM,bp,bp_medication,10943641000033117,Sacubitril 24mg / Valsartan 26mg tablets,0,
AURUM,bp,bp_medication,10943741000033114,Sacubitril 49mg / Valsartan 51mg tablets,0,
AURUM,bp,bp_medication,10943841000033116,Sacubitril 97mg / Valsartan 103mg tablets,0,
AURUM,bp,bp_medication,10943941000033112,Entresto 24mg/26mg tablets (Novartis Pharmaceuticals UK Ltd),0,
AURUM,bp,bp_medication,10944041000033114,Entresto 49mg/51mg tablets (Novartis Pharmaceuticals UK Ltd),0,
AURUM,bp,bp_medication,10944141000033113,Entresto 97mg/103mg tablets (Novartis Pharmaceuticals UK Ltd),0,
AURUM,bp,bp_medication,11041000033117,Acepril 50mg tablets (Bristol-Myers Squibb Pharmaceuticals Ltd),0,
AURUM,bp,bp_medication,1111441000033118,Propranolol Hydrochloride  Capsules  160 mg,0,
AURUM,bp,bp_medication,1112341000033115,Propranolol Hydrochloride  Capsules  80 mg,0,
AURUM,bp,bp_medication,11141000033118,Acetazolamide 250mg tablets,0,
AURUM,bp,bp_medication,1119641000033117,Propranolol 1mg/1ml solution for injection ampoules,0,
AURUM,bp,bp_medication,1124041000033116,Propranolol 160mg modified-release capsules,0,
AURUM,bp,bp_medication,11241000033113,Accuretic 10mg/12.5mg tablets (Pfizer Ltd),0,
AURUM,bp,bp_medication,1124341000033119,Probeta La  M/R capsules  160 mg,0,
AURUM,bp,bp_medication,1124441000033113,Propanix La  M/R capsules  160 mg,0,
AURUM,bp,bp_medication,1125341000033118,Propranolol 10mg/5ml oral solution sugar free,0,
AURUM,bp,bp_medication,1125441000033112,Propranolol 5mg/5ml oral solution sugar free,0,
AURUM,bp,bp_medication,1125541000033113,Propranolol 50mg/5ml oral solution sugar free,0,
AURUM,bp,bp_medication,1127941000033110,Propanix 160  Sr capsules  160 mg,0,
AURUM,bp,bp_medication,1128041000033113,Propranolol Hydrochloride  M/R tablets  160 mg,0,
AURUM,bp,bp_medication,1130041000033112,Propranolol 80mg modified-release capsules,0,
AURUM,bp,bp_medication,1130341000033114,Propanix 10  Tablets  10 mg,0,
AURUM,bp,bp_medication,1130441000033115,Propanix 40  Tablets  40 mg,0,
AURUM,bp,bp_medication,1130541000033119,Propanix 80  Tablets  80 mg,0,
AURUM,bp,bp_medication,1130641000033118,Propanix 160  Tablets  160 mg,0,
AURUM,bp,bp_medication,1131341000033118,Prazosin 500microgram tablets,0,
AURUM,bp,bp_medication,1131441000033112,Prazosin 1mg tablets,0,
AURUM,bp,bp_medication,1131541000033113,Prazosin 2mg tablets,0,
AURUM,bp,bp_medication,1131641000033114,Prazosin 5mg tablets,0,
AURUM,bp,bp_medication,1132741000033111,Prestim tablets (Meda Pharmaceuticals Ltd),0,
AURUM,bp,bp_medication,1132841000033118,Prestim Forte  Tablets,0,
AURUM,bp,bp_medication,1135041000033117,Propranolol 10mg tablets,0,
AURUM,bp,bp_medication,1135141000033118,Propranolol 160mg tablets,0,
AURUM,bp,bp_medication,1135241000033113,Propranolol 40mg tablets,0,
AURUM,bp,bp_medication,1135341000033115,Propranolol 80mg tablets,0,
AURUM,bp,bp_medication,1140241000033117,Prescal 2.5mg tablets (Novartis Pharmaceuticals UK Ltd),0,
AURUM,bp,bp_medication,1149241000033111,Quinapril 5mg tablets,0,
AURUM,bp,bp_medication,1149341000033118,Quinapril 10mg tablets,0,
AURUM,bp,bp_medication,1149441000033112,Quinapril 20mg tablets,0,
AURUM,bp,bp_medication,1149541000033113,Quinapril 40mg tablets,0,
AURUM,bp,bp_medication,1151341000033117,Ramipril 1.25mg capsules,0,
AURUM,bp,bp_medication,1151441000033111,Ramipril 2.5mg capsules,0,
AURUM,bp,bp_medication,1151541000033112,Ramipril 5mg capsules,0,
AURUM,bp,bp_medication,11567441000033119,Prazosin 500micrograms/5ml oral solution,0,
AURUM,bp,bp_medication,11641000033111,Accupro 40mg tablets (Pfizer Ltd),0,
AURUM,bp,bp_medication,11807841000033119,Benph 5mg tablets (Viatris UK Healthcare Ltd),0,
AURUM,bp,bp_medication,12090641000033119,Tritace titration pack tablets (Sanofi),0,
AURUM,bp,bp_medication,12206941000033119,Esmolol 2.5g powder for solution for infusion vials,0,
AURUM,bp,bp_medication,12312641000033118,Alkapamid XL 1.5mg tablets (HBS Healthcare Ltd),0,
AURUM,bp,bp_medication,12372341000033117,Nidef 30mg modified-release tablets (Morningside Healthcare Ltd),0,
AURUM,bp,bp_medication,12372441000033111,Nidef 60mg modified-release tablets (Morningside Healthcare Ltd),0,
AURUM,bp,bp_medication,124241000033112,Bedranol SR 160mg capsules (Sandoz Ltd),0,
AURUM,bp,bp_medication,12427841000033115,Mannitol 75g/500ml (15%) infusion bags,0,
AURUM,bp,bp_medication,124341000033119,Beta-Adalat modified-release capsules (Bayer Plc),0,
AURUM,bp,bp_medication,1268141000033119,Sectral 100mg capsules (Sanofi),0,
AURUM,bp,bp_medication,12682141000033115,Doxazosin 8mg tablets,0,
AURUM,bp,bp_medication,12682241000033110,Amlodipine 5mg/5ml oral suspension sugar free,0,
AURUM,bp,bp_medication,12682341000033117,Bedranol 10mg tablets (Ennogen Pharma Ltd),0,
AURUM,bp,bp_medication,1268241000033114,Sectral 200mg capsules (Sanofi),0,
AURUM,bp,bp_medication,12682441000033111,Bedranol 40mg tablets (Ennogen Pharma Ltd),0,
AURUM,bp,bp_medication,12682641000033113,Bedranol 80mg tablets (Ennogen Pharma Ltd),0,
AURUM,bp,bp_medication,12682741000033116,Bedranol 160mg tablets (Ennogen Pharma Ltd),0,
AURUM,bp,bp_medication,1271741000033116,Securon IV 5mg/2ml solution for injection ampoules (Mylan),0,
AURUM,bp,bp_medication,1274641000033111,Secadrex 200mg/12.5mg tablets (Sanofi),0,
AURUM,bp,bp_medication,1274741000033119,Securon 120mg tablets (Abbott Laboratories Ltd),0,
AURUM,bp,bp_medication,1274841000033112,Securon  Tablets  160 mg,0,
AURUM,bp,bp_medication,1274941000033116,Securon  Tablets  40 mg,0,
AURUM,bp,bp_medication,1275041000033116,Securon  Tablets  80 mg,0,
AURUM,bp,bp_medication,1275141000033117,Securon SR 240mg tablets (Mylan),0,
AURUM,bp,bp_medication,1278241000033118,Sectral 400mg tablets (Sanofi),0,
AURUM,bp,bp_medication,12988441000033113,Lorvacs XL 1.5mg tablets (Torrent Pharma (UK) Ltd),0,
AURUM,bp,bp_medication,131141000033116,Betaloc I.V. 5mg/5ml solution for injection ampoules (Recordati Pharmaceuticals Ltd),0,
AURUM,bp,bp_medication,13132041000033117,Labetalol 50mg/10ml solution for injection ampoules,0,
AURUM,bp,bp_medication,13141000033119,Acezide 25mg/50mg tablets (Bristol-Myers Squibb Pharmaceuticals Ltd),0,
AURUM,bp,bp_medication,13241000033114,Accupro 10mg tablets (Pfizer Ltd),0,
AURUM,bp,bp_medication,133041000033116,Betadur Cr  M/R capsules  160 mg,0,
AURUM,bp,bp_medication,133141000033117,Beta-Prograne 160mg modified-release capsules (Tillomed Laboratories Ltd),0,
AURUM,bp,bp_medication,13341000033116,Accupro 20mg tablets (Pfizer Ltd),0,
AURUM,bp,bp_medication,13344441000033112,Lacidipine 6mg tablets,0,
AURUM,bp,bp_medication,13422241000033114,Amlodipine 2.5mg tablets,0,
AURUM,bp,bp_medication,13441000033110,Accupro 5mg tablets (Pfizer Ltd),0,
AURUM,bp,bp_medication,13443441000033115,Lisoretic 10mg/12.5mg tablets (Bristol Laboratories Ltd),0,
AURUM,bp,bp_medication,13443541000033119,Lisoretic 20mg/12.5mg tablets (Bristol Laboratories Ltd),0,
AURUM,bp,bp_medication,1346441000033111,Slozem 120mg capsules (Merck Serono Ltd),0,
AURUM,bp,bp_medication,1346541000033112,Slozem 180mg capsules (Merck Serono Ltd),0,
AURUM,bp,bp_medication,1346641000033113,Slozem 240mg capsules (Merck Serono Ltd),0,
AURUM,bp,bp_medication,1347441000033114,Slow-Trasicor 160mg tablets (Advanz Pharma),0,
AURUM,bp,bp_medication,1347641000033111,Slow-Pren  Tablets  160 mg,0,
AURUM,bp,bp_medication,13577541000033118,Nebivolol 1.25mg tablets,0,
AURUM,bp,bp_medication,1358541000033113,Sotacor 40mg/4ml solution for injection ampoules (Bristol-Myers Squibb Pharmaceuticals Ltd),0,
AURUM,bp,bp_medication,1366041000033112,Sotacor 160mg tablets (Bristol-Myers Squibb Pharmaceuticals Ltd),0,
AURUM,bp,bp_medication,1366141000033111,Sotacor 80mg tablets (Cheplapharm Arzneimittel GmbH),0,
AURUM,bp,bp_medication,1366241000033116,Sotazide  Tablets,0,
AURUM,bp,bp_medication,1367141000033113,Sotalol 160mg tablets,0,
AURUM,bp,bp_medication,1367241000033118,Sotalol 200mg tablets,0,
AURUM,bp,bp_medication,1367441000033117,Sotalol 40mg tablets,0,
AURUM,bp,bp_medication,1367541000033116,Sotalol 80mg tablets,0,
AURUM,bp,bp_medication,1371041000033112,Spironolactone 25mg/5ml oral suspension,0,
AURUM,bp,bp_medication,1371141000033111,Spironolactone 5mg/5ml oral suspension,0,
AURUM,bp,bp_medication,1371241000033116,Spironolactone 10mg/5ml oral suspension,0,
AURUM,bp,bp_medication,1371341000033114,Spironolactone 50mg/5ml oral suspension,0,
AURUM,bp,bp_medication,13740241000033119,Enalapril 20mg tablets (Imported),0,
AURUM,bp,bp_medication,1374141000033113,Spironolactone 100mg tablets,0,
AURUM,bp,bp_medication,1374241000033118,Spironolactone 25mg tablets,0,
AURUM,bp,bp_medication,1374341000033111,Spironolactone 50mg tablets,0,
AURUM,bp,bp_medication,1374441000033117,Spiroprop  Tablets,0,
AURUM,bp,bp_medication,1374541000033116,Spirospare 100 tablets (Ashbourne Pharmaceuticals Ltd),0,
AURUM,bp,bp_medication,13777741000033113,Spironolactone 12.5mg tablets,0,
AURUM,bp,bp_medication,13788341000033118,Dexipress MR 20mg tablets (Dexcel-Pharma Ltd),0,
AURUM,bp,bp_medication,13812841000033111,Chlortalidone 12.5mg tablets,0,
AURUM,bp,bp_medication,13813041000033113,Hylaton 50mg tablets (Morningside Healthcare Ltd),0,
AURUM,bp,bp_medication,1387341000033114,Staril 10mg tablets (Bristol-Myers Squibb Pharmaceuticals Ltd),0,
AURUM,bp,bp_medication,1387441000033115,Staril 20mg tablets (Bristol-Myers Squibb Pharmaceuticals Ltd),0,
AURUM,bp,bp_medication,13910541000033116,Metoprolol 25mg tablets,0,
AURUM,bp,bp_medication,1401341000033110,Syscor MR 10 tablets (Forest Laboratories UK Ltd),0,
AURUM,bp,bp_medication,1401441000033116,Syscor MR 20 tablets (Forest Laboratories UK Ltd),0,
AURUM,bp,bp_medication,1401541000033115,Syscor MR 30 tablets (Forest Laboratories UK Ltd),0,
AURUM,bp,bp_medication,14021341000033119,Xaqua 5mg tablets (Renascience Pharma Ltd),0,
AURUM,bp,bp_medication,14040241000033115,Delofine XL 2.5mg tablets (Morningside Healthcare Ltd),0,
AURUM,bp,bp_medication,14040341000033113,Delofine XL 5mg tablets (Morningside Healthcare Ltd),0,
AURUM,bp,bp_medication,14040441000033119,Delofine XL 10mg tablets (Morningside Healthcare Ltd),0,
AURUM,bp,bp_medication,14041000033115,Adalat 10mg capsules (Bayer Plc),0,
AURUM,bp,bp_medication,1406341000033117,Tarka modified-release capsules (Abbott Laboratories Ltd),0,
AURUM,bp,bp_medication,141141000033117,Berkolol  Tablets  160 mg,0,
AURUM,bp,bp_medication,14141000033116,Adalat 5mg capsules (Bayer Plc),0,
AURUM,bp,bp_medication,1414241000033117,Tenben 25mg/1.25mg capsules (Galen Ltd),0,
AURUM,bp,bp_medication,1414941000033114,Tenif 50mg/20mg modified-release capsules (AstraZeneca UK Ltd),0,
AURUM,bp,bp_medication,1420741000033114,Tenormin 5mg/10ml solution for injection ampoules (AstraZeneca UK Ltd),0,
AURUM,bp,bp_medication,1421241000033110,Tensipine MR 10 tablets (Genus Pharmaceuticals Ltd),0,
AURUM,bp,bp_medication,1421341000033117,Tensipine MR 20 tablets (Genus Pharmaceuticals Ltd),0,
AURUM,bp,bp_medication,1424541000033110,Tenormin 25mg/5ml syrup (AstraZeneca UK Ltd),0,
AURUM,bp,bp_medication,1425341000033119,Terazosin 2mg tablets,0,
AURUM,bp,bp_medication,1425441000033113,Tenchlor 50mg/12.5mg tablets (Teva UK Ltd),0,
AURUM,bp,bp_medication,1425541000033114,Tenchlor 100mg/25mg tablets (Teva UK Ltd),0,
AURUM,bp,bp_medication,1426241000033117,Tenoret 50mg/12.5mg tablets (AstraZeneca UK Ltd),0,
AURUM,bp,bp_medication,1426341000033110,Tenoretic 100mg/25mg tablets (AstraZeneca UK Ltd),0,
AURUM,bp,bp_medication,1426441000033116,Tenormin 100mg tablets (AstraZeneca UK Ltd),0,
AURUM,bp,bp_medication,1426541000033115,Tenormin LS 50mg tablets (AstraZeneca UK Ltd),0,
AURUM,bp,bp_medication,1428741000033112,Tenormin 25mg tablets (AstraZeneca UK Ltd),0,
AURUM,bp,bp_medication,1429041000033118,Terazosin 10mg tablets,0,
AURUM,bp,bp_medication,1429141000033119,Terazosin 5mg tablets,0,
AURUM,bp,bp_medication,143541000033110,Berkolol  Tablets  10 mg,0,
AURUM,bp,bp_medication,143641000033111,Berkolol  Tablets  40 mg,0,
AURUM,bp,bp_medication,1438341000033113,Timoptol Unit Dose 0.25% ophthalmic solution 0.2ml unit dose (Santen UK Ltd),0,
AURUM,bp,bp_medication,1438441000033119,Timoptol Unit Dose 0.5% ophthalmic solution 0.2ml unit dose (Santen UK Ltd),0,
AURUM,bp,bp_medication,143941000033116,Beta-Cardone 200mg tablets (Advanz Pharma),0,
AURUM,bp,bp_medication,144041000033119,Beta-Cardone 40mg tablets (Focus Pharmaceuticals Ltd),0,
AURUM,bp,bp_medication,144141000033115,Beta-Cardone 80mg tablets (Focus Pharmaceuticals Ltd),0,
AURUM,bp,bp_medication,1441741000033119,Tildiem LA 300 capsules (Sanofi),0,
AURUM,bp,bp_medication,1441841000033112,Tildiem LA 200 capsules (Sanofi),0,
AURUM,bp,bp_medication,1442541000033117,Tildiem S/r tablets 120 mg,0,
AURUM,bp,bp_medication,1442641000033116,Tildiem S/r tablets 90 mg,0,
AURUM,bp,bp_medication,1442741000033113,Tildiem Retard 120mg tablets (Sanofi),0,
AURUM,bp,bp_medication,1442841000033115,Tildiem Retard 90mg tablets (Sanofi),0,
AURUM,bp,bp_medication,144341000033117,Betaloc 100mg tablets (AstraZeneca UK Ltd),0,
AURUM,bp,bp_medication,1443841000033113,Tildiem 60mg modified-release tablets (Sanofi),0,
AURUM,bp,bp_medication,144441000033111,Betaloc 50mg tablets (AstraZeneca UK Ltd),0,
AURUM,bp,bp_medication,1444541000033113,Timolol 10mg tablets,0,
AURUM,bp,bp_medication,144541000033112,Betaloc-SA 200mg tablets (AstraZeneca UK Ltd),0,
AURUM,bp,bp_medication,144741000033116,Betim 10mg tablets (Meda Pharmaceuticals Ltd),0,
AURUM,bp,bp_medication,1449641000033110,Totamol  Tablets  25 mg,0,
AURUM,bp,bp_medication,1449841000033111,Torem 10mg tablets (Mylan),0,
AURUM,bp,bp_medication,1449941000033115,Torem 2.5mg tablets (Mylan),0,
AURUM,bp,bp_medication,1450041000033112,Torem 5mg tablets (Mylan),0,
AURUM,bp,bp_medication,1450141000033111,Torasemide 10mg tablets,0,
AURUM,bp,bp_medication,1450241000033116,Torasemide 2.5mg tablets,0,
AURUM,bp,bp_medication,1450341000033114,Torasemide 5mg tablets,0,
AURUM,bp,bp_medication,1451041000033115,Tolerzide  Tablets,0,
AURUM,bp,bp_medication,1453041000033116,Totamol  Tablets  100 mg,0,
AURUM,bp,bp_medication,1453141000033117,Totamol  Tablets  50 mg,0,
AURUM,bp,bp_medication,1453941000033115,Trandolapril 1mg capsules,0,
AURUM,bp,bp_medication,1454041000033118,Trandolapril 2mg capsules,0,
AURUM,bp,bp_medication,1454141000033119,Trandolapril 500microgram capsules,0,
AURUM,bp,bp_medication,1455341000033115,Triamterene 50mg capsules,0,
AURUM,bp,bp_medication,145541000033111,Betaxolol 20mg tablets,0,
AURUM,bp,bp_medication,1455541000033110,Tritace 1.25mg capsules (Aventis Pharma),0,
AURUM,bp,bp_medication,1455641000033111,Tritace 2.5mg capsules (Sanofi),0,
AURUM,bp,bp_medication,1455741000033119,Tritace 5mg capsules (Sanofi),0,
AURUM,bp,bp_medication,1461441000033115,Trandate 100mg/20ml solution for injection ampoules (Focus Pharmaceuticals Ltd),0,
AURUM,bp,bp_medication,1468141000033118,Triamaxco 50mg/25mg tablets (Ashbourne Pharmaceuticals Ltd),0,
AURUM,bp,bp_medication,1469041000033113,Trandate 100mg tablets (RPH Pharmaceuticals AB),0,
AURUM,bp,bp_medication,1469141000033112,Trandate 200mg tablets (RPH Pharmaceuticals AB),0,
AURUM,bp,bp_medication,1469241000033117,Trandate 400mg tablets (RPH Pharmaceuticals AB),0,
AURUM,bp,bp_medication,1469341000033110,Trandate 50mg tablets (RPH Pharmaceuticals AB),0,
AURUM,bp,bp_medication,1469541000033115,Trasicor  Tablets  160 mg,0,
AURUM,bp,bp_medication,1469641000033119,Trasicor 20mg tablets (Amdipharm Plc),0,
AURUM,bp,bp_medication,1469741000033111,Trasicor 40mg tablets (Amdipharm Plc),0,
AURUM,bp,bp_medication,1469841000033118,Trasicor 80mg tablets (Amdipharm Plc),0,
AURUM,bp,bp_medication,1469941000033114,Trasidrex modified-release tablets (Mercury Pharma Group Ltd),0,
AURUM,bp,bp_medication,1470341000033112,Triam-Co 50mg/25mg tablets (IVAX Pharmaceuticals UK Ltd),0,
AURUM,bp,bp_medication,147141000033111,Berkolol  Tablets  80 mg,0,
AURUM,bp,bp_medication,1489541000033117,Univer 120mg modified-release capsules (Teva UK Ltd),0,
AURUM,bp,bp_medication,1489641000033116,Univer 180mg modified-release capsules (Teva UK Ltd),0,
AURUM,bp,bp_medication,1489741000033113,Univer 240mg modified-release capsules (Teva UK Ltd),0,
AURUM,bp,bp_medication,1495441000033116,Urizide 5mg tablets (Dr Reddy's Laboratories (UK) Ltd),0,
AURUM,bp,bp_medication,1498241000033111,Valsartan 160mg capsules,0,
AURUM,bp,bp_medication,1498341000033118,Valsartan 40mg capsules,0,
AURUM,bp,bp_medication,1498441000033112,Valsartan 80mg capsules,0,
AURUM,bp,bp_medication,1503441000033113,Vascace 5mg tablets (Roche Products Ltd),0,
AURUM,bp,bp_medication,1504641000033112,Vascace 1mg tablets (Roche Products Ltd),0,
AURUM,bp,bp_medication,1504741000033115,Vascace 2.5mg tablets (Roche Products Ltd),0,
AURUM,bp,bp_medication,1504841000033113,Vascace  Tablets  250 micrograms,0,
AURUM,bp,bp_medication,1504941000033117,Vascace 500microgram tablets (Roche Products Ltd),0,
AURUM,bp,bp_medication,1509041000033119,Verapamil 120mg modified-release tablets,0,
AURUM,bp,bp_medication,1509141000033115,Verapamil 240mg modified-release tablets,0,
AURUM,bp,bp_medication,1509841000033114,Verapamil 40mg/5ml oral solution sugar free,0,
AURUM,bp,bp_medication,1511141000033118,Verapamil 120mg modified-release capsules,0,
AURUM,bp,bp_medication,1511241000033113,Verapamil 180mg modified-release capsules,0,
AURUM,bp,bp_medication,1511341000033115,Verapamil 240mg modified-release capsules,0,
AURUM,bp,bp_medication,1511741000033119,Verapamil Hydrochloride  M/R capsules  240 mg,0,
AURUM,bp,bp_medication,1512941000033111,Verapamil 120mg tablets,0,
AURUM,bp,bp_medication,1513041000033118,Verapamil Hydrochloride  Tablets  240 mg,0,
AURUM,bp,bp_medication,1513141000033119,Verapamil 160mg tablets,0,
AURUM,bp,bp_medication,1513241000033114,Verapamil 40mg tablets,0,
AURUM,bp,bp_medication,1513341000033116,Verapamil 80mg tablets,0,
AURUM,bp,bp_medication,151341000033117,Bisoprolol 5mg tablets,0,
AURUM,bp,bp_medication,151441000033111,Bisoprolol Fumarate  Tablets  10 mg,0,
AURUM,bp,bp_medication,1520141000033118,Viazem XL 120mg capsules (Thornton & Ross Ltd),0,
AURUM,bp,bp_medication,1520241000033113,Viazem XL 180mg capsules (Thornton & Ross Ltd),0,
AURUM,bp,bp_medication,1520341000033115,Viazem XL 240mg capsules (Thornton & Ross Ltd),0,
AURUM,bp,bp_medication,1520441000033114,Viazem XL 300mg capsules (Thornton & Ross Ltd),0,
AURUM,bp,bp_medication,1520541000033110,Viazem XL 360mg capsules (Thornton & Ross Ltd),0,
AURUM,bp,bp_medication,1523941000033114,Viskaldix tablets (Advanz Pharma),0,
AURUM,bp,bp_medication,1524041000033111,Visken 5mg tablets (Advanz Pharma),0,
AURUM,bp,bp_medication,1525141000033111,Visken 15mg tablets (Advanz Pharma),0,
AURUM,bp,bp_medication,153441000033112,Blocadren  Tablets  10 mg,0,
AURUM,bp,bp_medication,1543941000033111,Xipamide 20mg tablets,0,
AURUM,bp,bp_medication,1550841000033111,Zanidip 10mg tablets (Recordati Pharmaceuticals Ltd),0,
AURUM,bp,bp_medication,1551841000033118,Zestoretic 10 tablets (Atnahs Pharma UK Ltd),0,
AURUM,bp,bp_medication,1551941000033114,Zestril 10mg tablets (Atnahs Pharma UK Ltd),0,
AURUM,bp,bp_medication,1552041000033115,Zestril 2.5mg tablets (AstraZeneca UK Ltd),0,
AURUM,bp,bp_medication,1552141000033116,Zestril 20mg tablets (Atnahs Pharma UK Ltd),0,
AURUM,bp,bp_medication,1552241000033111,Zestril 5mg tablets (Atnahs Pharma UK Ltd),0,
AURUM,bp,bp_medication,1552341000033118,Zestoretic 20 tablets (Atnahs Pharma UK Ltd),0,
AURUM,bp,bp_medication,1570441000033110,Angitil XL 240 capsules (Ethypharm UK Ltd),0,
AURUM,bp,bp_medication,1570541000033111,Angitil XL 300 capsules (Ethypharm UK Ltd),0,
AURUM,bp,bp_medication,1572241000033113,Atenamin  Tablets  100 mg,0,
AURUM,bp,bp_medication,1572341000033115,Atenamin  Tablets  25 mg,0,
AURUM,bp,bp_medication,1572441000033114,Atenamin  Tablets  50 mg,0,
AURUM,bp,bp_medication,158041000033114,Brevibloc Concentrate 2.5g/10ml solution for infusion ampoules (Baxter Healthcare Ltd),0,
AURUM,bp,bp_medication,1580841000033116,Cardilate MR 10mg tablets (Teva UK Ltd),0,
AURUM,bp,bp_medication,1581241000033110,Carvedilol 3.125mg tablets,0,
AURUM,bp,bp_medication,1581341000033117,Carvedilol 6.25mg tablets,0,
AURUM,bp,bp_medication,1602341000033116,Dilcardia SR 120mg capsules (Mylan),0,
AURUM,bp,bp_medication,1602441000033110,Dilcardia SR 60mg capsules (Mylan),0,
AURUM,bp,bp_medication,1602541000033111,Dilcardia SR 90mg capsules (Mylan),0,
AURUM,bp,bp_medication,1608941000033115,Eucardic 3.125mg tablets (Roche Products Ltd),0,
AURUM,bp,bp_medication,1609041000033112,Eucardic 6.25mg tablets (Roche Products Ltd),0,
AURUM,bp,bp_medication,1611441000033117,Froop Co 5mg/40mg tablets (Ashbourne Pharmaceuticals Ltd),0,
AURUM,bp,bp_medication,1622041000033110,Kaplon 12.5mg tablets (Teva UK Ltd),0,
AURUM,bp,bp_medication,1622141000033114,Kaplon 25mg tablets (Teva UK Ltd),0,
AURUM,bp,bp_medication,1622241000033119,Kaplon 50mg tablets (Teva UK Ltd),0,
AURUM,bp,bp_medication,1661641000033116,Optil 60mg modified-release tablets (Opus Pharmaceuticals Ltd),0,
AURUM,bp,bp_medication,169041000033112,Bumetanide 1mg/5ml oral solution sugar free,0,
AURUM,bp,bp_medication,1697641000033111,Slofedipine 20mg tablets (Sterwin Medicines),0,
AURUM,bp,bp_medication,17141000033112,Adalat LA 30mg tablets (Bayer Plc),0,
AURUM,bp,bp_medication,172341000033112,Burinex A 5mg/1mg tablets (LEO Pharma),0,
AURUM,bp,bp_medication,17241000033117,Adalat LA 60mg tablets (Bayer Plc),0,
AURUM,bp,bp_medication,172441000033118,Bumetanide 1mg tablets,0,
AURUM,bp,bp_medication,1724941000033113,Coracten XL 30mg capsules (UCB Pharma Ltd),0,
AURUM,bp,bp_medication,1725041000033113,Coracten XL 60mg capsules (UCB Pharma Ltd),0,
AURUM,bp,bp_medication,172541000033117,Bumetanide 5mg tablets,0,
AURUM,bp,bp_medication,172741000033113,Burinex 1mg tablets (LEO Pharma),0,
AURUM,bp,bp_medication,1727641000033113,Dilcardia Xl  M/R capsules  120 mg,0,
AURUM,bp,bp_medication,1727741000033116,Dilcardia Xl  M/R capsules  180 mg,0,
AURUM,bp,bp_medication,1727841000033114,Dilcardia Xl  M/R capsules  240 mg,0,
AURUM,bp,bp_medication,172841000033115,Burinex 5mg tablets (LEO Pharma),0,
AURUM,bp,bp_medication,172941000033111,Burinex K modified-release tablets (LEO Pharma),0,
AURUM,bp,bp_medication,1731541000033115,Frusol 20mg/5ml oral solution (Rosemont Pharmaceuticals Ltd),0,
AURUM,bp,bp_medication,1731641000033119,Frusol 40mg/5ml oral solution (Rosemont Pharmaceuticals Ltd),0,
AURUM,bp,bp_medication,1731741000033111,Frusol 50mg/5ml oral solution (Rosemont Pharmaceuticals Ltd),0,
AURUM,bp,bp_medication,17341000033110,Adizem-SR 120mg capsules (Napp Pharmaceuticals Ltd),0,
AURUM,bp,bp_medication,1739741000033112,Imidapril 10mg tablets,0,
AURUM,bp,bp_medication,1739841000033119,Imidapril 5mg tablets,0,
AURUM,bp,bp_medication,17441000033116,Adizem-SR 180mg capsules (Napp Pharmaceuticals Ltd),0,
AURUM,bp,bp_medication,1745041000033110,Nifedipress MR 10 tablets (Dexcel-Pharma Ltd),0,
AURUM,bp,bp_medication,1745141000033114,Nifedipress MR 20 tablets (Dexcel-Pharma Ltd),0,
AURUM,bp,bp_medication,1747041000033116,Optil Sr 90  M/R capsules  90 mg,0,
AURUM,bp,bp_medication,1747141000033117,Optil Sr 120  M/R capsules  120 mg,0,
AURUM,bp,bp_medication,1747241000033112,Optil Sr 180  M/R capsules  180 mg,0,
AURUM,bp,bp_medication,1747341000033119,Optil Xl 240  M/R capsules  240 mg,0,
AURUM,bp,bp_medication,1747441000033113,Optil Xl 300  M/R capsules  300 mg,0,
AURUM,bp,bp_medication,1750241000033113,Propranolol 40mg/5ml oral solution,0,
AURUM,bp,bp_medication,1752941000033115,Slofedipine XL 30mg tablets (Zentiva),0,
AURUM,bp,bp_medication,1753041000033113,Slofedipine XL 60 tablets (Zentiva),0,
AURUM,bp,bp_medication,1753841000033118,Tanatril 10mg tablets (Northumbria Pharma Ltd),0,
AURUM,bp,bp_medication,1753941000033114,Tanatril 5mg tablets (Northumbria Pharma Ltd),0,
AURUM,bp,bp_medication,17541000033115,Adizem-Sr  M/R capsules  300 mg,0,
AURUM,bp,bp_medication,1754841000033116,Vertab SR 240 tablets (Chiesi Ltd),0,
AURUM,bp,bp_medication,17641000033119,Adizem-SR 90mg capsules (Napp Pharmaceuticals Ltd),0,
AURUM,bp,bp_medication,1766341000033113,Adalat LA 20mg tablets (Bayer Plc),0,
AURUM,bp,bp_medication,176741000033114,Cardene 20mg capsules (Astellas Pharma Ltd),0,
AURUM,bp,bp_medication,176841000033116,Cardene 30mg capsules (Astellas Pharma Ltd),0,
AURUM,bp,bp_medication,1769841000033111,Ramipril 10mg capsules,0,
AURUM,bp,bp_medication,1769941000033115,Tritace 10mg capsules (Sanofi),0,
AURUM,bp,bp_medication,177241000033117,Cardene  Capsules,0,
AURUM,bp,bp_medication,17741000033111,Adizem-XL 120mg capsules (Napp Pharmaceuticals Ltd),0,
AURUM,bp,bp_medication,1778741000033118,Nifedipine 30mg modified-release capsules,0,
AURUM,bp,bp_medication,1778841000033111,Nifedipine 60mg modified-release capsules,0,
AURUM,bp,bp_medication,17841000033118,Adizem-XL 180mg capsules (Napp Pharmaceuticals Ltd),0,
AURUM,bp,bp_medication,17941000033114,Adizem-XL 240mg capsules (Napp Pharmaceuticals Ltd),0,
AURUM,bp,bp_medication,1796041000033113,Nebivolol 5mg tablets,0,
AURUM,bp,bp_medication,1796141000033112,Nebilet 5mg tablets (A. Menarini Farmaceutica Internazionale SRL),0,
AURUM,bp,bp_medication,1800341000033113,Diltiazem 360mg modified-release capsules,0,
AURUM,bp,bp_medication,18041000033112,Adizem-XL 300mg capsules (Napp Pharmaceuticals Ltd),0,
AURUM,bp,bp_medication,1820441000033113,Adipine LA 60  M/R tablets  60 mg,0,
AURUM,bp,bp_medication,1820541000033114,Adipine LA 30  M/R tablets  30 mg,0,
AURUM,bp,bp_medication,18241000033116,Adipine MR 20 tablets (Chiesi Ltd),0,
AURUM,bp,bp_medication,1833041000033110,Zemtard 120 XL capsules (Galen Ltd),0,
AURUM,bp,bp_medication,1833141000033114,Zemtard 180 XL capsules (Galen Ltd),0,
AURUM,bp,bp_medication,1833241000033119,Zemtard 240 XL capsules (Galen Ltd),0,
AURUM,bp,bp_medication,1833341000033112,Zemtard 300 XL capsules (Galen Ltd),0,
AURUM,bp,bp_medication,1833541000033117,Verapress MR 240mg tablets (Dexcel-Pharma Ltd),0,
AURUM,bp,bp_medication,18341000033114,Adipine MR 10 tablets (Chiesi Ltd),0,
AURUM,bp,bp_medication,1834241000033117,Triapin Mite  Tablets,0,
AURUM,bp,bp_medication,1834341000033110,Triapin 5mg/5mg modified-release tablets (Sanofi),0,
AURUM,bp,bp_medication,18441000033115,Adizem-Xl Plus  M/R capsules,0,
AURUM,bp,bp_medication,1845641000033119,Amiloride 5mg / Bumetanide 1mg tablets,0,
AURUM,bp,bp_medication,1845741000033111,Bumetanide 500microgram / Potassium chloride 573mg (potassium 7.7mmol) modified-release tablets,0,
AURUM,bp,bp_medication,1849541000033118,Telmisartan 40mg tablets,0,
AURUM,bp,bp_medication,1849641000033117,Telmisartan 80mg tablets,0,
AURUM,bp,bp_medication,1893141000033119,Co-zidocapt 12.5mg/25mg tablets,0,
AURUM,bp,bp_medication,1893241000033114,Co-zidocapt 25mg/50mg tablets,0,
AURUM,bp,bp_medication,1903541000033116,Amiloride 2.5mg / Cyclopenthiazide 250microgram tablets,0,
AURUM,bp,bp_medication,1918641000033112,Pralenal 2.5 tablets (Opus Pharmaceuticals Ltd),0,
AURUM,bp,bp_medication,1918741000033115,Pralenal 5 tablets (Opus Pharmaceuticals Ltd),0,
AURUM,bp,bp_medication,1918841000033113,Pralenal 10 tablets (Opus Pharmaceuticals Ltd),0,
AURUM,bp,bp_medication,1918941000033117,Pralenal 20 tablets (Opus Pharmaceuticals Ltd),0,
AURUM,bp,bp_medication,19341000033119,Adalat retard 20mg tablets (Bayer Plc),0,
AURUM,bp,bp_medication,19441000033113,Adalat retard 10mg tablets (Bayer Plc),0,
AURUM,bp,bp_medication,1951641000033111,Bisoprolol 1.25mg tablets,0,
AURUM,bp,bp_medication,1951741000033119,Bisoprolol 2.5mg tablets,0,
AURUM,bp,bp_medication,1951841000033112,Bisoprolol 3.75mg tablets,0,
AURUM,bp,bp_medication,1951941000033116,Bisoprolol 7.5mg tablets,0,
AURUM,bp,bp_medication,1952241000033119,Cardicor 1.25mg tablets (Merck Serono Ltd),0,
AURUM,bp,bp_medication,1952341000033112,Cardicor 2.5mg tablets (Merck Serono Ltd),0,
AURUM,bp,bp_medication,1952441000033118,Cardicor 3.75mg tablets (Merck Serono Ltd),0,
AURUM,bp,bp_medication,1952541000033117,Cardicor 5mg tablets (Merck Serono Ltd),0,
AURUM,bp,bp_medication,1952641000033116,Cardicor 7.5mg tablets (Merck Serono Ltd),0,
AURUM,bp,bp_medication,1952741000033113,Cardicor 10mg tablets (Merck Serono Ltd),0,
AURUM,bp,bp_medication,19541000033114,Adizem-Sr  Tablets  60 mg,0,
AURUM,bp,bp_medication,19641000033110,Adizem-SR 120mg tablets (Napp Pharmaceuticals Ltd),0,
AURUM,bp,bp_medication,198941000033118,Cardene SR 30mg capsules (Astellas Pharma Ltd),0,
AURUM,bp,bp_medication,199041000033110,Cardene SR 45mg capsules (Astellas Pharma Ltd),0,
AURUM,bp,bp_medication,199141000033114,Cardilate MR 20mg tablets (IVAX Pharmaceuticals UK Ltd),0,
AURUM,bp,bp_medication,199241000033119,Calcicard CR 120mg tablets (Teva UK Ltd),0,
AURUM,bp,bp_medication,199341000033112,Calcicard CR 90mg tablets (Teva UK Ltd),0,
AURUM,bp,bp_medication,2011541000033114,Spironolactone 100mg/5ml oral suspension,0,
AURUM,bp,bp_medication,2036341000033115,Eprosartan 300mg tablets,0,
AURUM,bp,bp_medication,2036441000033114,Eprosartan 400mg tablets,0,
AURUM,bp,bp_medication,2036541000033110,Eprosartan 600mg tablets,0,
AURUM,bp,bp_medication,2040841000033113,Teveten 300mg tablets (Viatris UK Healthcare Ltd),0,
AURUM,bp,bp_medication,2040941000033117,Teveten 400mg tablets (Abbott Healthcare Products Ltd),0,
AURUM,bp,bp_medication,2041041000033110,Teveten 600mg tablets (Viatris UK Healthcare Ltd),0,
AURUM,bp,bp_medication,2051241000033116,Coroday MR 20mg tablets (Mylan),0,
AURUM,bp,bp_medication,208841000033114,Carteolol Hydrochloride  Tablets  10 mg,0,
AURUM,bp,bp_medication,209241000033119,Capozide LS 12.5mg/25mg tablets (Bristol-Myers Squibb Pharmaceuticals Ltd),0,
AURUM,bp,bp_medication,209841000033115,Carace 10 Plus tablets (Organon Pharma (UK) Ltd),0,
AURUM,bp,bp_medication,209941000033111,Carvedilol 12.5mg tablets,0,
AURUM,bp,bp_medication,210041000033115,Carvedilol 25mg tablets,0,
AURUM,bp,bp_medication,210141000033116,Carvedilol  Tablets  50 mg,0,
AURUM,bp,bp_medication,2101641000033119,Amilamont 5mg/5ml oral solution sugar free (Rosemont Pharmaceuticals Ltd),0,
AURUM,bp,bp_medication,210241000033111,Calanif  Capsules  10 mg,0,
AURUM,bp,bp_medication,210341000033118,Calanif  Capsules  5 mg,0,
AURUM,bp,bp_medication,2104741000033113,Ethimil MR 240mg tablets (Genus Pharmaceuticals Ltd),0,
AURUM,bp,bp_medication,210541000033113,Captopril  Tablets  1 mg,0,
AURUM,bp,bp_medication,210741000033117,Captopril  Tablets  2 mg,0,
AURUM,bp,bp_medication,211541000033119,Candesartan 16mg tablets,0,
AURUM,bp,bp_medication,211641000033118,Candesartan 2mg tablets,0,
AURUM,bp,bp_medication,211741000033110,Candesartan 4mg tablets,0,
AURUM,bp,bp_medication,211841000033117,Candesartan 8mg tablets,0,
AURUM,bp,bp_medication,2129041000033118,Cordilox MR 240mg tablets (Teva UK Ltd),0,
AURUM,bp,bp_medication,213441000033119,Captopril 12.5mg tablets,0,
AURUM,bp,bp_medication,214141000033113,Capoten 12.5mg tablets (Bristol-Myers Squibb Pharmaceuticals Ltd),0,
AURUM,bp,bp_medication,214241000033118,Capoten 25mg tablets (Bristol-Myers Squibb Pharmaceuticals Ltd),0,
AURUM,bp,bp_medication,214341000033111,Capoten 50mg tablets (Bristol-Myers Squibb Pharmaceuticals Ltd),0,
AURUM,bp,bp_medication,214441000033117,Captopril 25mg tablets,0,
AURUM,bp,bp_medication,214541000033116,Captopril 50mg tablets,0,
AURUM,bp,bp_medication,2145741000033116,Tanatril 20mg tablets (Northumbria Pharma Ltd),0,
AURUM,bp,bp_medication,2145841000033114,Imidapril 20mg tablets,0,
AURUM,bp,bp_medication,215941000033111,Carace 10mg tablets (Bristol-Myers Squibb Pharmaceuticals Ltd),0,
AURUM,bp,bp_medication,216041000033118,Carace 2.5mg tablets (Bristol-Myers Squibb Pharmaceuticals Ltd),0,
AURUM,bp,bp_medication,216141000033119,Carace 20mg tablets (Bristol-Myers Squibb Pharmaceuticals Ltd),0,
AURUM,bp,bp_medication,216241000033114,Carace 5mg tablets (Bristol-Myers Squibb Pharmaceuticals Ltd),0,
AURUM,bp,bp_medication,216441000033110,Capozide 25mg/50mg tablets (Bristol-Myers Squibb Pharmaceuticals Ltd),0,
AURUM,bp,bp_medication,216641000033112,Calcicard  Tablets  60 mg,0,
AURUM,bp,bp_medication,216741000033115,Cardura 1mg tablets (Viatris UK Healthcare Ltd),0,
AURUM,bp,bp_medication,216841000033113,Cardura 2mg tablets (Viatris UK Healthcare Ltd),0,
AURUM,bp,bp_medication,217041000033116,Carace 20 Plus tablets (Organon Pharma (UK) Ltd),0,
AURUM,bp,bp_medication,218141000033118,Cartrol  Tablets  10 mg,0,
AURUM,bp,bp_medication,2189541000033117,Nifopress Retard 20mg tablets (Advanz Pharma),0,
AURUM,bp,bp_medication,2216141000033115,CoAprovel 150mg/12.5mg tablets (Sanofi),0,
AURUM,bp,bp_medication,2216241000033110,CoAprovel 300mg/12.5mg tablets (Sanofi),0,
AURUM,bp,bp_medication,2261241000033118,Slozem 300mg capsules (Merck Serono Ltd),0,
AURUM,bp,bp_medication,2267441000033110,Syprol 5mg/5ml oral solution (Rosemont Pharmaceuticals Ltd),0,
AURUM,bp,bp_medication,2267541000033111,Syprol 10mg/5ml oral solution (Rosemont Pharmaceuticals Ltd),0,
AURUM,bp,bp_medication,2267641000033112,Syprol 50mg/5ml oral solution (Rosemont Pharmaceuticals Ltd),0,
AURUM,bp,bp_medication,2272641000033119,Telmisartan 20mg tablets,0,
AURUM,bp,bp_medication,2273841000033111,Doxazosin 4mg modified-release tablets,0,
AURUM,bp,bp_medication,2273941000033115,Doxazosin 8mg modified-release tablets,0,
AURUM,bp,bp_medication,2274041000033118,Cardura XL 4mg tablets (Viatris UK Healthcare Ltd),0,
AURUM,bp,bp_medication,2274141000033119,Cardura XL 8mg tablets (Viatris UK Healthcare Ltd),0,
AURUM,bp,bp_medication,2295641000033116,Calchan MR 10 tablets (Ranbaxy (UK) Ltd),0,
AURUM,bp,bp_medication,2295741000033113,Calchan MR 20 tablets (Ranbaxy (UK) Ltd),0,
AURUM,bp,bp_medication,233241000033114,Celectol 400mg tablets (Sanofi),0,
AURUM,bp,bp_medication,233341000033116,Celiprolol 400mg tablets,0,
AURUM,bp,bp_medication,234841000033110,Centyl K modified-release tablets (LEO Pharma),0,
AURUM,bp,bp_medication,236041000033111,Celiprolol 200mg tablets,0,
AURUM,bp,bp_medication,236141000033110,Celectol 200mg tablets (Sanofi),0,
AURUM,bp,bp_medication,258141000033110,Cilazapril 1mg tablets,0,
AURUM,bp,bp_medication,258241000033115,Cilazapril 2.5mg tablets,0,
AURUM,bp,bp_medication,258341000033113,Cilazapril  Tablets  250 micrograms,0,
AURUM,bp,bp_medication,258441000033119,Cilazapril 500microgram tablets,0,
AURUM,bp,bp_medication,258641000033117,Cilazapril 5mg tablets,0,
AURUM,bp,bp_medication,2616041000033116,Metoprolol 12.5mg/5ml oral solution,0,
AURUM,bp,bp_medication,2638041000033110,Bipranix 5mg tablets (Ashbourne Pharmaceuticals Ltd),0,
AURUM,bp,bp_medication,2638141000033114,Bipranix 10mg tablets (Ashbourne Pharmaceuticals Ltd),0,
AURUM,bp,bp_medication,2639341000033117,Nifedipine 20mg/ml oral drops,0,
AURUM,bp,bp_medication,2641041000033116,Zolvera 40mg/5ml oral solution (Rosemont Pharmaceuticals Ltd),0,
AURUM,bp,bp_medication,2653341000033118,Adizem-XL 200mg capsules (Napp Pharmaceuticals Ltd),0,
AURUM,bp,bp_medication,2656341000033110,Captopril 5mg/5ml oral suspension,0,
AURUM,bp,bp_medication,2674841000033110,Disogram SR 60mg capsules (Ranbaxy (UK) Ltd),0,
AURUM,bp,bp_medication,2674941000033119,Disogram SR 90mg capsules (Ranbaxy (UK) Ltd),0,
AURUM,bp,bp_medication,2675041000033119,Disogram SR 120mg capsules (Ranbaxy (UK) Ltd),0,
AURUM,bp,bp_medication,2675341000033117,Disogram SR 180mg capsules (Ranbaxy (UK) Ltd),0,
AURUM,bp,bp_medication,2675641000033113,Disogram SR 240mg capsules (Ranbaxy (UK) Ltd),0,
AURUM,bp,bp_medication,2676041000033111,Disogram SR 300mg capsules (Ranbaxy (UK) Ltd),0,
AURUM,bp,bp_medication,2711841000033114,Bedranol SR 80mg capsules (Sandoz Ltd),0,
AURUM,bp,bp_medication,2719841000033113,Captopril 20mg/5ml oral suspension,0,
AURUM,bp,bp_medication,2720141000033115,Losartan 100mg tablets,0,
AURUM,bp,bp_medication,2720241000033110,Cozaar 100mg tablets (Organon Pharma (UK) Ltd),0,
AURUM,bp,bp_medication,2724541000033115,"Ramipril  Titration pack  7 x 2.5 mg, 21 x 5 mg, 7 x 10 mg",0,
AURUM,bp,bp_medication,2724641000033119,Tritace titration pack capsules (Sanofi),0,
AURUM,bp,bp_medication,2739041000033110,Horizem SR 120mg capsules (Horizon lifecare),0,
AURUM,bp,bp_medication,2739141000033114,Horizem SR 90mg capsules (Horizon lifecare),0,
AURUM,bp,bp_medication,2739541000033117,Coversyl Plus tablets (Servier Laboratories Ltd),0,
AURUM,bp,bp_medication,2746441000033111,Hydrochlorothiazide 50mg/5ml oral solution,0,
AURUM,bp,bp_medication,2757941000033118,Phenoxybenzamine 25mg/5ml oral suspension,0,
AURUM,bp,bp_medication,2760041000033110,Cascor 2mg tablets (Ranbaxy (UK) Ltd),0,
AURUM,bp,bp_medication,2760141000033114,Cascor 4mg tablets (Ranbaxy (UK) Ltd),0,
AURUM,bp,bp_medication,2776541000033111,Hypolar XL 30 tablets (Sandoz Ltd),0,
AURUM,bp,bp_medication,2779141000033112,Bi-Carzem SR 60mg capsules (Tillomed Laboratories Ltd),0,
AURUM,bp,bp_medication,2779241000033117,Bi-Carzem SR 90mg capsules (Tillomed Laboratories Ltd),0,
AURUM,bp,bp_medication,2779341000033110,Bi-Carzem SR 120mg capsules (Tillomed Laboratories Ltd),0,
AURUM,bp,bp_medication,2801941000033119,Soloc 5mg tablets (Mercury Pharma Group Ltd),0,
AURUM,bp,bp_medication,2802041000033113,Soloc 10mg tablets (Mercury Pharma Group Ltd),0,
AURUM,bp,bp_medication,2839841000033118,Rapranol SR 160mg capsules (Ranbaxy (UK) Ltd),0,
AURUM,bp,bp_medication,2839941000033114,Rapranol SR 80mg capsules (Ranbaxy (UK) Ltd),0,
AURUM,bp,bp_medication,2845841000033119,Ranvera MR 240mg tablets (Ranbaxy (UK) Ltd),0,
AURUM,bp,bp_medication,2846641000033111,Coversyl 8mg tablets (Servier Laboratories Ltd),0,
AURUM,bp,bp_medication,2846741000033119,Perindopril erbumine 8mg tablets,0,
AURUM,bp,bp_medication,2866041000033110,Vivacor 5mg tablets (Lexon (UK) Ltd),0,
AURUM,bp,bp_medication,2866141000033114,Vivacor 10mg tablets (Lexon (UK) Ltd),0,
AURUM,bp,bp_medication,2883341000033118,Ramipril 5mg/5ml oral suspension,0,
AURUM,bp,bp_medication,2890641000033116,Vera-Til SR 120mg tablets (Tillomed Laboratories Ltd),0,
AURUM,bp,bp_medication,2890741000033113,Vera-Til SR 240mg tablets (Tillomed Laboratories Ltd),0,
AURUM,bp,bp_medication,2908541000033114,Sotalol 40mg/4ml solution for injection ampoules,0,
AURUM,bp,bp_medication,2928341000033114,Tensopril 12.5mg tablets (Teva UK Ltd),0,
AURUM,bp,bp_medication,2928441000033115,Tensopril 25mg tablets (Teva UK Ltd),0,
AURUM,bp,bp_medication,2928541000033119,Tensopril 50mg tablets (Teva UK Ltd),0,
AURUM,bp,bp_medication,2928841000033117,Cabren 2.5mg modified-release tablets (Teva UK Ltd),0,
AURUM,bp,bp_medication,2928941000033113,Cabren 5mg modified-release tablets (Teva UK Ltd),0,
AURUM,bp,bp_medication,2929041000033116,Cabren 10mg modified-release tablets (Teva UK Ltd),0,
AURUM,bp,bp_medication,2929141000033117,Slo-Pro 160mg capsules (Mylan),0,
AURUM,bp,bp_medication,2944541000033111,Olmesartan medoxomil 10mg tablets,0,
AURUM,bp,bp_medication,2944641000033112,Olmesartan medoxomil 20mg tablets,0,
AURUM,bp,bp_medication,2944741000033115,Olmesartan medoxomil 40mg tablets,0,
AURUM,bp,bp_medication,2944841000033113,Olmetec 10mg tablets (Daiichi Sankyo UK Ltd),0,
AURUM,bp,bp_medication,2944941000033117,Olmetec 20mg tablets (Daiichi Sankyo UK Ltd),0,
AURUM,bp,bp_medication,2945041000033117,Olmetec 40mg tablets (Daiichi Sankyo UK Ltd),0,
AURUM,bp,bp_medication,2945841000033112,Ecopace 12.5mg tablets (Advanz Pharma),0,
AURUM,bp,bp_medication,2945941000033116,Ecopace 25mg tablets (Advanz Pharma),0,
AURUM,bp,bp_medication,2946041000033114,Ecopace 50mg tablets (Advanz Pharma),0,
AURUM,bp,bp_medication,2952241000033115,Zildil SR 60mg capsules (Healthcare Pharma Ltd),0,
AURUM,bp,bp_medication,2952341000033113,Zildil 90mg modified-release capsules (Healthcare Pharma Ltd),0,
AURUM,bp,bp_medication,2952441000033119,Zildil SR 120mg capsules (Healthcare Pharma Ltd),0,
AURUM,bp,bp_medication,2955041000033115,Valni 20 Retard tablets (Tillomed Laboratories Ltd),0,
AURUM,bp,bp_medication,2955141000033116,Zemret 180 XL capsules (Tillomed Laboratories Ltd),0,
AURUM,bp,bp_medication,2955241000033111,Zemret 240 XL capsules (Tillomed Laboratories Ltd),0,
AURUM,bp,bp_medication,2955341000033118,Zemret 300 XL capsules (Tillomed Laboratories Ltd),0,
AURUM,bp,bp_medication,2955741000033117,Synuretic 50 tablets (Dr Reddy's Laboratories (UK) Ltd),0,
AURUM,bp,bp_medication,2955841000033110,Synuretic 25 tablets (Dr Reddy's Laboratories (UK) Ltd),0,
AURUM,bp,bp_medication,2955941000033119,Urizide 2.5mg tablets (Dr Reddy's Laboratories (UK) Ltd),0,
AURUM,bp,bp_medication,2956041000033112,Amoride 5mg tablets (Dr Reddy's Laboratories (UK) Ltd),0,
AURUM,bp,bp_medication,2957941000033110,Doxadura 1mg tablets (Dexcel-Pharma Ltd),0,
AURUM,bp,bp_medication,2958041000033113,Doxadura 2mg tablets (Dexcel-Pharma Ltd),0,
AURUM,bp,bp_medication,2958141000033112,Doxadura 4mg tablets (Dexcel-Pharma Ltd),0,
AURUM,bp,bp_medication,2979941000033119,Felotens XL 5mg tablets (Thornton & Ross Ltd),0,
AURUM,bp,bp_medication,2980041000033115,Felotens XL 10mg tablets (Thornton & Ross Ltd),0,
AURUM,bp,bp_medication,2989541000033115,Ramipril 1.25mg tablets,0,
AURUM,bp,bp_medication,2989641000033119,Ramipril 2.5mg tablets,0,
AURUM,bp,bp_medication,2989741000033111,Ramipril 5mg tablets,0,
AURUM,bp,bp_medication,2989841000033118,Ramipril 10mg tablets,0,
AURUM,bp,bp_medication,2989941000033114,Tritace 1.25mg tablets (Sanofi),0,
AURUM,bp,bp_medication,2990041000033116,Tritace 2.5mg tablets (Sanofi),0,
AURUM,bp,bp_medication,2990141000033117,Tritace 5mg tablets (Sanofi),0,
AURUM,bp,bp_medication,2990241000033112,Tritace 10mg tablets (Sanofi),0,
AURUM,bp,bp_medication,3012741000033115,Captopril 25mg/5ml oral solution,0,
AURUM,bp,bp_medication,3014741000033111,Trandolapril 4mg capsules,0,
AURUM,bp,bp_medication,3014841000033118,Gopten 4mg capsules (Abbott Laboratories Ltd),0,
AURUM,bp,bp_medication,3034341000033117,Vascalpha 5mg modified-release tablets (Accord Healthcare Ltd),0,
AURUM,bp,bp_medication,3034441000033111,Vascalpha 10mg modified-release tablets (Accord Healthcare Ltd),0,
AURUM,bp,bp_medication,3038041000033111,Amlodipine 5mg tablets,0,
AURUM,bp,bp_medication,3038141000033110,Amlodipine 10mg tablets,0,
AURUM,bp,bp_medication,3041000033115,Acebutolol 100mg capsules,0,
AURUM,bp,bp_medication,3083141000033112,Bendroflumethiazide 2.5mg tablets,0,
AURUM,bp,bp_medication,3083241000033117,Bendroflumethiazide 5mg tablets,0,
AURUM,bp,bp_medication,3086241000033111,Chlortalidone 50mg tablets,0,
AURUM,bp,bp_medication,3136041000033117,Caralpha 10mg/12.5mg tablets (Actavis UK Ltd),0,
AURUM,bp,bp_medication,3136141000033118,Caralpha 20mg/12.5mg tablets (Actavis UK Ltd),0,
AURUM,bp,bp_medication,3141000033116,Acebutolol 200mg capsules,0,
AURUM,bp,bp_medication,3151841000033117,Bendroflumethiazide 2.5mg/5ml oral suspension,0,
AURUM,bp,bp_medication,3152141000033115,Lisinopril 5mg/5ml oral suspension,0,
AURUM,bp,bp_medication,3152541000033112,Co-Diovan 160mg/12.5mg tablets (Novartis Pharmaceuticals UK Ltd),0,
AURUM,bp,bp_medication,3152641000033113,Co-Diovan 160mg/25mg tablets (Novartis Pharmaceuticals UK Ltd),0,
AURUM,bp,bp_medication,3154841000033119,Cardioplen XL 5mg tablets (Chiesi Ltd),0,
AURUM,bp,bp_medication,3154941000033110,Cardioplen XL 10mg tablets (Chiesi Ltd),0,
AURUM,bp,bp_medication,3159741000033111,Lopace 2.5mg capsules (Discovery Pharmaceuticals),0,
AURUM,bp,bp_medication,3159841000033118,Lopace 5mg capsules (Discovery Pharmaceuticals),0,
AURUM,bp,bp_medication,3159941000033114,Lopace 10mg capsules (Discovery Pharmaceuticals),0,
AURUM,bp,bp_medication,3160641000033118,Quinapril 10mg / Hydrochlorothiazide 12.5mg tablets,0,
AURUM,bp,bp_medication,3160841000033117,Lisinopril 10mg / Hydrochlorothiazide 12.5mg tablets,0,
AURUM,bp,bp_medication,3160941000033113,Lisinopril 20mg / Hydrochlorothiazide 12.5mg tablets,0,
AURUM,bp,bp_medication,3161041000033115,Bendroflumethiazide 2.5mg / Potassium chloride 573mg (potassium 7.7mmol) modified-release tablets,0,
AURUM,bp,bp_medication,3161141000033116,Irbesartan 150mg / Hydrochlorothiazide 12.5mg tablets,0,
AURUM,bp,bp_medication,3161241000033111,Irbesartan 300mg / Hydrochlorothiazide 12.5mg tablets,0,
AURUM,bp,bp_medication,3161341000033118,Metoprolol 100mg / Hydrochlorothiazide 12.5mg tablets,0,
AURUM,bp,bp_medication,3161441000033112,Valsartan 160mg / Hydrochlorothiazide 12.5mg tablets,0,
AURUM,bp,bp_medication,3161541000033113,Valsartan 160mg / Hydrochlorothiazide 25mg tablets,0,
AURUM,bp,bp_medication,3161641000033114,Perindopril erbumine 4mg / Indapamide 1.25mg tablets,0,
AURUM,bp,bp_medication,3161741000033117,Losartan 50mg / Hydrochlorothiazide 12.5mg tablets,0,
AURUM,bp,bp_medication,3161941000033119,Triamterene 50mg / Benzthiazide 25mg capsules,0,
AURUM,bp,bp_medication,3162241000033117,Enalapril 20mg / Hydrochlorothiazide 12.5mg tablets,0,
AURUM,bp,bp_medication,3162341000033110,Triamterene 50mg / Chlortalidone 50mg tablets,0,
AURUM,bp,bp_medication,3162641000033119,Telmisartan 40mg / Hydrochlorothiazide 12.5mg tablets,0,
AURUM,bp,bp_medication,3162741000033111,Telmisartan 80mg / Hydrochlorothiazide 12.5mg tablets,0,
AURUM,bp,bp_medication,3162841000033118,Bendroflumethiazide 2.5mg / Potassium chloride 630mg (potassium 8.4mmol) modified-release tablets,0,
AURUM,bp,bp_medication,3162941000033114,Acebutolol 200mg / Hydrochlorothiazide 12.5mg tablets,0,
AURUM,bp,bp_medication,3163041000033116,Verapamil 180mg modified-release / Trandolapril 2mg capsules,0,
AURUM,bp,bp_medication,3163141000033117,Pindolol 10mg / Clopamide 5mg tablets,0,
AURUM,bp,bp_medication,3163241000033112,Felodipine 5mg modified-release / Ramipril 5mg tablets,0,
AURUM,bp,bp_medication,3163341000033119,Felodipine 2.5mg modified-release / Ramipril 2.5mg tablets,0,
AURUM,bp,bp_medication,3177441000033110,Felogen XL 5mg tablets (Mylan),0,
AURUM,bp,bp_medication,3177541000033111,Felogen XL 10mg tablets (Mylan),0,
AURUM,bp,bp_medication,3188741000033111,Amlostin 5mg tablets (Discovery Pharmaceuticals),0,
AURUM,bp,bp_medication,3188841000033118,Amlostin 10mg tablets (Discovery Pharmaceuticals),0,
AURUM,bp,bp_medication,3190741000033112,Valsartan 80mg / Hydrochlorothiazide 12.5mg tablets,0,
AURUM,bp,bp_medication,3190841000033119,Co-Diovan 80mg/12.5mg tablets (Novartis Pharmaceuticals UK Ltd),0,
AURUM,bp,bp_medication,3201341000033115,Valsartan 40mg tablets,0,
AURUM,bp,bp_medication,3201441000033114,Diovan 40mg tablets (Novartis Pharmaceuticals UK Ltd),0,
AURUM,bp,bp_medication,3225441000033117,Adipine XL 30mg tablets (Chiesi Ltd),0,
AURUM,bp,bp_medication,3225541000033116,Adipine XL 60mg tablets (Chiesi Ltd),0,
AURUM,bp,bp_medication,3227241000033111,Candesartan 32mg tablets,0,
AURUM,bp,bp_medication,3227341000033118,Amias 32mg tablets (Neon Healthcare Ltd),0,
AURUM,bp,bp_medication,3246941000033118,Atenolol 50mg / Nifedipine 20mg modified-release capsules,0,
AURUM,bp,bp_medication,3279241000033117,Enalapril 5mg/5ml oral suspension sugar free,0,
AURUM,bp,bp_medication,3279541000033115,Lisicostad 10mg/12.5mg tablets (Genus Pharmaceuticals Ltd),0,
AURUM,bp,bp_medication,3279641000033119,Lisicostad 20mg/12.5mg tablets (Genus Pharmaceuticals Ltd),0,
AURUM,bp,bp_medication,3283141000033118,Quinil 5mg tablets (Tillomed Laboratories Ltd),0,
AURUM,bp,bp_medication,3283241000033113,Quinil 10mg tablets (Tillomed Laboratories Ltd),0,
AURUM,bp,bp_medication,3283341000033115,Quinil 20mg tablets (Tillomed Laboratories Ltd),0,
AURUM,bp,bp_medication,3283441000033114,Quinil 40mg tablets (Tillomed Laboratories Ltd),0,
AURUM,bp,bp_medication,3333941000033117,Captopril 8mg/5ml oral suspension,0,
AURUM,bp,bp_medication,3346641000033118,Timolol 10mg / Bendroflumethiazide 2.5mg tablets,0,
AURUM,bp,bp_medication,3346841000033117,Losartan 100mg / Hydrochlorothiazide 25mg tablets,0,
AURUM,bp,bp_medication,3346941000033113,Cozaar-Comp 100mg/25mg tablets (Organon Pharma (UK) Ltd),0,
AURUM,bp,bp_medication,336641000033114,Coracten SR 10mg capsules (UCB Pharma Ltd),0,
AURUM,bp,bp_medication,351941000033111,Co-amilozide 5mg/50mg/5ml oral solution,0,
AURUM,bp,bp_medication,364241000033112,Coracten SR 20mg capsules (UCB Pharma Ltd),0,
AURUM,bp,bp_medication,369141000033118,Co-amilozide 5mg/50mg tablets,0,
AURUM,bp,bp_medication,370241000033111,Co-triamterzide 50mg/25mg tablets,0,
AURUM,bp,bp_medication,370441000033112,Cozaar 25mg tablets (Organon Pharma (UK) Ltd),0,
AURUM,bp,bp_medication,370541000033113,Cozaar 50mg tablets (Organon Pharma (UK) Ltd),0,
AURUM,bp,bp_medication,370841000033110,Cozaar-Comp 50mg/12.5mg tablets (Organon Pharma (UK) Ltd),0,
AURUM,bp,bp_medication,372741000033116,Co-Betaloc tablets (Pfizer Ltd),0,
AURUM,bp,bp_medication,372841000033114,Co-Betaloc SA tablets (Pfizer Ltd),0,
AURUM,bp,bp_medication,374841000033119,Cordilox 120mg tablets (IVAX Pharmaceuticals UK Ltd),0,
AURUM,bp,bp_medication,374941000033110,Cordilox 160mg tablets (IVAX Pharmaceuticals UK Ltd),0,
AURUM,bp,bp_medication,375041000033110,Cordilox 40mg tablets (IVAX Pharmaceuticals UK Ltd),0,
AURUM,bp,bp_medication,375141000033114,Cordilox 80mg tablets (IVAX Pharmaceuticals UK Ltd),0,
AURUM,bp,bp_medication,375241000033119,Corgard 40mg tablets (Sanofi-Synthelabo Ltd),0,
AURUM,bp,bp_medication,375341000033112,Corgard 80mg tablets (Sanofi),0,
AURUM,bp,bp_medication,375441000033118,Corgaretic 40mg tablets (Sanofi-Synthelabo Ltd),0,
AURUM,bp,bp_medication,375541000033117,Corgaretic 80mg tablets (Sanofi-Synthelabo Ltd),0,
AURUM,bp,bp_medication,376441000033110,Co-tenidone 50mg/12.5mg tablets,0,
AURUM,bp,bp_medication,376541000033111,Co-tenidone 100mg/25mg tablets,0,
AURUM,bp,bp_medication,376641000033112,Co-amilofruse 5mg/40mg tablets,0,
AURUM,bp,bp_medication,376741000033115,Co-amilofruse 10mg/80mg tablets,0,
AURUM,bp,bp_medication,376841000033113,Co-amilofruse 2.5mg/20mg tablets,0,
AURUM,bp,bp_medication,376941000033117,Co-amilozide 2.5mg/25mg tablets,0,
AURUM,bp,bp_medication,377041000033116,Co-flumactone 25mg/25mg tablets,0,
AURUM,bp,bp_medication,377141000033117,Co-flumactone 50mg/50mg tablets,0,
AURUM,bp,bp_medication,377341000033119,Co-prenozide 160mg/0.25mg modified-release tablets,0,
AURUM,bp,bp_medication,37741000033118,Alphavase 1 tablets (Ashbourne Pharmaceuticals Ltd),0,
AURUM,bp,bp_medication,377541000033114,Coversyl 2mg tablets (Servier Laboratories Ltd),0,
AURUM,bp,bp_medication,377641000033110,Coversyl 4mg tablets (Servier Laboratories Ltd),0,
AURUM,bp,bp_medication,37841000033111,Alphavase 2 tablets (Ashbourne Pharmaceuticals Ltd),0,
AURUM,bp,bp_medication,37941000033115,Alphavase 5 tablets (Ashbourne Pharmaceuticals Ltd),0,
AURUM,bp,bp_medication,3851341000033117,Captopril 3mg/5ml oral solution,0,
AURUM,bp,bp_medication,3858741000033112,Bumetanide 2mg/4ml solution for injection ampoules,0,
AURUM,bp,bp_medication,3890041000033117,Ramipril  Powder For Oral Suspension With Diluent (Kit)  10 mg/5 ml,0,
AURUM,bp,bp_medication,3890141000033118,Amlodipine  Powder For Oral Suspension With Diluent (Kit)  10 mg/5 ml,0,
AURUM,bp,bp_medication,3908741000033114,Lercanidipine 20mg tablets,0,
AURUM,bp,bp_medication,3908841000033116,Zanidip 20mg tablets (Recordati Pharmaceuticals Ltd),0,
AURUM,bp,bp_medication,3908941000033112,Olmesartan medoxomil 20mg / Hydrochlorothiazide 12.5mg tablets,0,
AURUM,bp,bp_medication,3909041000033115,Olmesartan medoxomil 20mg / Hydrochlorothiazide 25mg tablets,0,
AURUM,bp,bp_medication,3909141000033116,Olmetec Plus 20mg/12.5mg tablets (Daiichi Sankyo UK Ltd),0,
AURUM,bp,bp_medication,3909241000033111,Olmetec Plus 20mg/25mg tablets (Daiichi Sankyo UK Ltd),0,
AURUM,bp,bp_medication,3940841000033110,Captopril 2mg capsules,0,
AURUM,bp,bp_medication,395041000033117,Cyclopenthiazide 500microgram tablets,0,
AURUM,bp,bp_medication,3952641000033110,Nimodrel XL 30mg tablets (Zurich Pharmaceuticals),0,
AURUM,bp,bp_medication,3952741000033118,Nimodrel XL 60mg tablets (Zurich Pharmaceuticals),0,
AURUM,bp,bp_medication,3953441000033116,Sotalol 25mg/5ml oral solution,0,
AURUM,bp,bp_medication,3963741000033115,Amlodipine 10mg/5ml oral suspension,0,
AURUM,bp,bp_medication,3984541000033111,Congescor 1.25mg tablets (Tillomed Laboratories Ltd),0,
AURUM,bp,bp_medication,3984641000033112,Congescor 2.5mg tablets (Tillomed Laboratories Ltd),0,
AURUM,bp,bp_medication,3995241000033112,Irbesartan 300mg / Hydrochlorothiazide 25mg tablets,0,
AURUM,bp,bp_medication,3995341000033119,CoAprovel 300mg/25mg tablets (Sanofi),0,
AURUM,bp,bp_medication,4021141000033118,Slocinx XL 4mg tablets (Zentiva Pharma UK Ltd),0,
AURUM,bp,bp_medication,4021441000033114,Amlodipine 5mg / Valsartan 80mg tablets,0,
AURUM,bp,bp_medication,4021541000033110,Amlodipine 5mg / Valsartan 160mg tablets,0,
AURUM,bp,bp_medication,4021641000033111,Amlodipine 10mg / Valsartan 160mg tablets,0,
AURUM,bp,bp_medication,4021741000033119,Exforge 5mg/80mg tablets (Novartis Pharmaceuticals UK Ltd),0,
AURUM,bp,bp_medication,4021841000033112,Exforge 5mg/160mg tablets (Novartis Pharmaceuticals UK Ltd),0,
AURUM,bp,bp_medication,4021941000033116,Exforge 10mg/160mg tablets (Novartis Pharmaceuticals UK Ltd),0,
AURUM,bp,bp_medication,40241000033110,Aldactide 25 tablets (Pfizer Ltd),0,
AURUM,bp,bp_medication,40341000033117,Aldactide 50 tablets (Pfizer Ltd),0,
AURUM,bp,bp_medication,40441000033111,Aldactone 100mg tablets (Pfizer Ltd),0,
AURUM,bp,bp_medication,40541000033112,Aldactone 25mg tablets (Pfizer Ltd),0,
AURUM,bp,bp_medication,4063741000033112,Doxadura XL 4mg tablets (Dexcel-Pharma Ltd),0,
AURUM,bp,bp_medication,40641000033113,Aldactone 50mg tablets (Pfizer Ltd),0,
AURUM,bp,bp_medication,4152241000033113,Ramipril 1.25mg/5ml oral suspension,0,
AURUM,bp,bp_medication,4152841000033112,Cardioplen XL 2.5mg tablets (Chiesi Ltd),0,
AURUM,bp,bp_medication,4153041000033114,Perindopril  Oral suspension  8 mg/5 ml,0,
AURUM,bp,bp_medication,4171741000033110,Acetazolamide 250mg/5ml oral suspension,0,
AURUM,bp,bp_medication,4202241000033117,Esmolol 100mg/10ml solution for injection vials,0,
AURUM,bp,bp_medication,4260341000033110,Verapamil 5mg/2ml solution for injection ampoules,0,
AURUM,bp,bp_medication,4267141000033111,Bisoprolol 7.5mg/5ml oral suspension,0,
AURUM,bp,bp_medication,4273241000033118,Olmesartan medoxomil 10mg/5ml oral suspension,0,
AURUM,bp,bp_medication,4288341000033111,Oxandosin XL 4mg tablets (Ratiopharm UK Ltd),0,
AURUM,bp,bp_medication,437641000033118,Diovan 160mg capsules (Novartis Pharmaceuticals UK Ltd),0,
AURUM,bp,bp_medication,437741000033110,Diovan 40mg capsules (Novartis Pharmaceuticals UK Ltd),0,
AURUM,bp,bp_medication,437841000033117,Diovan 80mg capsules (Novartis Pharmaceuticals UK Ltd),0,
AURUM,bp,bp_medication,438441000033119,Dibenyline 10mg capsules (Mercury Pharma Group Ltd),0,
AURUM,bp,bp_medication,4424741000033110,Losartan 100mg / Hydrochlorothiazide 12.5mg tablets,0,
AURUM,bp,bp_medication,4424841000033117,Cozaar-Comp 100mg/12.5mg tablets (Organon Pharma (UK) Ltd),0,
AURUM,bp,bp_medication,4424941000033113,Valsartan 320mg tablets,0,
AURUM,bp,bp_medication,4425041000033113,Diovan 320mg tablets (Novartis Pharmaceuticals UK Ltd),0,
AURUM,bp,bp_medication,4429241000033115,Felotens XL 2.5mg tablets (Thornton & Ross Ltd),0,
AURUM,bp,bp_medication,4432941000033119,Doxazosin 1mg/5ml oral suspension,0,
AURUM,bp,bp_medication,4451941000033110,Valni XL 30mg tablets (Zentiva),0,
AURUM,bp,bp_medication,4452041000033116,Valni XL 60mg tablets (Zentiva),0,
AURUM,bp,bp_medication,4453941000033114,Perindopril arginine 2.5mg tablets,0,
AURUM,bp,bp_medication,4454041000033111,Perindopril arginine 5mg tablets,0,
AURUM,bp,bp_medication,4454141000033110,Perindopril arginine 10mg tablets,0,
AURUM,bp,bp_medication,4454241000033115,Coversyl Arginine 2.5mg tablets (Servier Laboratories Ltd),0,
AURUM,bp,bp_medication,4454341000033113,Coversyl Arginine 5mg tablets (Servier Laboratories Ltd),0,
AURUM,bp,bp_medication,4454441000033119,Coversyl Arginine 10mg tablets (Servier Laboratories Ltd),0,
AURUM,bp,bp_medication,4454541000033118,Perindopril arginine 5mg / Indapamide 1.25mg tablets,0,
AURUM,bp,bp_medication,4454641000033117,Coversyl Arginine Plus 5mg/1.25mg tablets (Servier Laboratories Ltd),0,
AURUM,bp,bp_medication,448341000033114,Diamox Sodium Parenteral 500mg powder for solution for injection vials (Advanz Pharma),0,
AURUM,bp,bp_medication,4503941000033114,Felendil Xl  M/R tablets  2.5 mg,0,
AURUM,bp,bp_medication,4504041000033111,Felendil Xl  M/R tablets  5 mg,0,
AURUM,bp,bp_medication,4504141000033110,Felendil Xl  M/R tablets  10 mg,0,
AURUM,bp,bp_medication,4507941000033117,Bisoprolol 2.5mg/5ml oral suspension,0,
AURUM,bp,bp_medication,4508041000033119,Amlodipine 5mg/5ml oral solution sugar free,0,
AURUM,bp,bp_medication,451641000033114,Diamox SR 250mg capsules (Advanz Pharma),0,
AURUM,bp,bp_medication,451741000033117,Diltiazem Hydrochloride  M/R capsules  300 mg,0,
AURUM,bp,bp_medication,451841000033110,Diltiazem 120mg modified-release capsules,0,
AURUM,bp,bp_medication,451941000033119,Diltiazem 180mg modified-release capsules,0,
AURUM,bp,bp_medication,452041000033113,Diltiazem 300mg modified-release capsules,0,
AURUM,bp,bp_medication,452141000033112,Diltiazem 90mg modified-release capsules,0,
AURUM,bp,bp_medication,4521441000033112,"Tritace  Tablet Titration Pack  7 x 2.5 mg, 21 x 5 mg, 7 x 10 mg",0,
AURUM,bp,bp_medication,4521541000033113,Neofel XL 2.5mg tablets (Actavis UK Ltd),0,
AURUM,bp,bp_medication,4521641000033114,Neofel XL 5mg tablets (Kent Pharmaceuticals Ltd),0,
AURUM,bp,bp_medication,4521741000033117,Neofel XL 10mg tablets (Kent Pharmaceuticals Ltd),0,
AURUM,bp,bp_medication,452641000033119,Dilzem SR 60 capsules (Teva UK Ltd),0,
AURUM,bp,bp_medication,452741000033111,Dilzem SR 90 capsules (Teva UK Ltd),0,
AURUM,bp,bp_medication,452841000033118,Dilzem SR 120 capsules (Teva UK Ltd),0,
AURUM,bp,bp_medication,452941000033114,Diltiazem 60mg modified-release capsules,0,
AURUM,bp,bp_medication,453041000033116,Dilzem XL 120 capsules (Teva UK Ltd),0,
AURUM,bp,bp_medication,453141000033117,Dilzem XL 180 capsules (Teva UK Ltd),0,
AURUM,bp,bp_medication,453241000033112,Dilzem XL 240 capsules (Teva UK Ltd),0,
AURUM,bp,bp_medication,453741000033118,Diltiazem 240mg modified-release capsules,0,
AURUM,bp,bp_medication,453941000033115,Diltiazem 200mg modified-release capsules,0,
AURUM,bp,bp_medication,454041000033118,Diltiazem 60mg modified-release tablets,0,
AURUM,bp,bp_medication,4548741000033111,Telmisartan 80mg / Hydrochlorothiazide 25mg tablets,0,
AURUM,bp,bp_medication,4571241000033110,Ethibide XL 1.5mg tablets (Genus Pharmaceuticals Ltd),0,
AURUM,bp,bp_medication,4575941000033115,Doxzogen XL 4mg tablets (Viatris UK Healthcare Ltd),0,
AURUM,bp,bp_medication,458841000033115,Diltiazem 90mg modified-release tablets,0,
AURUM,bp,bp_medication,4590741000033116,Retalzem 60 modified-release tablets (Kent Pharmaceuticals Ltd),0,
AURUM,bp,bp_medication,459641000033113,Diltiazem 120mg modified-release tablets,0,
AURUM,bp,bp_medication,4655041000033114,Acetazolamide 100mg/5ml oral suspension,0,
AURUM,bp,bp_medication,4656741000033119,Tensaid XL 1.5mg tablets (Mylan),0,
AURUM,bp,bp_medication,466341000033116,Diamox 250mg tablets (Advanz Pharma),0,
AURUM,bp,bp_medication,468841000033112,Diltiazem Hydrochloride  Tablets  60 mg,0,
AURUM,bp,bp_medication,470541000033117,Diumide-K Continus tablets (Teofarma),0,
AURUM,bp,bp_medication,470741000033113,Diurexan 20mg tablets (Mylan),0,
AURUM,bp,bp_medication,4805941000033114,Ramipril 2.5mg/5ml oral suspension,0,
AURUM,bp,bp_medication,480641000033111,Doxazosin 1mg tablets,0,
AURUM,bp,bp_medication,480741000033119,Doxazosin 2mg tablets,0,
AURUM,bp,bp_medication,480841000033112,Doxazosin 4mg tablets,0,
AURUM,bp,bp_medication,4815641000033117,Metoprolol 12.5mg/5ml oral suspension,0,
AURUM,bp,bp_medication,4897741000033118,Amlodipine 1.5mg/5ml oral suspension,0,
AURUM,bp,bp_medication,491641000033116,Dytac 50mg capsules (Advanz Pharma),0,
AURUM,bp,bp_medication,491741000033113,Dytide capsules (Mercury Pharma Group Ltd),0,
AURUM,bp,bp_medication,492341000033115,Dyazide 50mg/25mg tablets (Advanz Pharma),0,
AURUM,bp,bp_medication,4936841000033112,Cardozin XL 4mg tablets (Almus Pharmaceuticals Ltd),0,
AURUM,bp,bp_medication,4953741000033114,Diltiazem 60mg/5ml oral suspension,0,
AURUM,bp,bp_medication,4954341000033111,Irbesartan 300mg/5ml oral suspension,0,
AURUM,bp,bp_medication,4955841000033115,Propranolol 40mg/5ml oral solution sugar free,0,
AURUM,bp,bp_medication,4955941000033111,Syprol 40mg/5ml oral solution (Rosemont Pharmaceuticals Ltd),0,
AURUM,bp,bp_medication,4957141000033117,Propranolol 80mg/5ml oral solution,0,
AURUM,bp,bp_medication,4957541000033114,Losartan 12.5mg tablets,0,
AURUM,bp,bp_medication,4957641000033110,Cozaar 12.5mg tablets (Organon Pharma (UK) Ltd),0,
AURUM,bp,bp_medication,5005841000033114,Olmesartan medoxomil 20mg / Amlodipine 5mg tablets,0,
AURUM,bp,bp_medication,5005941000033118,Olmesartan medoxomil 40mg / Amlodipine 5mg tablets,0,
AURUM,bp,bp_medication,5006041000033111,Olmesartan medoxomil 40mg / Amlodipine 10mg tablets,0,
AURUM,bp,bp_medication,5006141000033110,Sevikar 20mg/5mg tablets (Daiichi Sankyo UK Ltd),0,
AURUM,bp,bp_medication,5006241000033115,Sevikar 40mg/5mg tablets (Daiichi Sankyo UK Ltd),0,
AURUM,bp,bp_medication,5006341000033113,Sevikar 40mg/10mg tablets (Daiichi Sankyo UK Ltd),0,
AURUM,bp,bp_medication,5008141000033111,Captopril 10mg/5ml oral suspension,0,
AURUM,bp,bp_medication,5052641000033111,Hypoloc 5mg tablets (A. Menarini Farmaceutica Internazionale SRL),0,
AURUM,bp,bp_medication,5053141000033113,Indipam XL 1.5mg tablets (Accord Healthcare Ltd),0,
AURUM,bp,bp_medication,5056241000033112,Nifedipine 5mg/5ml oral suspension,0,
AURUM,bp,bp_medication,5128741000033110,Mapemid XL 1.5mg tablets (Teva UK Ltd),0,
AURUM,bp,bp_medication,5132041000033112,Captopril 25mg/5ml oral suspension,0,
AURUM,bp,bp_medication,5138341000033111,Doxazosin 4mg/5ml oral suspension,0,
AURUM,bp,bp_medication,513941000033117,Emcor LS 5mg tablets (Merck Serono Ltd),0,
AURUM,bp,bp_medication,514141000033116,Emcor 10mg tablets (Merck Serono Ltd),0,
AURUM,bp,bp_medication,514741000033117,Bisoprolol 10mg tablets,0,
AURUM,bp,bp_medication,5149941000033118,Losartan 2.5mg/ml oral suspension sugar free,0,
AURUM,bp,bp_medication,5150041000033110,Cozaar 2.5mg/ml oral suspension (Organon Pharma (UK) Ltd),0,
AURUM,bp,bp_medication,522641000033110,Enalapril 10mg tablets,0,
AURUM,bp,bp_medication,522741000033118,Enalapril 20mg tablets,0,
AURUM,bp,bp_medication,522841000033111,Enalapril 5mg tablets,0,
AURUM,bp,bp_medication,523541000033115,Enalapril 2.5mg tablets,0,
AURUM,bp,bp_medication,523741000033111,Enalapril Maleate  Titration pack,0,
AURUM,bp,bp_medication,523941000033114,Enalapril Maleate  Wafers  10 mg,0,
AURUM,bp,bp_medication,524041000033111,Enalapril Maleate  Wafers  2.5 mg,0,
AURUM,bp,bp_medication,524141000033110,Enalapril Maleate  Wafers  20 mg,0,
AURUM,bp,bp_medication,524241000033115,Enalapril Maleate  Wafers  5 mg,0,
AURUM,bp,bp_medication,524341000033113,Enalapril Maleate  Wafers  10 mg,0,
AURUM,bp,bp_medication,524441000033119,Enalapril Maleate  Wafers  2.5 mg,0,
AURUM,bp,bp_medication,524541000033118,Enalapril Maleate  Wafers  20 mg,0,
AURUM,bp,bp_medication,524641000033117,Enalapril Maleate  Wafers  5 mg,0,
AURUM,bp,bp_medication,5288741000033116,Carvedilol 5mg/5ml oral suspension,0,
AURUM,bp,bp_medication,5333041000033112,Lopresor Retard M/R tablets 200 mg,0,
AURUM,bp,bp_medication,5376441000033114,Timolol 10mg / Amiloride 2.5mg / Hydrochlorothiazide 25mg tablets (Essential Generics Ltd),0,
AURUM,bp,bp_medication,5378241000033112,Nadolol 40mg/5ml oral suspension,0,
AURUM,bp,bp_medication,53841000033117,Amiloride 5mg/5ml oral solution sugar free,0,
AURUM,bp,bp_medication,5401641000033118,Captopril 15mg/5ml oral suspension,0,
AURUM,bp,bp_medication,5401741000033110,Bendroflumethiazide 5mg/5ml oral suspension,0,
AURUM,bp,bp_medication,5402541000033112,Nifedipine 2.5mg/5ml oral suspension,0,
AURUM,bp,bp_medication,5403641000033117,Colixil XL 4mg tablets (Sandoz Ltd),0,
AURUM,bp,bp_medication,544641000033119,Esmolol 2.5g/10ml solution for infusion ampoules,0,
AURUM,bp,bp_medication,5453941000033119,Bendroflumethiazide 1.25mg/5ml oral suspension,0,
AURUM,bp,bp_medication,5454041000033117,Captopril 4mg capsules,0,
AURUM,bp,bp_medication,5490241000033113,Amlodipine 5mg/5ml oral solution,0,
AURUM,bp,bp_medication,5565341000033115,Nebivolol 2.5mg tablets,0,
AURUM,bp,bp_medication,5566041000033114,Rawel XL 1.5mg tablets (Consilient Health Ltd),0,
AURUM,bp,bp_medication,5566341000033111,Olmesartan medoxomil 40mg / Hydrochlorothiazide 12.5mg tablets,0,
AURUM,bp,bp_medication,5566441000033117,Olmetec Plus 40mg/12.5mg tablets (Daiichi Sankyo UK Ltd),0,
AURUM,bp,bp_medication,5568741000033113,Lisinopril 40mg/5ml oral suspension,0,
AURUM,bp,bp_medication,556941000033118,Eucardic 12.5mg tablets (Roche Products Ltd),0,
AURUM,bp,bp_medication,557041000033117,Eucardic 25mg tablets (Roche Products Ltd),0,
AURUM,bp,bp_medication,557141000033118,Eucardic  Tablets  50 mg,0,
AURUM,bp,bp_medication,5575541000033119,Metoprolol 25mg/5ml oral solution,0,
AURUM,bp,bp_medication,5576341000033118,Folpik XL 10mg tablets (Teva UK Ltd),0,
AURUM,bp,bp_medication,5576441000033112,Folpik XL 2.5mg tablets (Teva UK Ltd),0,
AURUM,bp,bp_medication,5576541000033113,Folpik XL 5mg tablets (Teva UK Ltd),0,
AURUM,bp,bp_medication,5595341000033117,Captopril  Oral Suspension Sugar Free  2 mg/ml,0,
AURUM,bp,bp_medication,5655241000033110,Brevibloc Premixed 100mg/10ml solution for injection vials (Baxter Healthcare Ltd),0,
AURUM,bp,bp_medication,5655541000033112,Esmolol 2.5g/250ml infusion bags,0,
AURUM,bp,bp_medication,5656241000033115,Brevibloc Premixed 2.5g/250ml infusion bags (Baxter Healthcare Ltd),0,
AURUM,bp,bp_medication,568041000033111,Felodipine 2.5mg modified-release tablets,0,
AURUM,bp,bp_medication,569041000033115,Felodipine 10mg modified-release tablets,0,
AURUM,bp,bp_medication,569141000033116,Felodipine 5mg modified-release tablets,0,
AURUM,bp,bp_medication,5710441000033117,Co-amilofruse 5mg/40mg/5ml oral suspension,0,
AURUM,bp,bp_medication,57141000033118,Amiloride 5mg tablets,0,
AURUM,bp,bp_medication,57241000033113,Amlodipine Besilate  Tablets  5 mg,0,
AURUM,bp,bp_medication,57341000033115,Amilmaxco 5mg/50mg tablets (Ashbourne Pharmaceuticals Ltd),0,
AURUM,bp,bp_medication,5809641000033111,Larbex XL 4mg tablets (Teva UK Ltd),0,
AURUM,bp,bp_medication,5814141000033119,Nadolol 20mg/5ml oral solution,0,
AURUM,bp,bp_medication,5816741000033112,Varbim XL 1.5mg tablets (Teva UK Ltd),0,
AURUM,bp,bp_medication,5816841000033119,Bi-Carzem XL 240mg capsules (Tillomed Laboratories Ltd),0,
AURUM,bp,bp_medication,5816941000033110,Bi-Carzem XL 300mg capsules (Tillomed Laboratories Ltd),0,
AURUM,bp,bp_medication,5817441000033119,Neozipine XL 30mg tablets (Kent Pharmaceuticals Ltd),0,
AURUM,bp,bp_medication,5817541000033118,Neozipine XL 60mg tablets (Kent Pharmaceuticals Ltd),0,
AURUM,bp,bp_medication,5887841000033118,Ramipril 10mg/5ml oral solution,0,
AURUM,bp,bp_medication,5887941000033114,Ramipril 10mg/5ml oral suspension,0,
AURUM,bp,bp_medication,5888241000033116,Perindopril  Oral suspension  4 mg/5 ml,0,
AURUM,bp,bp_medication,5888741000033110,Amlodipine 5mg/5ml oral suspension,0,
AURUM,bp,bp_medication,5890141000033112,Spironolactone 25mg/5ml oral solution,0,
AURUM,bp,bp_medication,5890241000033117,Lisinopril 5mg/5ml oral solution,0,
AURUM,bp,bp_medication,5890341000033110,Ramipril 5mg/5ml oral solution,0,
AURUM,bp,bp_medication,5890441000033116,Spironolactone 50mg/5ml oral solution,0,
AURUM,bp,bp_medication,5890541000033115,Ramipril 2.5mg/5ml oral solution,0,
AURUM,bp,bp_medication,5891941000033115,Adanif XL 30mg tablets (Advanz Pharma),0,
AURUM,bp,bp_medication,5892041000033114,Adanif XL 60mg tablets (Advanz Pharma),0,
AURUM,bp,bp_medication,5898041000033111,Bisoprolol 1.25mg/5ml oral solution,0,
AURUM,bp,bp_medication,5898141000033110,Bisoprolol 1.25mg/5ml oral suspension,0,
AURUM,bp,bp_medication,5898241000033115,Bisoprolol 5mg/5ml oral solution,0,
AURUM,bp,bp_medication,5898341000033113,Bisoprolol 5mg/5ml oral suspension,0,
AURUM,bp,bp_medication,5898441000033119,Bisoprolol 625micrograms/5ml oral solution,0,
AURUM,bp,bp_medication,5898541000033118,Bisoprolol 625micrograms/5ml oral suspension,0,
AURUM,bp,bp_medication,5898741000033114,Captopril 12.5mg/5ml oral solution,0,
AURUM,bp,bp_medication,5898841000033116,Captopril 12.5mg/5ml oral suspension,0,
AURUM,bp,bp_medication,5898941000033112,Captopril 6.25mg/5ml oral solution,0,
AURUM,bp,bp_medication,5899041000033115,Captopril 6.25mg/5ml oral suspension,0,
AURUM,bp,bp_medication,59141000033113,Amias 16mg tablets (Neon Healthcare Ltd),0,
AURUM,bp,bp_medication,59241000033118,Amias 2mg tablets (Neon Healthcare Ltd),0,
AURUM,bp,bp_medication,59341000033111,Amias 4mg tablets (Neon Healthcare Ltd),0,
AURUM,bp,bp_medication,59441000033117,Amias 8mg tablets (Neon Healthcare Ltd),0,
AURUM,bp,bp_medication,5967041000033117,Enalapril 10mg/5ml oral solution,0,
AURUM,bp,bp_medication,5967141000033118,Enalapril 10mg/5ml oral suspension,0,
AURUM,bp,bp_medication,5969841000033119,Hydrochlorothiazide 5mg/5ml oral solution,0,
AURUM,bp,bp_medication,5969941000033110,Hydrochlorothiazide 5mg/5ml oral suspension,0,
AURUM,bp,bp_medication,5970641000033117,Irbesartan 150mg/5ml oral suspension,0,
AURUM,bp,bp_medication,5971341000033117,Lisinopril 2.5mg/5ml oral solution,0,
AURUM,bp,bp_medication,5971441000033111,Lisinopril 2.5mg/5ml oral suspension,0,
AURUM,bp,bp_medication,5971541000033112,Lisinopril 7.5mg/5ml oral solution,0,
AURUM,bp,bp_medication,5971641000033113,Lisinopril 7.5mg/5ml oral suspension,0,
AURUM,bp,bp_medication,5971741000033116,Losartan 100mg/5ml oral solution,0,
AURUM,bp,bp_medication,5971841000033114,Losartan 100mg/5ml oral suspension,0,
AURUM,bp,bp_medication,5971941000033118,Losartan 50mg/5ml oral solution,0,
AURUM,bp,bp_medication,5972041000033112,Losartan 50mg/5ml oral suspension,0,
AURUM,bp,bp_medication,5972841000033117,Metoprolol 50mg/5ml oral solution,0,
AURUM,bp,bp_medication,5972941000033113,Metoprolol 50mg/5ml oral suspension,0,
AURUM,bp,bp_medication,5973741000033117,Nifedipine 10mg/5ml oral suspension,0,
AURUM,bp,bp_medication,5975441000033113,Spironolactone 15mg/5ml oral suspension,0,
AURUM,bp,bp_medication,5975541000033114,Spironolactone 250mg/5ml oral solution,0,
AURUM,bp,bp_medication,5975641000033110,Spironolactone 250mg/5ml oral suspension,0,
AURUM,bp,bp_medication,5991041000033111,Bisoprolol 2.5mg/5ml oral solution,0,
AURUM,bp,bp_medication,5991841000033116,Diltiazem 2% ointment,0,
AURUM,bp,bp_medication,5991941000033112,Diltiazem 60mg/5ml oral solution,0,
AURUM,bp,bp_medication,5992541000033111,Enalapril 5mg/5ml oral solution,0,
AURUM,bp,bp_medication,5992641000033112,Enalapril 5mg/5ml oral suspension,0,
AURUM,bp,bp_medication,5997541000033113,Perindopril  Oral solution  8 mg/5 ml,0,
AURUM,bp,bp_medication,5998141000033117,Propranolol 40mg/5ml oral suspension,0,
AURUM,bp,bp_medication,5998241000033112,Ramipril 1.25mg/5ml oral solution,0,
AURUM,bp,bp_medication,5999141000033111,Spironolactone 100mg/5ml oral solution,0,
AURUM,bp,bp_medication,5999241000033116,Spironolactone 10mg/5ml oral solution,0,
AURUM,bp,bp_medication,5999341000033114,Spironolactone 5mg/5ml oral solution,0,
AURUM,bp,bp_medication,6001041000033115,Captopril 5mg/5ml oral solution,0,
AURUM,bp,bp_medication,6012441000033118,Enalapril 1.25mg/5ml oral solution,0,
AURUM,bp,bp_medication,6012541000033117,Enalapril 1.25mg/5ml oral suspension,0,
AURUM,bp,bp_medication,6028541000033112,Co-Tritace Tablets 10 mg + 12.5 mg,0,
AURUM,bp,bp_medication,6028641000033113,Co-Tritace Tablets 10 mg + 25 mg,0,
AURUM,bp,bp_medication,60341000033110,Amil-Co 5mg/50mg tablets (IVAX Pharmaceuticals UK Ltd),0,
AURUM,bp,bp_medication,6036141000033119,Raporsin XL 4mg tablets (Accord-UK Ltd),0,
AURUM,bp,bp_medication,6044541000033115,Lisinopril 20mg/5ml oral suspension,0,
AURUM,bp,bp_medication,6044641000033119,Lisinopril 20mg/5ml oral solution,0,
AURUM,bp,bp_medication,6045641000033115,Neo-Naclex 2.5mg tablets (Advanz Pharma),0,
AURUM,bp,bp_medication,605941000033110,Fortipine LA 40 tablets (Advanz Pharma),0,
AURUM,bp,bp_medication,60741000033111,Amlodipine Besilate  Tablets  10 mg,0,
AURUM,bp,bp_medication,609141000033111,Fosinopril 10mg tablets,0,
AURUM,bp,bp_medication,609241000033116,Fosinopril 20mg tablets,0,
AURUM,bp,bp_medication,6110741000033117,Mannitol 100g/500ml (20%) infusion bags,0,
AURUM,bp,bp_medication,6110841000033110,Mannitol 100g/500ml (20%) infusion polyethylene bottles,0,
AURUM,bp,bp_medication,6110941000033119,Mannitol 50g/250ml (20%) infusion bags,0,
AURUM,bp,bp_medication,6111041000033112,Mannitol 50g/500ml (10%) infusion bags,0,
AURUM,bp,bp_medication,6111141000033111,Mannitol 50g/500ml (10%) infusion polyethylene bottles,0,
AURUM,bp,bp_medication,614341000033113,Frumil LS 20mg/2.5mg tablets (Sanofi),0,
AURUM,bp,bp_medication,614641000033117,Frumil 40mg/5mg tablets (Sanofi),0,
AURUM,bp,bp_medication,615041000033112,Frusene 50mg/40mg tablets (Orion Pharma (UK) Ltd),0,
AURUM,bp,bp_medication,615141000033111,Frusid 40mg tablets (Dr Reddy's Laboratories (UK) Ltd),0,
AURUM,bp,bp_medication,615241000033116,Fru-Co 5mg/40mg tablets (Teva UK Ltd),0,
AURUM,bp,bp_medication,615541000033119,Froop 40mg tablets (Ashbourne Pharmaceuticals Ltd),0,
AURUM,bp,bp_medication,615641000033118,Frumil Forte 10mg/80mg tablets (Sanofi),0,
AURUM,bp,bp_medication,6167841000033112,Irbesartan 20mg oral powder sachets,0,
AURUM,bp,bp_medication,61741000033118,Angiopine  Capsules  5 mg,0,
AURUM,bp,bp_medication,6180641000033112,Sevikar HCT 20mg/5mg/12.5mg tablets (Daiichi Sankyo UK Ltd),0,
AURUM,bp,bp_medication,6180741000033115,Sevikar HCT 40mg/5mg/12.5mg tablets (Daiichi Sankyo UK Ltd),0,
AURUM,bp,bp_medication,6180841000033113,Sevikar HCT 40mg/10mg/12.5mg tablets (Daiichi Sankyo UK Ltd),0,
AURUM,bp,bp_medication,6180941000033117,Sevikar HCT 40mg/5mg/25mg tablets (Daiichi Sankyo UK Ltd),0,
AURUM,bp,bp_medication,6181041000033110,Sevikar HCT 40mg/10mg/25mg tablets (Daiichi Sankyo UK Ltd),0,
AURUM,bp,bp_medication,61841000033111,Angiopine 10 capsules (Ashbourne Pharmaceuticals Ltd),0,
AURUM,bp,bp_medication,6423941000033116,Irbesartan 30mg oral powder sachets,0,
AURUM,bp,bp_medication,6435741000033117,Irbesartan 37.5mg oral powder sachets,0,
AURUM,bp,bp_medication,648341000033112,Gopten 1mg capsules (Abbott Laboratories Ltd),0,
AURUM,bp,bp_medication,648441000033118,Gopten 2mg capsules (Abbott Laboratories Ltd),0,
AURUM,bp,bp_medication,648541000033117,Gopten 500microgram capsules (Abbott Laboratories Ltd),0,
AURUM,bp,bp_medication,6487941000033119,Labetalol 50mg/5ml oral solution,0,
AURUM,bp,bp_medication,6515441000033113,Valsartan 80mg tablets,0,
AURUM,bp,bp_medication,6515541000033114,Valsartan 160mg tablets,0,
AURUM,bp,bp_medication,6517041000033110,Ramipril 2.5mg/5ml oral solution sugar free,0,
AURUM,bp,bp_medication,65241000033114,Angiopine MR 20mg tablets (Ashbourne Pharmaceuticals Ltd),0,
AURUM,bp,bp_medication,6528441000033113,Valsartan 3mg/ml oral solution,0,
AURUM,bp,bp_medication,6528541000033114,Diovan 3mg/1ml oral solution (Novartis Pharmaceuticals UK Ltd),0,
AURUM,bp,bp_medication,65341000033116,Angitil SR 90 capsules (Ethypharm UK Ltd),0,
AURUM,bp,bp_medication,65441000033110,Angitil SR 120 capsules (Ethypharm UK Ltd),0,
AURUM,bp,bp_medication,65541000033111,Angitil SR 180 capsules (Ethypharm UK Ltd),0,
AURUM,bp,bp_medication,658241000033117,Half Inderal LA 80mg capsules (AstraZeneca UK Ltd),0,
AURUM,bp,bp_medication,65841000033113,Angiopine 40 La  M/R tablets  40 mg,0,
AURUM,bp,bp_medication,65941000033117,Angiozem CR 90mg tablets (Ashbourne Pharmaceuticals Ltd),0,
AURUM,bp,bp_medication,66041000033110,Angiozem CR 120mg tablets (Ashbourne Pharmaceuticals Ltd),0,
AURUM,bp,bp_medication,660541000033111,Half-Betadur Cr  M/R capsules  80 mg,0,
AURUM,bp,bp_medication,660641000033112,Half Securon SR 120mg tablets (Mylan),0,
AURUM,bp,bp_medication,660741000033115,Half Beta-Prograne 80mg modified-release capsules (Tillomed Laboratories Ltd),0,
AURUM,bp,bp_medication,660941000033117,Half Propanix La  M/R capsules  80 mg,0,
AURUM,bp,bp_medication,66141000033114,Angiopine MR 10mg tablets (Ashbourne Pharmaceuticals Ltd),0,
AURUM,bp,bp_medication,68841000033116,Angilol  Tablets  10 mg,0,
AURUM,bp,bp_medication,68941000033112,Angilol  Tablets  40 mg,0,
AURUM,bp,bp_medication,69441000033112,Antipressan 25mg tablets (Teva UK Ltd),0,
AURUM,bp,bp_medication,70941000033117,Antipressan 100mg tablets (Teva UK Ltd),0,
AURUM,bp,bp_medication,71041000033110,Antipressan 50mg tablets (Teva UK Ltd),0,
AURUM,bp,bp_medication,71141000033114,Angiozem 60mg modified-release tablets (Ashbourne Pharmaceuticals Ltd),0,
AURUM,bp,bp_medication,738141000033119,Hypolar Retard 20 tablets (Sandoz Ltd),0,
AURUM,bp,bp_medication,742541000033112,Hydrosaluric 25mg tablets (Organon Pharma (UK) Ltd),0,
AURUM,bp,bp_medication,742641000033113,Hydrosaluric 50mg tablets (Organon Pharma (UK) Ltd),0,
AURUM,bp,bp_medication,742841000033114,Hygroton 50mg tablets (Alliance Pharmaceuticals Ltd),0,
AURUM,bp,bp_medication,743541000033118,Hypovase 500microgram tablets (Pfizer Ltd),0,
AURUM,bp,bp_medication,743641000033117,Hypovase 1mg tablets (Pfizer Ltd),0,
AURUM,bp,bp_medication,743741000033114,Hypovase 2mg tablets (Pfizer Ltd),0,
AURUM,bp,bp_medication,744941000033110,Hydrochlorothiazide 25mg tablets,0,
AURUM,bp,bp_medication,74541000033119,Aprinox 2.5mg tablets (Advanz Pharma),0,
AURUM,bp,bp_medication,745441000033118,Hydrochlorothiazide 50mg tablets,0,
AURUM,bp,bp_medication,745641000033116,Hytrin 10mg tablets (Advanz Pharma),0,
AURUM,bp,bp_medication,745741000033113,Hytrin 2mg tablets (Advanz Pharma),0,
AURUM,bp,bp_medication,745841000033115,Hytrin 5mg tablets (Advanz Pharma),0,
AURUM,bp,bp_medication,74641000033118,Aprinox 5mg tablets (Amdipharm Plc),0,
AURUM,bp,bp_medication,75141000033112,Apsolol  Tablets  10 mg,0,
AURUM,bp,bp_medication,75241000033117,Apsolol  Tablets  40 mg,0,
AURUM,bp,bp_medication,756541000033113,Inderal LA 160mg capsules (AstraZeneca UK Ltd),0,
AURUM,bp,bp_medication,756641000033114,Inderetic 80mg/2.5mg capsules (AstraZeneca UK Ltd),0,
AURUM,bp,bp_medication,756741000033117,Inderex 160mg/5mg modified-release capsules (AstraZeneca UK Ltd),0,
AURUM,bp,bp_medication,75941000033114,Aprovel 150mg tablets (Sanofi),0,
AURUM,bp,bp_medication,759641000033116,Inderal 1mg/1ml solution for injection ampoules (AstraZeneca UK Ltd),0,
AURUM,bp,bp_medication,76041000033116,Aprovel 300mg tablets (Sanofi),0,
AURUM,bp,bp_medication,76141000033117,Aprovel 75mg tablets (Sanofi),0,
AURUM,bp,bp_medication,765741000033116,Indapamide 1.5mg modified-release tablets,0,
AURUM,bp,bp_medication,7681541000033117,Spironolactone 4mg / Chlorothiazide 40mg capsules,0,
AURUM,bp,bp_medication,768641000033118,Indapamide 2.5mg tablets,0,
AURUM,bp,bp_medication,768741000033110,Inderal 10mg tablets (AstraZeneca UK Ltd),0,
AURUM,bp,bp_medication,768841000033117,Inderal 40mg tablets (AstraZeneca UK Ltd),0,
AURUM,bp,bp_medication,768941000033113,Inderal 80mg tablets (AstraZeneca UK Ltd),0,
AURUM,bp,bp_medication,769041000033116,Innovace 10mg tablets (Organon Pharma (UK) Ltd),0,
AURUM,bp,bp_medication,769141000033117,Innovace 2.5mg tablets (Organon Pharma (UK) Ltd),0,
AURUM,bp,bp_medication,769241000033112,Innovace 20mg tablets (Organon Pharma (UK) Ltd),0,
AURUM,bp,bp_medication,769341000033119,Innovace 5mg tablets (Organon Pharma (UK) Ltd),0,
AURUM,bp,bp_medication,769741000033118,Nindaxa 2.5 tablets (Ashbourne Pharmaceuticals Ltd),0,
AURUM,bp,bp_medication,770141000033115,Innozide 20mg/12.5mg tablets (Organon Pharma (UK) Ltd),0,
AURUM,bp,bp_medication,770241000033110,Innovace  Titration pack,0,
AURUM,bp,bp_medication,770441000033111,Innovace Melt  Wafers  10 mg,0,
AURUM,bp,bp_medication,770541000033112,Innovace Melt  Wafers  2.5 mg,0,
AURUM,bp,bp_medication,770641000033113,Innovace Melt  Wafers  20 mg,0,
AURUM,bp,bp_medication,770741000033116,Innovace Melt  Wafers  5 mg,0,
AURUM,bp,bp_medication,770841000033114,Innovace Melt  Wafers  10 mg,0,
AURUM,bp,bp_medication,770941000033118,Innovace Melt  Wafers  2.5 mg,0,
AURUM,bp,bp_medication,771041000033111,Innovace Melt  Wafers  20 mg,0,
AURUM,bp,bp_medication,771141000033110,Innovace Melt  Wafers  5 mg,0,
AURUM,bp,bp_medication,7740641000033112,Amlodipine 10mg/5ml oral solution,0,
AURUM,bp,bp_medication,775441000033117,Irbesartan 150mg tablets,0,
AURUM,bp,bp_medication,7754841000033119,Azilsartan medoxomil 20mg tablets,0,
AURUM,bp,bp_medication,7754941000033110,Azilsartan medoxomil 40mg tablets,0,
AURUM,bp,bp_medication,7755041000033110,Azilsartan medoxomil 80mg tablets,0,
AURUM,bp,bp_medication,7755141000033114,Edarbi 20mg tablets (Takeda UK Ltd),0,
AURUM,bp,bp_medication,7755241000033119,Edarbi 40mg tablets (Takeda UK Ltd),0,
AURUM,bp,bp_medication,7755341000033112,Edarbi 80mg tablets (Takeda UK Ltd),0,
AURUM,bp,bp_medication,775541000033116,Irbesartan 300mg tablets,0,
AURUM,bp,bp_medication,775641000033115,Irbesartan 75mg tablets,0,
AURUM,bp,bp_medication,784641000033112,Isradipine 2.5mg tablets,0,
AURUM,bp,bp_medication,7861641000033112,Bronchitol 40mg inhalation powder capsules with device (Chiesi Ltd),0,
AURUM,bp,bp_medication,7861741000033115,Bronchitol 40mg inhalation powder capsules with two devices (Chiesi Ltd),0,
AURUM,bp,bp_medication,7871341000033114,Nadolol 30mg/5ml oral solution,0,
AURUM,bp,bp_medication,787941000033112,Istin 5mg tablets (Upjohn UK Ltd),0,
AURUM,bp,bp_medication,788041000033110,Istin 10mg tablets (Upjohn UK Ltd),0,
AURUM,bp,bp_medication,793741000033117,Kalten capsules (M & A Pharmachem Ltd),0,
AURUM,bp,bp_medication,796541000033115,Kalspare tablets (DHP Healthcare Ltd),0,
AURUM,bp,bp_medication,8027841000033119,Exforge Tablets 5 mg/320 mg,0,
AURUM,bp,bp_medication,8027941000033110,Exforge Tablets 10 mg/320 mg,0,
AURUM,bp,bp_medication,8029241000033113,Exforge Hct Tablets 5 mg/160 mg/12.5 mg,0,
AURUM,bp,bp_medication,8029341000033115,Exforge Hct Tablets 5 mg/160 mg/25 mg,0,
AURUM,bp,bp_medication,8030141000033111,Teveten Plus Tablets 600 mg/12.5 mg,0,
AURUM,bp,bp_medication,803641000033114,Kerlone 20mg tablets (Sanofi-Synthelabo Ltd),0,
AURUM,bp,bp_medication,808841000033119,Lasilactone 20mg/50mg capsules (Sanofi),0,
AURUM,bp,bp_medication,811341000033119,Labetalol 100mg/20ml solution for injection ampoules,0,
AURUM,bp,bp_medication,814041000033119,Labetalol 100mg tablets,0,
AURUM,bp,bp_medication,814141000033115,Labrocol  Tablets  100 mg,0,
AURUM,bp,bp_medication,814241000033110,Labrocol  Tablets  200 mg,0,
AURUM,bp,bp_medication,814341000033117,Labrocol  Tablets  400 mg,0,
AURUM,bp,bp_medication,816141000033114,Lasikal modified-release tablets (Borg Medicare),0,
AURUM,bp,bp_medication,816241000033119,Lasipressin  Tablets,0,
AURUM,bp,bp_medication,817541000033119,Lacidipine 2mg tablets,0,
AURUM,bp,bp_medication,817641000033118,Lacidipine 4mg tablets,0,
AURUM,bp,bp_medication,818641000033117,Labetalol 200mg tablets,0,
AURUM,bp,bp_medication,818741000033114,Labetalol 400mg tablets,0,
AURUM,bp,bp_medication,818841000033116,Labetalol 50mg tablets,0,
AURUM,bp,bp_medication,818941000033112,Lasoride 5mg/40mg tablets (Sanofi),0,
AURUM,bp,bp_medication,8193941000033116,Sabervel 75mg tablets (Aspire Pharma Ltd),0,
AURUM,bp,bp_medication,8194041000033119,Sabervel 150mg tablets (Aspire Pharma Ltd),0,
AURUM,bp,bp_medication,8194141000033115,Sabervel 300mg tablets (Aspire Pharma Ltd),0,
AURUM,bp,bp_medication,8196441000033118,Metolazone 2.5mg tablets,0,
AURUM,bp,bp_medication,8196541000033117,Zaroxolyn 2.5mg tablets (Imported (Canada)),0,
AURUM,bp,bp_medication,8196641000033116,Zaroxolyn 5mg tablets (Imported (Canada)),0,
AURUM,bp,bp_medication,8197041000033112,Indapamide 2.5mg/5ml oral suspension,0,
AURUM,bp,bp_medication,8241000033118,Acetazolamide 500mg powder for solution for injection vials,0,
AURUM,bp,bp_medication,825941000033112,Lercanidipine 10mg tablets,0,
AURUM,bp,bp_medication,8263341000033116,Perindopril tosilate 2.5mg tablets,0,
AURUM,bp,bp_medication,8263441000033110,Perindopril tosilate 5mg tablets,0,
AURUM,bp,bp_medication,8263541000033111,Perindopril tosilate 10mg tablets,0,
AURUM,bp,bp_medication,8263641000033112,Perindopril tosilate 5mg / Indapamide 1.25mg tablets,0,
AURUM,bp,bp_medication,8264941000033119,Triapin 2.5mg/2.5mg modified-release tablets (Sanofi),0,
AURUM,bp,bp_medication,8275941000033110,Perindopril erbumine 8mg/5ml oral solution,0,
AURUM,bp,bp_medication,8276041000033117,Perindopril erbumine 4mg/5ml oral suspension,0,
AURUM,bp,bp_medication,8276141000033118,Perindopril erbumine 8mg/5ml oral suspension,0,
AURUM,bp,bp_medication,837841000033110,Lisinopril 10mg tablets,0,
AURUM,bp,bp_medication,837941000033119,Lisinopril 2.5mg tablets,0,
AURUM,bp,bp_medication,838041000033116,Lisinopril 20mg tablets,0,
AURUM,bp,bp_medication,838141000033117,Lisinopril 5mg tablets,0,
AURUM,bp,bp_medication,845141000033112,Lopranol La  M/R capsules  160 mg,0,
AURUM,bp,bp_medication,849941000033112,Lopresoretic  Tablets,0,
AURUM,bp,bp_medication,850841000033110,Lopresor 100mg tablets (Recordati Pharmaceuticals Ltd),0,
AURUM,bp,bp_medication,850941000033119,Lopresor 50mg tablets (Recordati Pharmaceuticals Ltd),0,
AURUM,bp,bp_medication,851041000033112,Lopresor SR 200mg tablets (Recordati Pharmaceuticals Ltd),0,
AURUM,bp,bp_medication,851841000033117,Losartan 25mg tablets,0,
AURUM,bp,bp_medication,851941000033113,Losartan 50mg tablets,0,
AURUM,bp,bp_medication,8536441000033115,Bisoprolol 10mg/5ml oral suspension,0,
AURUM,bp,bp_medication,8554141000033116,Ifirmasta 75mg tablets (Krka UK Ltd),0,
AURUM,bp,bp_medication,8554241000033111,Ifirmasta 150mg tablets (Krka UK Ltd),0,
AURUM,bp,bp_medication,8554341000033118,Ifirmasta 300mg tablets (Krka UK Ltd),0,
AURUM,bp,bp_medication,8841000033119,Acetazolamide 250mg modified-release capsules,0,
AURUM,bp,bp_medication,8869441000033119,Perindopril erbumine 4mg/5ml oral solution,0,
AURUM,bp,bp_medication,8870641000033119,Doxazosin 4mg/5ml oral solution,0,
AURUM,bp,bp_medication,887141000033113,Metoprolol 5mg/5ml solution for injection ampoules,0,
AURUM,bp,bp_medication,890741000033112,Metoprolol Fumarate  S/r tablets  95 mg,0,
AURUM,bp,bp_medication,891641000033111,Metoprolol 200mg modified-release tablets,0,
AURUM,bp,bp_medication,891741000033119,Metoros  Sr tablets  190 mg,0,
AURUM,bp,bp_medication,891841000033112,Metoros Ls  Sr tablets  95 mg,0,
AURUM,bp,bp_medication,894641000033114,Mepranix 50  Tablets  50 mg,0,
AURUM,bp,bp_medication,894741000033117,Mepranix 100  Tablets  100 mg,0,
AURUM,bp,bp_medication,89541000033111,Atenolol 5mg/10ml solution for injection ampoules,0,
AURUM,bp,bp_medication,8961141000033117,Nebivolol 10mg tablets,0,
AURUM,bp,bp_medication,8961241000033112,Noyada 5mg/5ml oral solution (Martindale Pharmaceuticals Ltd),0,
AURUM,bp,bp_medication,8961341000033119,Noyada 25mg/5ml oral solution (Martindale Pharmaceuticals Ltd),0,
AURUM,bp,bp_medication,896841000033116,Metenix 5mg tablets (Sanofi),0,
AURUM,bp,bp_medication,897741000033111,Metoprolol 100mg tablets,0,
AURUM,bp,bp_medication,897841000033118,Metoprolol 50mg tablets,0,
AURUM,bp,bp_medication,903541000033116,Metolazone 5mg tablets,0,
AURUM,bp,bp_medication,903641000033115,Metoprolol Tartrate  Tablets  200 mg,0,
AURUM,bp,bp_medication,90441000033118,Atenolol 25mg/5ml oral solution sugar free,0,
AURUM,bp,bp_medication,90541000033117,Atenix 100 tablets (Ashbourne Pharmaceuticals Ltd),0,
AURUM,bp,bp_medication,90641000033116,Atenolol 25mg tablets,0,
AURUM,bp,bp_medication,90741000033113,Atenix Co 100 tablets (Ashbourne Pharmaceuticals Ltd),0,
AURUM,bp,bp_medication,91041000033118,Atenolol 100mg tablets,0,
AURUM,bp,bp_medication,9105241000033114,Perindopril erbumine 4mg / Amlodipine 5mg tablets,0,
AURUM,bp,bp_medication,9105341000033116,Perindopril erbumine 4mg / Amlodipine 10mg tablets,0,
AURUM,bp,bp_medication,9105441000033110,Perindopril erbumine 8mg / Amlodipine 5mg tablets,0,
AURUM,bp,bp_medication,9105541000033111,Perindopril erbumine 8mg / Amlodipine 10mg tablets,0,
AURUM,bp,bp_medication,9108041000033111,Captopril 25mg/5ml oral solution sugar free,0,
AURUM,bp,bp_medication,9108141000033110,Captopril 5mg/5ml oral solution sugar free,0,
AURUM,bp,bp_medication,91141000033119,Atenolol 50mg tablets,0,
AURUM,bp,bp_medication,9118241000033117,Kenzem SR 60mg capsules (Kent Pharmaceuticals Ltd),0,
AURUM,bp,bp_medication,9118341000033110,Kenzem SR 90mg capsules (Kent Pharmaceuticals Ltd),0,
AURUM,bp,bp_medication,9118441000033116,Kenzem SR 120mg capsules (Kent Pharmaceuticals Ltd),0,
AURUM,bp,bp_medication,9121541000033117,Parmid XL 2.5mg tablets (Sandoz Ltd),0,
AURUM,bp,bp_medication,9121641000033116,Parmid XL 5mg tablets (Sandoz Ltd),0,
AURUM,bp,bp_medication,9121741000033113,Parmid XL 10mg tablets (Sandoz Ltd),0,
AURUM,bp,bp_medication,9121841000033115,Cardide SR 1.5mg tablets (Teva UK Ltd),0,
AURUM,bp,bp_medication,9158441000033111,Eytazox 250mg modified-release capsules (Teva UK Ltd),0,
AURUM,bp,bp_medication,9159341000033112,Actelsar HCT 40mg/12.5mg tablets (Actavis UK Ltd),0,
AURUM,bp,bp_medication,9159441000033118,Actelsar HCT 80mg/12.5mg tablets (Actavis UK Ltd),0,
AURUM,bp,bp_medication,9159541000033117,Actelsar HCT 80mg/25mg tablets (Accord-UK Ltd),0,
AURUM,bp,bp_medication,9173941000033111,Doxazosin 1mg/5ml oral solution,0,
AURUM,bp,bp_medication,91841000033113,Atenix 25 tablets (Ashbourne Pharmaceuticals Ltd),0,
AURUM,bp,bp_medication,9209341000033116,Tolura 20mg tablets (Krka UK Ltd),0,
AURUM,bp,bp_medication,9209441000033110,Tolura 40mg tablets (Krka UK Ltd),0,
AURUM,bp,bp_medication,9209541000033111,Tolura 80mg tablets (Krka UK Ltd),0,
AURUM,bp,bp_medication,92341000033113,Atenixco 50  Tablets  12.5 mg,0,
AURUM,bp,bp_medication,92441000033119,Atenix Co 50 tablets (Ashbourne Pharmaceuticals Ltd),0,
AURUM,bp,bp_medication,92541000033118,Atenix 50 tablets (Ashbourne Pharmaceuticals Ltd),0,
AURUM,bp,bp_medication,9278541000033112,Spironolactone 3mg / Chlorothiazide 30mg capsules,0,
AURUM,bp,bp_medication,9292641000033116,Tolucombi 40mg/12.5mg tablets (Krka UK Ltd),0,
AURUM,bp,bp_medication,9292741000033113,Tolucombi 80mg/12.5mg tablets (Krka UK Ltd),0,
AURUM,bp,bp_medication,9292841000033115,Tolucombi 80mg/25mg tablets (Krka UK Ltd),0,
AURUM,bp,bp_medication,935341000033118,Moducren tablets (Merck Sharp & Dohme Ltd),0,
AURUM,bp,bp_medication,935441000033112,Moduret 25 tablets (Merck Sharp & Dohme Ltd),0,
AURUM,bp,bp_medication,935541000033113,Moduretic 5mg/50mg tablets (Merck Sharp & Dohme Ltd),0,
AURUM,bp,bp_medication,937041000033114,Motens 2mg tablets (GlaxoSmithKline UK Ltd),0,
AURUM,bp,bp_medication,937141000033113,Motens 4mg tablets (GlaxoSmithKline UK Ltd),0,
AURUM,bp,bp_medication,937341000033111,Monozide 10 tablets (Wyeth Pharmaceuticals),0,
AURUM,bp,bp_medication,938041000033113,Moexipril 15mg tablets,0,
AURUM,bp,bp_medication,938141000033112,Moexipril 7.5mg tablets,0,
AURUM,bp,bp_medication,939141000033118,Monocor 5mg tablets (Wyeth Pharmaceuticals),0,
AURUM,bp,bp_medication,939241000033113,Monocor 10mg tablets (Wyeth Pharmaceuticals),0,
AURUM,bp,bp_medication,953141000033119,Natrilix SR 1.5mg tablets (Servier Laboratories Ltd),0,
AURUM,bp,bp_medication,955341000033117,Natrilix 2.5mg tablets (Servier Laboratories Ltd),0,
AURUM,bp,bp_medication,955441000033111,Navidrex 500microgram tablets (Advanz Pharma),0,
AURUM,bp,bp_medication,956341000033113,Nadolol 40mg tablets,0,
AURUM,bp,bp_medication,956541000033118,Nadolol 80mg tablets,0,
AURUM,bp,bp_medication,956741000033114,Navispare 2.5mg/250microgram tablets (Advanz Pharma),0,
AURUM,bp,bp_medication,965341000033114,Neo-Naclex 5mg tablets (Mercury Pharma Group Ltd),0,
AURUM,bp,bp_medication,967041000033118,Neo-Naclex-K modified-release tablets (Mercury Pharma Group Ltd),0,
AURUM,bp,bp_medication,967141000033119,Nicardipine 30mg capsules,0,
AURUM,bp,bp_medication,967241000033114,Nifedipine 10mg capsules,0,
AURUM,bp,bp_medication,967341000033116,Nifedipine 5mg capsules,0,
AURUM,bp,bp_medication,967741000033115,Nicardipine 20mg capsules,0,
AURUM,bp,bp_medication,9697741000033114,Nicardipine 10mg/10ml solution for infusion ampoules,0,
AURUM,bp,bp_medication,970741000033110,Nimodipine 10mg/50ml solution for infusion vials,0,
AURUM,bp,bp_medication,970841000033117,Nimotop 0.02% solution for infusion 50ml vials (Bayer Plc),0,
AURUM,bp,bp_medication,970941000033113,Nifedipine 20mg modified-release tablets,0,
AURUM,bp,bp_medication,971141000033116,Nifedipine 10mg modified-release capsules,0,
AURUM,bp,bp_medication,971241000033111,Nifedipine 30mg modified-release tablets,0,
AURUM,bp,bp_medication,971341000033118,Nifedipine 60mg modified-release tablets,0,
AURUM,bp,bp_medication,971441000033112,Nicardipine 30mg modified-release capsules,0,
AURUM,bp,bp_medication,971541000033113,Nicardipine 45mg modified-release capsules,0,
AURUM,bp,bp_medication,971841000033110,Nifedipine 10mg modified-release tablets,0,
AURUM,bp,bp_medication,971941000033119,Nimodrel Mr  M/R tablets  10 mg,0,
AURUM,bp,bp_medication,972041000033113,Nimodrel Mr  M/R tablets  20 mg,0,
AURUM,bp,bp_medication,972141000033112,Nisoldipine 10mg modified-release tablets,0,
AURUM,bp,bp_medication,972241000033117,Nisoldipine 20mg modified-release tablets,0,
AURUM,bp,bp_medication,972341000033110,Nisoldipine 30mg modified-release tablets,0,
AURUM,bp,bp_medication,972441000033116,Nifedipine 40mg modified-release tablets,0,
AURUM,bp,bp_medication,974141000033119,Nifedipine 20mg modified-release capsules,0,
AURUM,bp,bp_medication,974941000033117,Nifedipine  Tablets  20 mg,0,
AURUM,bp,bp_medication,977341000033113,Nifedipine  Tablets  10 mg,0,
AURUM,bp,bp_medication,977441000033119,Nimodipine 30mg tablets,0,
AURUM,bp,bp_medication,977641000033117,Nifedipine  Tablets  10 mg,0,
AURUM,bp,bp_medication,9776441000033119,Sotalol 25mg/5ml oral suspension,0,
AURUM,bp,bp_medication,977741000033114,Nimotop 30mg tablets (Bayer Plc),0,
AURUM,bp,bp_medication,9808241000033110,Diuresal 500mg tablets (Ennogen Pharma Ltd),0,
AURUM,bp,bp_medication,998541000033110,Odrik 1mg capsules (Aventis Pharma),0,
AURUM,bp,bp_medication,998641000033111,Odrik 2mg capsules (Aventis Pharma),0,
AURUM,bp,bp_medication,998741000033119,Odrik 500microgram capsules (Aventis Pharma),0,
AURUM,lipid,alirocumab,10647041000033115,,0,alirocumab
AURUM,lipid,alirocumab,10647141000033116,,0,alirocumab
AURUM,lipid,alirocumab,10647241000033111,,0,alirocumab
AURUM,lipid,alirocumab,10647341000033118,,0,alirocumab
AURUM,lipid,alirocumab,13806241000033113,,0,alirocumab
AURUM,lipid,alirocumab,13806341000033115,,0,alirocumab
AURUM,lipid,bempedoic_acid,13742041000033111,,0,bempedoic acid
AURUM,lipid,bempedoic_acid,13742141000033110,,0,bempedoic acid
AURUM,lipid,bempedoic_acid,13742241000033115,,1,bempedoic acid|ezetimibe
AURUM,lipid,bempedoic_acid,13742341000033113,,1,bempedoic acid|ezetimibe
AURUM,lipid,evolocumab,10617841000033118,,0,evolocumab
AURUM,lipid,evolocumab,10617941000033114,,0,evolocumab
AURUM,lipid,evolocumab,10618041000033112,,0,evolocumab
AURUM,lipid,evolocumab,10618141000033111,,0,evolocumab
AURUM,lipid,ezetimibe,13742241000033115,,1,bempedoic acid|ezetimibe
AURUM,lipid,ezetimibe,13742341000033113,,1,bempedoic acid|ezetimibe
AURUM,lipid,ezetimibe,2906741000033119,,0,ezetimibe
AURUM,lipid,ezetimibe,2906841000033112,,0,ezetimibe
AURUM,lipid,ezetimibe,3292441000033116,,1,ezetimibe|simvastatin
AURUM,lipid,ezetimibe,3292541000033115,,1,ezetimibe|simvastatin
AURUM,lipid,ezetimibe,3292641000033119,,1,ezetimibe|simvastatin
AURUM,lipid,ezetimibe,3292741000033111,,1,ezetimibe|simvastatin
AURUM,lipid,ezetimibe,3292841000033118,,1,ezetimibe|simvastatin
AURUM,lipid,ezetimibe,3292941000033114,,1,ezetimibe|simvastatin
AURUM,lipid,fibrates,11241741000033119,,1,fenofibrate|simvastatin
AURUM,lipid,fibrates,11241841000033112,,1,fenofibrate|simvastatin
AURUM,lipid,fibrates,144941000033118,,0,bezafibrate
AURUM,lipid,fibrates,145041000033118,,0,bezafibrate
AURUM,lipid,fibrates,145841000033113,,0,bezafibrate
AURUM,lipid,fibrates,145941000033117,,0,bezafibrate
AURUM,lipid,fibrates,1578041000033115,,0,bezafibrate
AURUM,lipid,fibrates,1862541000033115,,0,fenofibrate
AURUM,lipid,fibrates,1862641000033119,,0,fenofibrate
AURUM,lipid,fibrates,1862741000033111,,0,fenofibrate
AURUM,lipid,fibrates,2055241000033119,,0,bezafibrate
AURUM,lipid,fibrates,2192041000033117,,0,bezafibrate
AURUM,lipid,fibrates,2214741000033113,,0,fenofibrate
AURUM,lipid,fibrates,2214841000033115,,0,fenofibrate
AURUM,lipid,fibrates,258541000033118,,0,ciprofibrate
AURUM,lipid,fibrates,2801141000033116,,0,fenofibrate
AURUM,lipid,fibrates,3188941000033114,,0,fenofibrate
AURUM,lipid,fibrates,564541000033112,,0,fenofibrate
AURUM,lipid,fibrates,564641000033113,,0,fenofibrate
AURUM,lipid,fibrates,627841000033118,,0,gemfibrozil
AURUM,lipid,fibrates,634541000033110,,0,gemfibrozil
AURUM,lipid,fibrates,6453641000033112,,0,bezafibrate
AURUM,lipid,fibrates,836941000033116,,0,fenofibrate
AURUM,lipid,fibrates,838941000033115,,0,gemfibrozil
AURUM,lipid,fibrates,851541000033119,,0,gemfibrozil
AURUM,lipid,fibrates,936941000033113,,0,ciprofibrate
AURUM,lipid,statins,10618641000033118,,1,
AURUM,lipid,statins,11241741000033119,,1,fibrate|statin
AURUM,lipid,statins,11241841000033112,,1,fibrate|statin
AURUM,lipid,statins,11241941000033116,,1,
AURUM,lipid,statins,11242041000033110,,1,
AURUM,lipid,statins,1130141000033111,,0,
AURUM,lipid,statins,1130241000033116,,0,
AURUM,lipid,statins,1136541000033116,,0,
AURUM,lipid,statins,12486541000033113,,1,
AURUM,lipid,statins,12987241000033111,,0,
AURUM,lipid,statins,1336841000033110,,0,
AURUM,lipid,statins,1336941000033119,,0,
AURUM,lipid,statins,1337541000033111,,0,
AURUM,lipid,statins,1562241000033118,,0,
AURUM,lipid,statins,1562841000033119,,0,
AURUM,lipid,statins,1562941000033110,,0,
AURUM,lipid,statins,1916741000033116,,0,
AURUM,lipid,statins,1916841000033114,,0,
AURUM,lipid,statins,2066241000033118,,0,
AURUM,lipid,statins,2066341000033111,,0,
AURUM,lipid,statins,2189041000033110,,0,
AURUM,lipid,statins,2189141000033114,,0,
AURUM,lipid,statins,2261041000033114,,0,
AURUM,lipid,statins,2261141000033113,,0,
AURUM,lipid,statins,2290041000033115,,0,
AURUM,lipid,statins,2290141000033116,,0,
AURUM,lipid,statins,233741000033115,,0,
AURUM,lipid,statins,233841000033113,,0,
AURUM,lipid,statins,233941000033117,,0,
AURUM,lipid,statins,2891541000033111,,0,
AURUM,lipid,statins,2891641000033112,,0,
AURUM,lipid,statins,2891741000033115,,0,
AURUM,lipid,statins,2891841000033113,,0,
AURUM,lipid,statins,2891941000033117,,0,
AURUM,lipid,statins,2892041000033111,,0,
AURUM,lipid,statins,2973941000033116,,0,
AURUM,lipid,statins,2974041000033119,,0,
AURUM,lipid,statins,2974141000033115,,0,
AURUM,lipid,statins,3140841000033113,,0,
AURUM,lipid,statins,3140941000033117,,0,
AURUM,lipid,statins,3141041000033110,,0,
AURUM,lipid,statins,3292441000033116,,1,ezetimibe|statin
AURUM,lipid,statins,3292541000033115,,1,ezetimibe|statin
AURUM,lipid,statins,3292641000033119,,1,ezetimibe|statin
AURUM,lipid,statins,3292741000033111,,1,ezetimibe|statin
AURUM,lipid,statins,3292841000033118,,1,ezetimibe|statin
AURUM,lipid,statins,3292941000033114,,1,ezetimibe|statin
AURUM,lipid,statins,3304141000033110,,1,
AURUM,lipid,statins,3836041000033114,,0,
AURUM,lipid,statins,3836141000033113,,0,
AURUM,lipid,statins,3868741000033118,,1,
AURUM,lipid,statins,4152341000033115,,1,
AURUM,lipid,statins,4941641000033116,,0,
AURUM,lipid,statins,5007141000033112,,0,
AURUM,lipid,statins,5560541000033119,,0,
AURUM,lipid,statins,5711041000033117,,1,
AURUM,lipid,statins,5711841000033112,,0,
AURUM,lipid,statins,578641000033114,,0,
AURUM,lipid,statins,578741000033117,,0,
AURUM,lipid,statins,5808641000033119,,0,
AURUM,lipid,statins,5817741000033114,,1,
AURUM,lipid,statins,5817841000033116,,1,
AURUM,lipid,statins,5888441000033115,,1,
AURUM,lipid,statins,5888541000033119,,1,
AURUM,lipid,statins,5897741000033110,,1,
AURUM,lipid,statins,5897841000033117,,1,
AURUM,lipid,statins,5990541000033112,,1,
AURUM,lipid,statins,6468641000033113,,0,
AURUM,lipid,statins,6468841000033114,,0,
AURUM,lipid,statins,6469041000033110,,0,
AURUM,lipid,statins,6469141000033114,,0,
AURUM,lipid,statins,7861441000033110,,0,
AURUM,lipid,statins,7861541000033111,,0,
AURUM,lipid,statins,819941000033119,,0,
AURUM,lipid,statins,820041000033116,,0,
AURUM,lipid,statins,834841000033118,,0,
AURUM,lipid,statins,834941000033114,,0,
AURUM,lipid,statins,836241000033113,,0,
AURUM,lipid,statins,836341000033115,,0,
AURUM,lipid,statins,836441000033114,,0,
AURUM,lipid,statins,836541000033110,,0,
AURUM,lipid,statins,836641000033111,,0,
AURUM,lipid,statins,836741000033119,,0,
AURUM,lipid,statins,836841000033112,,0,
AURUM,lipid,statins,8493841000033111,,1,
AURUM,lipid,statins,8962441000033117,,0,
AURUM,lipid,statins,91941000033117,,0,
AURUM,lipid,statins,92041000033111,,0,
AURUM,lipid,statins,92141000033110,,0,
AURUM,t2d,dpp4i,14121441000033118,Sitagliptin 100mg/5ml oral solution sugar free,0,
AURUM,t2d,dpp4i,14219541000033113,Sitagliptin 125mg/5ml oral solution sugar free,0,
AURUM,t2d,dpp4i,4133241000033117,Sitagliptin 100mg tablets,0,
AURUM,t2d,dpp4i,4133341000033110,Januvia 100mg tablets (Merck Sharp & Dohme Ltd),0,
AURUM,t2d,dpp4i,4269741000033117,Vildagliptin 50mg tablets,0,
AURUM,t2d,dpp4i,4269941000033119,Galvus 50mg tablets (Novartis Pharmaceuticals UK Ltd),0,
AURUM,t2d,dpp4i,5316641000033118,Saxagliptin 5mg tablets,0,
AURUM,t2d,dpp4i,5316741000033110,Onglyza 5mg tablets (AstraZeneca UK Ltd),0,
AURUM,t2d,dpp4i,6123241000033112,Saxagliptin 2.5mg tablets,0,
AURUM,t2d,dpp4i,6123341000033119,Onglyza 2.5mg tablets (AstraZeneca UK Ltd),0,
AURUM,t2d,dpp4i,6444041000033117,Linagliptin 5mg tablets,0,
AURUM,t2d,dpp4i,6444141000033118,Trajenta 5mg tablets (Boehringer Ingelheim Ltd),0,
AURUM,t2d,dpp4i,7687241000033110,Sitagliptin 50mg tablets,0,
AURUM,t2d,dpp4i,7687341000033117,Januvia 50mg tablets (Merck Sharp & Dohme Ltd),0,
AURUM,t2d,dpp4i,7687441000033111,Sitagliptin 25mg tablets,0,
AURUM,t2d,dpp4i,7687541000033112,Januvia 25mg tablets (Merck Sharp & Dohme Ltd),0,
AURUM,t2d,dpp4i,8959241000033118,Alogliptin 6.25mg tablets,0,
AURUM,t2d,dpp4i,8959341000033111,Alogliptin 12.5mg tablets,0,
AURUM,t2d,dpp4i,8959441000033117,Alogliptin 25mg tablets,0,
AURUM,t2d,dpp4i,8959541000033116,Vipidia 6.25mg tablets (Takeda UK Ltd),0,
AURUM,t2d,dpp4i,8959641000033115,Vipidia 12.5mg tablets (Takeda UK Ltd),0,
AURUM,t2d,dpp4i,8959741000033112,Vipidia 25mg tablets (Takeda UK Ltd),0,
AURUM,t2d,glinide,1659941000033116,NovoNorm 500microgram tablets (Novo Nordisk Ltd),0,
AURUM,t2d,glinide,1660041000033118,NovoNorm 1mg tablets (Novo Nordisk Ltd),0,
AURUM,t2d,glinide,1660141000033119,NovoNorm 2mg tablets (Novo Nordisk Ltd),0,
AURUM,t2d,glinide,1672741000033112,Repaglinide 1mg tablets,0,
AURUM,t2d,glinide,1672841000033119,Repaglinide 2mg tablets,0,
AURUM,t2d,glinide,1672941000033110,Repaglinide 500microgram tablets,0,
AURUM,t2d,glinide,2288241000033112,Nateglinide 60mg tablets,0,
AURUM,t2d,glinide,2288341000033119,Nateglinide 120mg tablets,0,
AURUM,t2d,glinide,2288441000033113,Nateglinide 180mg tablets,0,
AURUM,t2d,glinide,2288541000033114,Starlix 60mg tablets (Novartis Pharmaceuticals UK Ltd),0,
AURUM,t2d,glinide,2288641000033110,Starlix 120mg tablets (Novartis Pharmaceuticals UK Ltd),0,
AURUM,t2d,glinide,2288741000033118,Starlix 180mg tablets (Novartis Pharmaceuticals UK Ltd),0,
AURUM,t2d,glinide,3993941000033119,Prandin 0.5mg tablets (Novo Nordisk Ltd),0,
AURUM,t2d,glinide,3994041000033117,Prandin 1mg tablets (Novo Nordisk Ltd),0,
AURUM,t2d,glinide,3994141000033118,Prandin 2mg tablets (Novo Nordisk Ltd),0,
AURUM,t2d,glinide,6391141000033118,Enyglid 0.5mg tablets (Consilient Health Ltd),0,
AURUM,t2d,glinide,6391241000033113,Enyglid 1mg tablets (Consilient Health Ltd),0,
AURUM,t2d,glinide,6391341000033115,Enyglid 2mg tablets (Consilient Health Ltd),0,
AURUM,t2d,glp1ra,10042541000033117,Exenatide  Prolonged release suspension for injection  2 mg device,0,
AURUM,t2d,glp1ra,10042641000033116,Bydureon  Prolonged release suspension for injection  2 mg pen,0,
AURUM,t2d,glp1ra,10207841000033118,Dulaglutide 0.75mg/0.5ml solution for injection pre-filled disposable devices,0,
AURUM,t2d,glp1ra,10207941000033114,Dulaglutide 1.5mg/0.5ml solution for injection pre-filled disposable devices,0,
AURUM,t2d,glp1ra,10208041000033112,Trulicity 0.75mg/0.5ml solution for injection pre-filled pens (Eli Lilly and Company Ltd),0,
AURUM,t2d,glp1ra,10208141000033111,Trulicity 1.5mg/0.5ml solution for injection pre-filled pen (Eli Lilly and Company Ltd),0,
AURUM,t2d,glp1ra,12876141000033116,Semaglutide 1mg/0.74ml solution for injection 3ml pre-filled disposable device,0,
AURUM,t2d,glp1ra,12876241000033111,Semaglutide 0.25mg/0.19ml solution for injection 1.5ml pre-filled disposable devices,0,
AURUM,t2d,glp1ra,12876241000033112,Semaglutide 0.25mg/0.19ml solution for injection 1.5ml pre-filled disposable devices,0,
AURUM,t2d,glp1ra,12876341000033118,Semaglutide 0.5mg/0.37ml solution for injection 1.5ml pre-filled disposable device,0,
AURUM,t2d,glp1ra,12876441000033112,Ozempic 1mg/0.74ml solution for injection 3ml pre-filled pens (Novo Nordisk Ltd),0,
AURUM,t2d,glp1ra,12876541000033112,Ozempic 0.25mg/0.19ml solution for injection 1.5ml pre-filled pens (Novo Nordisk Ltd),0,
AURUM,t2d,glp1ra,12876541000033113,Ozempic 0.25mg/0.19ml solution for injection 1.5ml pre-filled pens (Novo Nordisk Ltd),0,
AURUM,t2d,glp1ra,12876641000033114,Ozempic 0.5mg/0.37ml solution for injection 1.5ml pre-filled pens (Novo Nordisk Ltd),0,
AURUM,t2d,glp1ra,13427341000033118,Exenatide 2mg powder and solvent for prolonged-release suspension for injection pre-filled disposable devices,0,
AURUM,t2d,glp1ra,13427441000033112,Bydureon 2mg powder and solvent for prolonged-release suspension for injection pre-filled pens (AstraZeneca UK Ltd),0,
AURUM,t2d,glp1ra,13427541000033112,Exenatide 2mg/0.85ml prolonged-release suspension for injection pre-filled disposable devices,0,
AURUM,t2d,glp1ra,13427541000033113,Exenatide 2mg/0.85ml prolonged-release suspension for injection pre-filled disposable devices,0,
AURUM,t2d,glp1ra,13427641000033114,Bydureon BCise 2mg/0.85ml prolonged-release suspension for injection pre-filled pens (AstraZeneca UK Ltd),0,
AURUM,t2d,glp1ra,13712241000033110,Semaglutide 3mg tablets,0,
AURUM,t2d,glp1ra,13712341000033116,Semaglutide 7mg tablets,0,
AURUM,t2d,glp1ra,13712341000033117,Semaglutide 7mg tablets,0,
AURUM,t2d,glp1ra,13712441000033111,Semaglutide 14mg tablets,0,
AURUM,t2d,glp1ra,13712541000033112,Rybelsus 3mg tablets (Novo Nordisk Ltd),0,
AURUM,t2d,glp1ra,13712641000033112,Rybelsus 7mg tablets (Novo Nordisk Ltd),0,
AURUM,t2d,glp1ra,13712641000033113,Rybelsus 7mg tablets (Novo Nordisk Ltd),0,
AURUM,t2d,glp1ra,13712741000033116,Rybelsus 14mg tablets (Novo Nordisk Ltd),0,
AURUM,t2d,glp1ra,13753141000033118,Dulaglutide 3mg/0.5ml solution for injection pre-filled disposable devices,0,
AURUM,t2d,glp1ra,13753241000033112,Dulaglutide 4.5mg/0.5ml solution for injection pre-filled disposable devices,0,
AURUM,t2d,glp1ra,13753241000033113,Dulaglutide 4.5mg/0.5ml solution for injection pre-filled disposable devices,0,
AURUM,t2d,glp1ra,13753341000033115,Trulicity 3mg/0.5ml solution for injection pre-filled pens (Eli Lilly and Company Ltd),0,
AURUM,t2d,glp1ra,13753341000033116,Trulicity 3mg/0.5ml solution for injection pre-filled pens (Eli Lilly and Company Ltd),0,
AURUM,t2d,glp1ra,13753441000033114,Trulicity 4.5mg/0.5ml solution for injection pre-filled pens (Eli Lilly and Company Ltd),0,
AURUM,t2d,glp1ra,14237541000033113,Semaglutide 0.25mg/0.37ml solution for injection 1.5ml pre-filled disposable devices,0,
AURUM,t2d,glp1ra,14238441000033113,Semaglutide 1mg/0.75ml solution for injection 3ml pre-filled disposable devices,0,
AURUM,t2d,glp1ra,4149341000033111,Exenatide 5micrograms/0.02ml solution for injection 1.2ml pre-filled disposable devices,0,
AURUM,t2d,glp1ra,4149441000033117,Exenatide 10micrograms/0.04ml solution for injection 2.4ml pre-filled disposable devices,0,
AURUM,t2d,glp1ra,4149541000033116,Byetta 5micrograms/0.02ml solution for injection 1.2ml pre-filled pens (AstraZeneca UK Ltd),0,
AURUM,t2d,glp1ra,4149641000033115,Byetta 10micrograms/0.04ml solution for injection 2.4ml pre-filled pens (AstraZeneca UK Ltd),0,
AURUM,t2d,glp1ra,5131241000033110,Liraglutide 6mg/ml solution for injection 3ml pre-filled disposable devices,0,
AURUM,t2d,glp1ra,5131341000033117,Victoza 6mg/ml solution for injection 3ml pre-filled pens (Novo Nordisk Ltd),0,
AURUM,t2d,glp1ra,6388241000033117,Exenatide 2mg powder and solvent for prolonged-release suspension for injection vials,0,
AURUM,t2d,glp1ra,6388341000033110,Bydureon 2mg powder and solvent for prolonged-release suspension for injection vials (AstraZeneca UK Ltd),0,
AURUM,t2d,glp1ra,8267341000033110,Lixisenatide 10micrograms/0.2ml solution for injection 3ml pre-filled disposable devices,0,
AURUM,t2d,glp1ra,8267441000033116,Lixisenatide 20micrograms/0.2ml solution for injection 3ml pre-filled disposable devices,0,
AURUM,t2d,glp1ra,8267541000033115,Lyxumia 10micrograms/0.2ml solution for injection 3ml pre-filled pens (Sanofi),0,
AURUM,t2d,glp1ra,8267641000033119,Lyxumia 20micrograms/0.2ml solution for injection 3ml pre-filled pens (Sanofi),0,
AURUM,t2d,glp1ra,8268441000033115,Lixisenatide 10micrograms/0.2ml solution for injection 3ml pre-filled disposable devices and Lixisenatide 20micrograms/0.2ml solution for injection 3ml pre-filled disposable devices,0,
AURUM,t2d,glp1ra,8268641000033118,Lyxumia 10micrograms/20micrograms treatment initiation pack (Sanofi),0,
AURUM,t2d,insulin,10252641000033111,Insulin lispro 200units/ml solution for injection 3ml pre-filled disposable devices,0,
AURUM,t2d,insulin,10252641000033112,Insulin lispro 200units/ml solution for injection 3ml pre-filled disposable devices,0,
AURUM,t2d,insulin,10252741000033119,Humalog KwikPen 200units/ml solution for injection 3ml pre-filled pens (Eli Lilly and Company Ltd),0,
AURUM,t2d,insulin,10252741000033120,Humalog KwikPen 200units/ml solution for injection 3ml pre-filled pens (Eli Lilly and Company Ltd),0,
AURUM,t2d,insulin,10494241000033110,Insulin glargine 300units/ml solution for injection 1.5ml pre-filled disposable devices,0,
AURUM,t2d,insulin,10494441000033111,Toujeo 300units/ml solution for injection 1.5ml pre-filled SoloStar pens (Sanofi),0,
AURUM,t2d,insulin,10494441000033112,Toujeo 300units/ml solution for injection 1.5ml pre-filled SoloStar pens (Sanofi),0,
AURUM,t2d,insulin,10600641000033118,Abasaglar 100units/ml solution for injection 3ml cartridges (Eli Lilly and Company Ltd),0,
AURUM,t2d,insulin,10600741000033110,Abasaglar KwikPen 100units/ml solution for injection 3ml pre-filled pens (Eli Lilly and Company Ltd),0,
AURUM,t2d,insulin,10674041000033112,Insulin human 100units/ml solution for injection 3.15ml cartridges,0,
AURUM,t2d,insulin,10674141000033111,Insuman Infusat 100units/ml solution for injection 10ml vials (Sanofi),0,
AURUM,t2d,insulin,10674141000033112,Insuman Infusat 100units/ml solution for injection 10ml vials (Sanofi),0,
AURUM,t2d,insulin,10674341000033114,Insuman Infusat 100units/ml solution for injection 3.15ml cartridges (Sanofi),0,
AURUM,t2d,insulin,1119741000033114,Insulin protamine zinc bovine 100units/ml suspension for injection 10ml vials,0,
AURUM,t2d,insulin,11493341000033110,"Actraphane Hm (Ge) Suspension For Injection 100 units/ml, 10 ml vial",0,
AURUM,t2d,insulin,1152741000033110,Rapitard Mc (Novo) Injection 100 units/ml,0,
AURUM,t2d,insulin,12186441000033111,Fiasp 100units/ml solution for injection 10ml vials (Novo Nordisk Ltd),0,
AURUM,t2d,insulin,12186441000033112,Fiasp 100units/ml solution for injection 10ml vials (Novo Nordisk Ltd),0,
AURUM,t2d,insulin,12186541000033112,Fiasp FlexTouch 100units/ml solution for injection 3ml pre-filled pens (Novo Nordisk Ltd),0,
AURUM,t2d,insulin,12186641000033112,Fiasp Penfill 100units/ml solution for injection 3ml cartridges (Novo Nordisk Ltd),0,
AURUM,t2d,insulin,12186641000033113,Fiasp Penfill 100units/ml solution for injection 3ml cartridges (Novo Nordisk Ltd),0,
AURUM,t2d,insulin,12481641000033115,Humulin R KwikPen 500units/ml solution for injection 3ml pre-filled pens,0,
AURUM,t2d,insulin,12481641000033116,Humulin R KwikPen 500units/ml solution for injection 3ml pre-filled pens (Imported (United States)),0,
AURUM,t2d,insulin,12486241000033111,Humalog Junior KwikPen 100units/ml solution for injection 3ml pre-filled pens (Eli Lilly and Company Ltd),0,
AURUM,t2d,insulin,12486241000033112,Humalog Junior KwikPen 100units/ml solution for injection 3ml pre-filled pens (Eli Lilly and Company Ltd),0,
AURUM,t2d,insulin,12600741000033116,Insulin lispro Sanofi 100units/ml solution for injection 10ml vials (Sanofi),0,
AURUM,t2d,insulin,12600841000033114,Insulin lispro Sanofi 100units/ml solution for injection 3ml cartridges (Sanofi),0,
AURUM,t2d,insulin,12600941000033118,Insulin lispro Sanofi 100units/ml solution for injection 3ml pre-filled pens (Sanofi),0,
AURUM,t2d,insulin,12624241000033111,Insulin soluble porcine 100units/ml solution for injection 10ml vials,0,
AURUM,t2d,insulin,12624241000033112,Insulin soluble porcine 100units/ml solution for injection 10ml vials,0,
AURUM,t2d,insulin,12686641000033112,Semglee 100units/ml solution for injection 3ml pre-filled pens (Viatris UK Healthcare Ltd),0,
AURUM,t2d,insulin,1271241000033110,Semitard Mc (Novo) Injection 100 units/ml,0,
AURUM,t2d,insulin,12998741000033119,Insulin glargine 300units/ml solution for injection 3ml pre-filled disposable devices,0,
AURUM,t2d,insulin,12998741000033120,Insulin glargine 300units/ml solution for injection 3ml pre-filled disposable devices,0,
AURUM,t2d,insulin,12998841000033112,Toujeo 300units/ml solution for injection 3ml pre-filled DoubleStar pens (Sanofi),0,
AURUM,t2d,insulin,13604741000033119,Lyumjev Junior KwikPen 100units/ml solution for injection 3ml pre-filled pens (Eli Lilly and Company Ltd),0,
AURUM,t2d,insulin,13604741000033120,Lyumjev Junior KwikPen 100units/ml solution for injection 3ml pre-filled pens (Eli Lilly and Company Ltd),0,
AURUM,t2d,insulin,13604841000033112,Lyumjev KwikPen 100units/ml solution for injection 3ml pre-filled pens (Eli Lilly and Company Ltd),0,
AURUM,t2d,insulin,13604941000033116,Lyumjev KwikPen 200units/ml solution for injection 3ml pre-filled pens (Eli Lilly and Company Ltd),0,
AURUM,t2d,insulin,13605041000033116,Lyumjev 100units/ml solution for injection 3ml cartridges (Eli Lilly and Company Ltd),0,
AURUM,t2d,insulin,13605141000033116,Lyumjev 100units/ml solution for injection 10ml vials (Eli Lilly and Company Ltd),0,
AURUM,t2d,insulin,13605141000033117,Lyumjev 100units/ml solution for injection 10ml vials (Eli Lilly and Company Ltd),0,
AURUM,t2d,insulin,13861141000033114,Trurapi 100units/ml solution for injection 3ml cartridges (Sanofi),0,
AURUM,t2d,insulin,13861241000033119,Trurapi 100units/ml solution for injection 3ml pre-filled Solostar pens (Sanofi),0,
AURUM,t2d,insulin,13911841000033112,Admelog 100units/ml solution for injection 10ml vials (Sanofi),0,
AURUM,t2d,insulin,13911941000033116,Admelog 100units/ml solution for injection 3ml cartridges (Sanofi),0,
AURUM,t2d,insulin,13912041000033110,Admelog 100units/ml solution for injection 3ml pre-filled pens (Sanofi),0,
AURUM,t2d,insulin,13939841000033118,Trurapi 100units/ml solution for injection 10ml vials (Sanofi),0,
AURUM,t2d,insulin,14002541000033110,Abasaglar Tempo Pen 100units/ml solution for injection 3ml pre-filled pens (Eli Lilly and Company Ltd),0,
AURUM,t2d,insulin,14004241000033116,Humalog Tempo Pen 100units/ml solution for injection 3ml pre-filled pens (Eli Lilly and Company Ltd),0,
AURUM,t2d,insulin,14041441000033111,Lyumjev Tempo Pen 100units/ml solution for injection 3ml pre-filled pens (Eli Lilly and Company Ltd),0,
AURUM,t2d,insulin,14041441000033112,Lyumjev Tempo Pen 100units/ml solution for injection 3ml pre-filled pens (Eli Lilly and Company Ltd),0,
AURUM,t2d,insulin,1419541000033119,Tempulin (Boots) Injection 100 units/ml,0,
AURUM,t2d,insulin,148841000033116,Biphasic Insulin  Injection  100 units/ml,0,
AURUM,t2d,insulin,1507441000033119,Human Velosulin Injection 100 u/ml,0,
AURUM,t2d,insulin,1508341000033112,Pork Velosulin Injection 100 units/ml,0,
AURUM,t2d,insulin,1508441000033118,Velosulin Cartridge (Nordisk Wellcome) Injection 100 units/ml,0,
AURUM,t2d,insulin,1615941000033113,Humulin I 100units/ml suspension for injection 3ml cartridges (Eli Lilly and Company Ltd),0,
AURUM,t2d,insulin,1616041000033115,Humulin S 100units/ml solution for injection 3ml cartridges (Eli Lilly and Company Ltd),0,
AURUM,t2d,insulin,1616141000033116,Humulin M1 Cartridges (3 Ml),0,
AURUM,t2d,insulin,1616241000033111,Humulin M2 100units/ml suspension for injection 3ml cartridges (Eli Lilly and Company Ltd),0,
AURUM,t2d,insulin,1616341000033118,Humulin M3 100units/ml suspension for injection 3ml cartridges (Eli Lilly and Company Ltd),0,
AURUM,t2d,insulin,1616441000033112,Humulin M4 Cartridges (3 Ml),0,
AURUM,t2d,insulin,1620641000033115,"Isophane Insulin (Human Pyr)  Injection  100 units/ml, 10 ml vial",0,
AURUM,t2d,insulin,1621141000033118,Isophane Insulin (Human Pyr) Penfill Cartridges (1.5 Ml) 100 units/ml,0,
AURUM,t2d,insulin,1621241000033113,Isophane Insulin (Human Pyr) Penfill cartridges (3 ml) 100 units/ml,0,
AURUM,t2d,insulin,1621341000033115,Isophane Insulin (Human Pyr) Preloaded pen 100 units/ml,0,
AURUM,t2d,insulin,1714041000033116,Human Insulatard Penfill 100units/ml suspension for injection 1.5ml cartridges (Novo Nordisk Ltd),0,
AURUM,t2d,insulin,1736841000033114,Humalog 100units/ml solution for injection 3ml cartridges (Eli Lilly and Company Ltd),0,
AURUM,t2d,insulin,1736941000033118,Humalog Mix25 100units/ml suspension for injection 3ml cartridges (Eli Lilly and Company Ltd),0,
AURUM,t2d,insulin,1737041000033117,Humalog Mix25 Pen 100units/ml suspension for injection 3ml pre-filled pens (Waymade Healthcare Plc),0,
AURUM,t2d,insulin,1739941000033110,Insulin lispro 100units/ml solution for injection 3ml cartridges,0,
AURUM,t2d,insulin,1749441000033116,Pork Actrapid 100units/ml solution for injection 10ml vials (Novo Nordisk Ltd),0,
AURUM,t2d,insulin,1821441000033116,Insulin isophane porcine 100units/ml suspension for injection 10ml vials,0,
AURUM,t2d,insulin,1821541000033115,Insulin isophane porcine 100units/ml suspension for injection 3ml cartridges,0,
AURUM,t2d,insulin,1821641000033119,Insulin isophane bovine 100units/ml suspension for injection 10ml vials,0,
AURUM,t2d,insulin,1821741000033111,Insulin isophane bovine 100units/ml suspension for injection 3ml cartridges,0,
AURUM,t2d,insulin,1861941000033119,Insulin aspart 100units/ml solution for injection 10ml vials,0,
AURUM,t2d,insulin,1862041000033113,Insulin aspart 100units/ml solution for injection 3ml cartridges,0,
AURUM,t2d,insulin,1862141000033112,Insulin Aspart  Prefilled syringes  100 units/ml,0,
AURUM,t2d,insulin,1862241000033117,NovoRapid 100units/ml solution for injection 10ml vials (Novo Nordisk Ltd),0,
AURUM,t2d,insulin,1862341000033110,NovoRapid Penfill 100units/ml solution for injection 3ml cartridges (Novo Nordisk Ltd),0,
AURUM,t2d,insulin,1862441000033116,NovoRapid Novolet 100units/ml solution for injection (Novo Nordisk Ltd),0,
AURUM,t2d,insulin,2018841000033116,Hypurin Porcine 30/70 Mix 100units/ml suspension for injection 10ml vials (Wockhardt UK Ltd),0,
AURUM,t2d,insulin,2018941000033112,Hypurin Porcine 30/70 Mix 100units/ml suspension for injection 1.5ml cartridges (C P Pharmaceuticals Ltd),0,
AURUM,t2d,insulin,2034441000033116,Insuman Rapid 100units/ml solution for injection 5ml vials (Aventis Pharma),0,
AURUM,t2d,insulin,2034641000033119,Insuman Rapid 100units/ml solution for injection 3ml cartridges (Sanofi),0,
AURUM,t2d,insulin,2035241000033118,Insuman Basal 100units/ml suspension for injection 5ml vials (Sanofi),0,
AURUM,t2d,insulin,2035441000033117,Insuman Basal 100units/ml suspension for injection 3ml cartridges (Sanofi),0,
AURUM,t2d,insulin,2035541000033116,Insuman Comb 25 100units/ml suspension for injection 5ml vials (Sanofi),0,
AURUM,t2d,insulin,2035641000033115,Insuman Comb 25 100units/ml suspension for injection 3ml cartridges (Sanofi),0,
AURUM,t2d,insulin,2158441000033118,Insuman Comb 15 100units/ml suspension for injection 5ml vials (Aventis Pharma),0,
AURUM,t2d,insulin,2158541000033117,Insuman Comb 15 100units/ml suspension for injection 3ml cartridges (Sanofi),0,
AURUM,t2d,insulin,2158641000033116,Insuman Comb 50 100units/ml suspension for injection 5ml vials (Aventis Pharma),0,
AURUM,t2d,insulin,2158741000033113,Insuman Comb 50 100units/ml suspension for injection 3ml cartridges (Sanofi),0,
AURUM,t2d,insulin,2182141000033117,Humalog Mix50 Pen 100units/ml suspension for injection 3ml pre-filled pens (Sigma Pharmaceuticals Plc),0,
AURUM,t2d,insulin,2182241000033112,Insulin lispro 100units/ml solution for injection 3ml pre-filled disposable devices,0,
AURUM,t2d,insulin,2182341000033119,Humalog Pen 100units/ml solution for injection 3ml pre-filled pens (Sigma Pharmaceuticals Plc),0,
AURUM,t2d,insulin,2182441000033113,Humulin I Pen 100units/ml suspension for injection 3ml pre-filled pens (Eli Lilly and Company Ltd),0,
AURUM,t2d,insulin,2266841000033110,Insuman Basal 100units/ml suspension for injection 3ml pre-filled OptiSet pens (Sanofi),0,
AURUM,t2d,insulin,2266941000033119,Insuman Rapid 100units/ml solution for injection 3ml pre-filled OptiSet pens (Sanofi),0,
AURUM,t2d,insulin,2267041000033118,Insuman Comb 15 100units/ml suspension for injection 3ml pre-filled OptiSet pens (Sanofi),0,
AURUM,t2d,insulin,2267141000033119,Insuman Comb 25 100units/ml suspension for injection 3ml pre-filled OptiSet pens (Sanofi),0,
AURUM,t2d,insulin,2267241000033114,Insuman Comb 50 100units/ml suspension for injection 3ml pre-filled OptiSet pens (Sanofi),0,
AURUM,t2d,insulin,2644641000033113,Insulatard InnoLet 100units/ml suspension for injection 3ml pre-filled pens (Novo Nordisk Ltd),0,
AURUM,t2d,insulin,2644741000033116,Mixtard 30 InnoLet 100units/ml suspension for injection 3ml pre-filled pens (Novo Nordisk Ltd),0,
AURUM,t2d,insulin,2724741000033111,NovoMix 30 Penfill 100units/ml suspension for injection 3ml cartridges (Novo Nordisk Ltd),0,
AURUM,t2d,insulin,2724841000033118,NovoMix 30 FlexPen 100units/ml suspension for injection 3ml pre-filled pens (Novo Nordisk Ltd),0,
AURUM,t2d,insulin,2780741000033111,Lantus 100units/ml solution for injection 10ml vials (Sanofi),0,
AURUM,t2d,insulin,2780841000033118,Lantus 100units/ml solution for injection 3ml cartridges (Sanofi),0,
AURUM,t2d,insulin,2780941000033114,Lantus 100units/ml solution for injection 3ml pre-filled OptiSet pens (Sanofi),0,
AURUM,t2d,insulin,2796641000033115,NovoRapid FlexPen 100units/ml solution for injection 3ml pre-filled pens (Novo Nordisk Ltd),0,
AURUM,t2d,insulin,2796741000033112,Insulatard FlexPen 100units/ml suspension for injection (Novo Nordisk Ltd),0,
AURUM,t2d,insulin,2798841000033115,Insulin glargine 100units/ml solution for injection 10ml vials,0,
AURUM,t2d,insulin,2798941000033111,Insulin glargine 100units/ml solution for injection 3ml cartridges,0,
AURUM,t2d,insulin,2799041000033119,Insulin glargine 100units/ml solution for injection 3ml pre-filled disposable devices,0,
AURUM,t2d,insulin,2867741000033110,"Humulin N Injection 100 units/ml, 10 ml vial",0,
AURUM,t2d,insulin,2867841000033117,"Humulin L Injection 100 units/ml, 10 ml vial",0,
AURUM,t2d,insulin,2867941000033113,"Humulin U Injection 100 units/ml, 10 ml vial",0,
AURUM,t2d,insulin,2868041000033111,"Humulin 90/10 Injection 100 units/ml, 10 ml vial",0,
AURUM,t2d,insulin,2868141000033110,"Humulin 80/20 Injection 100 units/ml, 10 ml vial",0,
AURUM,t2d,insulin,2868241000033115,"Humulin 70/30 Injection 100 units/ml, 10 ml vial",0,
AURUM,t2d,insulin,2868341000033113,"Humulin 60/40 Injection 100 units/ml, 10 ml vial",0,
AURUM,t2d,insulin,2868441000033119,"Humulin 50/50 Injection 100 units/ml, 10 ml vial",0,
AURUM,t2d,insulin,2916941000033119,Hypurin Bovine Neutral 100units/ml solution for injection 3ml cartridges (Wockhardt UK Ltd),0,
AURUM,t2d,insulin,2917041000033118,Hypurin Bovine Isophane 100units/ml suspension for injection 3ml cartridges (Wockhardt UK Ltd),0,
AURUM,t2d,insulin,2917141000033119,Hypurin Porcine Neutral 100units/ml solution for injection 3ml cartridges (Wockhardt UK Ltd),0,
AURUM,t2d,insulin,2917241000033114,Hypurin Porcine Isophane 100units/ml suspension for injection 3ml cartridges (Wockhardt UK Ltd),0,
AURUM,t2d,insulin,2917341000033116,Hypurin Porcine 30/70 Mix 100units/ml suspension for injection 3ml cartridges (Wockhardt UK Ltd),0,
AURUM,t2d,insulin,2952841000033116,Actrapid 100units/ml solution for injection 10ml vials (Novo Nordisk Ltd),0,
AURUM,t2d,insulin,2952941000033112,Actrapid NovoLet 100units/ml solution for injection (Novo Nordisk Ltd),0,
AURUM,t2d,insulin,2953041000033119,Actrapid Penfill 100units/ml solution for injection 3ml cartridges (Novo Nordisk Ltd),0,
AURUM,t2d,insulin,2953141000033115,Insulatard NovoLet 100units/ml suspension for injection (Novo Nordisk Ltd),0,
AURUM,t2d,insulin,2953241000033110,Insulatard 100units/ml suspension for injection 10ml vials (Novo Nordisk Ltd),0,
AURUM,t2d,insulin,2953341000033117,Insulatard Penfill 100units/ml suspension for injection 3ml cartridges (Novo Nordisk Ltd),0,
AURUM,t2d,insulin,2953441000033111,Mixtard 10 NovoLet 100units/ml suspension for injection (Novo Nordisk Ltd),0,
AURUM,t2d,insulin,2953541000033112,Mixtard 10 Penfill 100units/ml suspension for injection 3ml cartridges (Novo Nordisk Ltd),0,
AURUM,t2d,insulin,2953641000033113,Mixtard 20 NovoLet 100units/ml suspension for injection (Novo Nordisk Ltd),0,
AURUM,t2d,insulin,2953741000033116,Mixtard 20 Penfill 100units/ml suspension for injection 3ml cartridges (Novo Nordisk Ltd),0,
AURUM,t2d,insulin,2953841000033114,Mixtard 30 NovoLet 100units/ml suspension for injection (Novo Nordisk Ltd),0,
AURUM,t2d,insulin,2953941000033118,Mixtard 30 100units/ml suspension for injection 10ml vials (Novo Nordisk Ltd),0,
AURUM,t2d,insulin,2954041000033116,Mixtard 30 Penfill 100units/ml suspension for injection 3ml cartridges (Novo Nordisk Ltd),0,
AURUM,t2d,insulin,2954141000033117,Mixtard 40 NovoLet 100units/ml suspension for injection (Novo Nordisk Ltd),0,
AURUM,t2d,insulin,2954241000033112,Mixtard 40 Penfill 100units/ml suspension for injection 3ml cartridges (Novo Nordisk Ltd),0,
AURUM,t2d,insulin,2954341000033119,Mixtard 50 NovoLet 100units/ml suspension for injection (Novo Nordisk Ltd),0,
AURUM,t2d,insulin,2954441000033113,"Mixtard 50 Injection 100 units/ml, 10 ml vial",0,
AURUM,t2d,insulin,2954541000033114,Mixtard 50 Penfill 100units/ml suspension for injection 3ml cartridges (Novo Nordisk Ltd),0,
AURUM,t2d,insulin,2954641000033110,Velosulin 100units/ml solution for injection 10ml vials (Novo Nordisk Ltd),0,
AURUM,t2d,insulin,2954741000033118,Monotard 100units/ml suspension for injection 10ml vials (Novo Nordisk Ltd),0,
AURUM,t2d,insulin,2954841000033111,Ultratard 100units/ml suspension for injection 10ml vials (Novo Nordisk Ltd),0,
AURUM,t2d,insulin,3136941000033116,Insulin detemir 100units/ml solution for injection 3ml pre-filled disposable devices,0,
AURUM,t2d,insulin,3137041000033115,Insulin detemir 100units/ml solution for injection 3ml cartridges,0,
AURUM,t2d,insulin,3137141000033116,Levemir Penfill 100units/ml solution for injection 3ml cartridges (Novo Nordisk Ltd),0,
AURUM,t2d,insulin,3137241000033111,Levemir FlexPen 100units/ml solution for injection 3ml pre-filled pens (Novo Nordisk Ltd),0,
AURUM,t2d,insulin,3277741000033118,Insulin aspart 100units/ml solution for injection 3ml pre-filled disposable devices,0,
AURUM,t2d,insulin,3333841000033113,Humulin M3 Pen 100units/ml suspension for injection 3ml pre-filled pens (Eli Lilly and Company Ltd),0,
AURUM,t2d,insulin,3345641000033114,Insulin glulisine 100units/ml solution for injection 10ml vials,0,
AURUM,t2d,insulin,3345741000033117,Insulin glulisine 100units/ml solution for injection 3ml cartridges,0,
AURUM,t2d,insulin,3345841000033110,Apidra 100units/ml solution for injection 10ml vials (Sanofi),0,
AURUM,t2d,insulin,3345941000033119,Apidra 100units/ml solution for injection 3ml cartridges (Sanofi),0,
AURUM,t2d,insulin,3869341000033114,Lantus 100units/ml solution for injection 3ml OptiClik cartridges (Sanofi),0,
AURUM,t2d,insulin,3914241000033112,Insulin glulisine 100units/ml solution for injection 3ml pre-filled disposable devices,0,
AURUM,t2d,insulin,3914341000033119,"Apidra Optiset Pre-filled Disposable Pen 100 units/ml, 3 ml pen",0,
AURUM,t2d,insulin,3922641000033111,Humalog Mix50 100units/ml suspension for injection 3ml cartridges (Eli Lilly and Company Ltd),0,
AURUM,t2d,insulin,3963941000033117,Apidra 100units/ml solution for injection 3ml OptiClik cartridges (Sanofi),0,
AURUM,t2d,insulin,4126541000033110,Levemir InnoLet 100units/ml solution for injection 3ml pre-filled pens (Novo Nordisk Ltd),0,
AURUM,t2d,insulin,4258541000033111,Lantus 100units/ml solution for injection 3ml pre-filled SoloStar pens (Sanofi),0,
AURUM,t2d,insulin,4258641000033112,Apidra 100units/ml solution for injection 3ml pre-filled SoloStar pens (Sanofi),0,
AURUM,t2d,insulin,4270841000033113,"Human Actrapid Injection 500 units/ml, 10 ml vial",0,
AURUM,t2d,insulin,4423041000033114,Humulin R 500units/ml solution for injection 20ml vials (Imported (United States)),0,
AURUM,t2d,insulin,4608541000033115,Humalog KwikPen 100units/ml solution for injection 3ml pre-filled pens (Eli Lilly and Company Ltd),0,
AURUM,t2d,insulin,4608641000033119,Humalog Mix25 KwikPen 100units/ml suspension for injection 3ml pre-filled pens (Eli Lilly and Company Ltd),0,
AURUM,t2d,insulin,4608741000033111,Humalog Mix50 KwikPen 100units/ml suspension for injection 3ml pre-filled pens (Eli Lilly and Company Ltd),0,
AURUM,t2d,insulin,5403541000033118,Humalog Mix25 100units/ml suspension for injection 10ml vials (Eli Lilly and Company Ltd),0,
AURUM,t2d,insulin,5910741000033117,Humulin M3 KwikPen 100units/ml suspension for injection 3ml pre-filled pens (Eli Lilly and Company Ltd),0,
AURUM,t2d,insulin,5911541000033119,Humulin I KwikPen 100units/ml suspension for injection 3ml pre-filled pens (Eli Lilly and Company Ltd),0,
AURUM,t2d,insulin,6011841000033112,Insuman Comb 25 100units/ml suspension for injection 3ml pre-filled SoloStar pens (Sanofi),0,
AURUM,t2d,insulin,6389641000033111,Insuman Basal 100units/ml suspension for injection 3ml pre-filled SoloStar pens (Sanofi),0,
AURUM,t2d,insulin,6456441000033119,NovoRapid FlexTouch 100units/ml solution for injection 3ml pre-filled pens (Novo Nordisk Ltd),0,
AURUM,t2d,insulin,719841000033112,Humulin I Cartridges (1.5 Ml) 100 units/ml,0,
AURUM,t2d,insulin,719941000033116,Humulin M1 Cartridges (1.5 Ml),0,
AURUM,t2d,insulin,720041000033118,Humulin M2 Cartridges (1.5 Ml),0,
AURUM,t2d,insulin,720141000033119,Humulin M3 (Lilly) Cartridges (1.5 Ml),0,
AURUM,t2d,insulin,720241000033114,Humulin M4 Cartridges (1.5 Ml),0,
AURUM,t2d,insulin,720341000033116,Humulin S Cartridges (1.5 Ml) 100 units/ml,0,
AURUM,t2d,insulin,720441000033110,Humulin M5 Cartridges (1.5 Ml),0,
AURUM,t2d,insulin,720541000033111,Humalog 100units/ml solution for injection 1.5ml cartridges (Eli Lilly and Company Ltd),0,
AURUM,t2d,insulin,720941000033117,Human Actrapid Penfill Cartridges (3 Ml) 100 units/ml,0,
AURUM,t2d,insulin,721041000033110,Human Actrapid Penfill 100units/ml solution for injection 1.5ml cartridges (Novo Nordisk Ltd),0,
AURUM,t2d,insulin,721141000033114,Humulin M5 50/50 Cartridges,0,
AURUM,t2d,insulin,721341000033112,Human Protaphane Penfill Injection 100 units/ml,0,
AURUM,t2d,insulin,721541000033117,"Humulin M3 (Lilly) Injection 100 units/ml, 10 ml vial",0,
AURUM,t2d,insulin,721641000033116,Human Insulatard Ge Injection 100 units/ml,0,
AURUM,t2d,insulin,722841000033112,Humulin M5 100units/ml suspension for injection 10ml vials (Eli Lilly and Company Ltd),0,
AURUM,t2d,insulin,723241000033118,Humalog 100units/ml solution for injection 10ml vials (Eli Lilly and Company Ltd),0,
AURUM,t2d,insulin,723341000033111,Hupurin Porcine Neutral Injection 100 i.u./ml,0,
AURUM,t2d,insulin,723441000033117,Hupurin Porcine Neutral Injection (cartridges) 100 i.u./ml,0,
AURUM,t2d,insulin,723941000033110,Human Monotard (Novo) Injection 100 units/ml,0,
AURUM,t2d,insulin,724041000033112,Humulin I 100units/ml suspension for injection 10ml vials (Eli Lilly and Company Ltd),0,
AURUM,t2d,insulin,724141000033111,Humulin M1 Injection,0,
AURUM,t2d,insulin,724241000033116,Humulin M2 Injection,0,
AURUM,t2d,insulin,724341000033114,Humulin S 100units/ml solution for injection 10ml vials (Eli Lilly and Company Ltd),0,
AURUM,t2d,insulin,724541000033119,Humulin Zn 100units/ml suspension for injection 10ml vials (Eli Lilly and Company Ltd),0,
AURUM,t2d,insulin,724941000033113,Human Ultratard Injection 100 units/ml,0,
AURUM,t2d,insulin,725041000033113,Human Actraphane(Nova) Injection,0,
AURUM,t2d,insulin,725141000033112,Human Initard 50/50 Insulin  Injection  100 units/ml,0,
AURUM,t2d,insulin,725241000033117,Humulin M4 Injection,0,
AURUM,t2d,insulin,725341000033110,Humulin M3 100units/ml suspension for injection 10ml vials (Eli Lilly and Company Ltd),0,
AURUM,t2d,insulin,725541000033115,Human Velosulin Injection 100 u/ml,0,
AURUM,t2d,insulin,725641000033119,Human Protaphane Injection 100u/ml,0,
AURUM,t2d,insulin,725841000033118,Humulin Lente 100units/ml suspension for injection 10ml vials (Eli Lilly and Company Ltd),0,
AURUM,t2d,insulin,725941000033114,Human Actrapid Injection 100 units/ml,0,
AURUM,t2d,insulin,726641000033110,Human Insulatard Ge Penfill cartridges (3 ml) 100 units/ml,0,
AURUM,t2d,insulin,726941000033115,Human Insulatard Ge Preloaded pen 100 units/ml,0,
AURUM,t2d,insulin,727041000033119,HumaJect S Pen 100units/ml solution for injection (Eli Lilly and Company Ltd),0,
AURUM,t2d,insulin,727141000033115,Humaject (Humulin M1) Preloaded pen,0,
AURUM,t2d,insulin,727241000033110,Humaject (Humulin M2) Preloaded pen,0,
AURUM,t2d,insulin,727341000033117,HumaJect M3 Pen 100units/ml suspension for injection (Eli Lilly and Company Ltd),0,
AURUM,t2d,insulin,727441000033111,Humaject (Humulin M4) Preloaded pen,0,
AURUM,t2d,insulin,727541000033112,Humaject (Humulin M5) Preloaded pen,0,
AURUM,t2d,insulin,727641000033113,Humaject (Humulin I) Preloaded pen 100 units/ml,0,
AURUM,t2d,insulin,7341000033112,Actrapid Mc Injection 100 units/1 ml,0,
AURUM,t2d,insulin,734741000033113,Hypurin Porcine Biphasic Isophane Injection,0,
AURUM,t2d,insulin,734841000033115,Hypurin Porcine Biphasic Isophane Injection (cartridges),0,
AURUM,t2d,insulin,734941000033111,Hypurin Porcine Isophane 100units/ml suspension for injection 10ml vials (Wockhardt UK Ltd),0,
AURUM,t2d,insulin,735041000033111,Hypurin Porcine Isophane Injection (cartridges) 100 units/ml,0,
AURUM,t2d,insulin,735141000033110,Hypurin Bovine Isophane Injection (cartridges) 100 units/ml,0,
AURUM,t2d,insulin,735241000033115,Hypurin Bovine Lente Injection (cartridges) 100 i.u./ml,0,
AURUM,t2d,insulin,735341000033113,Hypurin Bovine Neutral Injection (cartridges) 100 units/ml,0,
AURUM,t2d,insulin,735441000033119,Hypurin Porcine Neutral 100units/ml solution for injection 10ml vials (Wockhardt UK Ltd),0,
AURUM,t2d,insulin,735541000033118,Hypurin Porcine Neutral Injection (cartridges) 100 units/ml,0,
AURUM,t2d,insulin,735841000033116,Hypurin Bovine Isophane 100units/ml suspension for injection 10ml vials (Wockhardt UK Ltd),0,
AURUM,t2d,insulin,735941000033112,Hypurin Bovine Lente 100units/ml suspension for injection 10ml vials (Wockhardt UK Ltd),0,
AURUM,t2d,insulin,736041000033119,Hypurin Bovine Neutral 100units/ml solution for injection 10ml vials (Wockhardt UK Ltd),0,
AURUM,t2d,insulin,736141000033115,Hypurin Bovine Protamine Zinc 100units/ml suspension for injection 10ml vials (Wockhardt UK Ltd),0,
AURUM,t2d,insulin,757641000033112,Insulin lispro 100units/ml solution for injection 1.5ml cartridges,0,
AURUM,t2d,insulin,759841000033115,"Insulin Zinc Suspension (Human)  Injection  100 units/ml, 10 ml vial",0,
AURUM,t2d,insulin,762441000033118,Insulin lispro 100units/ml solution for injection 10ml vials,0,
AURUM,t2d,insulin,763241000033114,Initard 50/50 (Nordisk Wellcome) Injection,0,
AURUM,t2d,insulin,763341000033116,Pork Insulatard 100units/ml suspension for injection 10ml vials (Novo Nordisk Ltd),0,
AURUM,t2d,insulin,763941000033117,Insulin Zinc Suspension  Injection  100 units/ml,0,
AURUM,t2d,insulin,764941000033119,Insulin Zinc Suspension Lente (Evans)  Injection  100u/ml,0,
AURUM,t2d,insulin,776041000033117,"Isophane Insulin (Human, Prb) Cartridges 100 units/ml",0,
AURUM,t2d,insulin,779141000033111,Insulin isophane human 100units/ml suspension for injection 10ml vials,0,
AURUM,t2d,insulin,779641000033118,Isophane Insulin Injection (Evans)  Injection  100 units/ml,0,
AURUM,t2d,insulin,779841000033117,Isophane Insulin  Injection  100 units/ml,0,
AURUM,t2d,insulin,823541000033119,"Lentard Mc Injection 100 units/ml, 10 ml vial",0,
AURUM,t2d,insulin,8263941000033117,Insulin degludec 100units/ml solution for injection 3ml pre-filled disposable devices,0,
AURUM,t2d,insulin,8264041000033115,Insulin degludec 200units/ml solution for injection 3ml pre-filled disposable devices,0,
AURUM,t2d,insulin,8264141000033116,Tresiba FlexTouch 100units/ml solution for injection 3ml pre-filled pens (Novo Nordisk Ltd),0,
AURUM,t2d,insulin,8264241000033111,Tresiba FlexTouch 200units/ml solution for injection 3ml pre-filled pens (Novo Nordisk Ltd),0,
AURUM,t2d,insulin,8264341000033118,Insulin degludec 100units/ml solution for injection 3ml cartridges,0,
AURUM,t2d,insulin,8264441000033112,Tresiba Penfill 100units/ml solution for injection 3ml cartridges (Novo Nordisk Ltd),0,
AURUM,t2d,insulin,915641000033117,Pork Mixtard 30 100units/ml suspension for injection 10ml vials (Novo Nordisk Ltd),0,
AURUM,t2d,insulin,926541000033117,Monotard Mc Insulin Zinc Susp Bp Nova  Injection  100 units/1 ml,0,
AURUM,t2d,insulin,928441000033119,Monophane (Boots) Injection 100 units/ml,0,
AURUM,t2d,insulin,961041000033114,Neutral Insulin  Injection  100 units/ml,0,
AURUM,t2d,insulin,961141000033113,Neutral Insulin (Human)  Injection  100 units/ml,0,
AURUM,t2d,insulin,962241000033112,Neutral Insulin (Evans)  Injection  100 units/ml,0,
AURUM,t2d,insulin,9641000033112,Human Actrapid Preloaded pen 100 units/ml,0,
AURUM,t2d,insulin,9677041000033116,Insulin aspart 100units/ml solution for injection 1.6ml cartridges,0,
AURUM,t2d,insulin,9677141000033116,NovoRapid PumpCart 100units/ml solution for injection 1.6ml cartridges (Novo Nordisk Ltd),0,
AURUM,t2d,insulin,9677141000033117,NovoRapid PumpCart 100units/ml solution for injection 1.6ml cartridges (Novo Nordisk Ltd),0,
AURUM,t2d,met,10598841000033113,Glucient SR 750mg tablets (Consilient Health Ltd),0,
AURUM,t2d,met,10598941000033117,Glucient SR 1000mg tablets (Consilient Health Ltd),0,
AURUM,t2d,met,11781341000033117,Metformin 1g/5ml oral solution sugar free,0,
AURUM,t2d,met,11781441000033111,Metformin 850mg/5ml oral solution sugar free,0,
AURUM,t2d,met,12326541000033110,Meijumet 500mg modified-release tablets (Medreich Plc),0,
AURUM,t2d,met,12326641000033111,Meijumet 750mg modified-release tablets (Medreich Plc),0,
AURUM,t2d,met,12326741000033119,Meijumet 1000mg modified-release tablets (Medreich Plc),0,
AURUM,t2d,met,12593141000033115,Yaltormin SR 500mg tablets (Wockhardt UK Ltd),0,
AURUM,t2d,met,12593241000033110,Yaltormin SR 750mg tablets (Wockhardt UK Ltd),0,
AURUM,t2d,met,12593341000033117,Yaltormin SR 1000mg tablets (Wockhardt UK Ltd),0,
AURUM,t2d,met,12664441000033115,Metuxtan SR 500mg tablets (Accord-UK Ltd),0,
AURUM,t2d,met,13429041000033112,Sukkarto SR 750mg tablets (Morningside Healthcare Ltd),0,
AURUM,t2d,met,13606641000033119,Glucorex SR 500mg tablets (GlucoRx Ltd),0,
AURUM,t2d,met,13803041000033110,Metformin 1g tablets,0,
AURUM,t2d,met,13828541000033119,Axpinet 500mg tablets,0,
AURUM,t2d,met,13828641000033118,Axpinet 850mg tablets,0,
AURUM,t2d,met,14018041000033118,Jesacrin 1000mg modified-release tablets (Key Pharmaceuticals Ltd),0,
AURUM,t2d,met,14256541000033111,Jesacrin 500mg modified-release tablets (Key Pharmaceuticals Ltd),0,
AURUM,t2d,met,2620241000033119,Metformin 500mg/5ml oral suspension,0,
AURUM,t2d,met,3228141000033117,Metformin 500mg modified-release tablets,0,
AURUM,t2d,met,3228241000033112,Glucophage SR 500mg tablets (Merck Serono Ltd),0,
AURUM,t2d,met,3890941000033116,Metformin Hydrochloride Sugar free suspension 500 mg/5 ml,0,
AURUM,t2d,met,3982341000033110,Metformin 500mg/5ml oral solution sugar free,0,
AURUM,t2d,met,3982441000033116,Metsol 500mg/5ml oral solution (Kappin Ltd),0,
AURUM,t2d,met,4549141000033118,Metformin 750mg modified-release tablets,0,
AURUM,t2d,met,4549241000033113,Glucophage SR 750mg tablets (Merck Serono Ltd),0,
AURUM,t2d,met,4945241000033117,Metformin 1g modified-release tablets,0,
AURUM,t2d,met,4945341000033110,Glucophage SR 1000mg tablets (Merck Serono Ltd),0,
AURUM,t2d,met,4957741000033118,Bolamyn SR 500mg tablets (Teva UK Ltd),0,
AURUM,t2d,met,5007641000033119,Metformin 500mg oral powder sachets sugar free,0,
AURUM,t2d,met,5007741000033111,Metformin 1g oral powder sachets sugar free,0,
AURUM,t2d,met,5007841000033118,Glucophage 500mg oral powder sachets (Merck Serono Ltd),0,
AURUM,t2d,met,5007941000033114,Glucophage 1000mg oral powder sachets (Merck Serono Ltd),0,
AURUM,t2d,met,5997041000033115,Metformin 500mg/5ml oral solution,0,
AURUM,t2d,met,6029841000033115,Metabet SR 500mg tablets (Morningside Healthcare Ltd),0,
AURUM,t2d,met,6279741000033117,Metabet SR 1000mg tablets (Morningside Healthcare Ltd),0,
AURUM,t2d,met,6391041000033117,Glucient SR 500mg tablets (Consilient Health Ltd),0,
AURUM,t2d,met,644941000033117,Glucophage 500mg tablets (Merck Serono Ltd),0,
AURUM,t2d,met,645041000033117,Glucophage 850mg tablets (Merck Serono Ltd),0,
AURUM,t2d,met,7874941000033110,Diagemet XL 500mg tablets (Genus Pharmaceuticals Ltd),0,
AURUM,t2d,met,8348941000033113,Bolamyn SR 1000mg tablets (Teva UK Ltd),0,
AURUM,t2d,met,896941000033112,Metformin 500mg tablets,0,
AURUM,t2d,met,897041000033113,Metformin 850mg tablets,0,
AURUM,t2d,met,9230641000033113,Sukkarto SR 500mg tablets (Morningside Healthcare Ltd),0,
AURUM,t2d,met,9230841000033114,Sukkarto SR 1000mg tablets (Morningside Healthcare Ltd),0,
AURUM,t2d,mixed_inj,10044541000033113,Insulin degludec 100units/ml / Liraglutide 3.6mg/ml solution for injection 3ml pre-filled disposable devices,0,
AURUM,t2d,mixed_inj,10044641000033114,Xultophy 100units/ml / 3.6mg/ml solution for injection 3ml pre-filled pens (Novo Nordisk Ltd),0,
AURUM,t2d,mixed_inj,12902541000033110,Suliqua 100units/ml / 33micrograms/ml solution for injection 3ml pre-filled SoloStar pens (Sanofi),0,
AURUM,t2d,mixed_inj,12902641000033111,Suliqua 100units/ml / 50micrograms/ml solution for injection 3ml pre-filled SoloStar pens (Sanofi),0,
AURUM,t2d,mixed_inj,12902641000033112,Suliqua 100units/ml / 50micrograms/ml solution for injection 3ml pre-filled SoloStar pens (Sanofi),0,
AURUM,t2d,mixed_inj,12902741000033119,Insulin glargine 100units/ml / Lixisenatide 33micrograms/ml solution for injection 3ml pre-filled disposable devices,0,
AURUM,t2d,mixed_inj,12902741000033120,Insulin glargine 100units/ml / Lixisenatide 33micrograms/ml solution for injection 3ml pre-filled disposable devices,0,
AURUM,t2d,mixed_inj,12902841000033112,Insulin glargine 100units/ml / Lixisenatide 50micrograms/ml solution for injection 3ml pre-filled disposable devices,0,
AURUM,t2d,mixed_oral,10614141000033116,Empagliflozin 5mg / Metformin 850mg tablets,0,
AURUM,t2d,mixed_oral,10614241000033111,Empagliflozin 5mg / Metformin 1g tablets,0,
AURUM,t2d,mixed_oral,10614341000033118,Empagliflozin 12.5mg / Metformin 850mg tablets,0,
AURUM,t2d,mixed_oral,10614441000033112,Empagliflozin 12.5mg / Metformin 1g tablets,0,
AURUM,t2d,mixed_oral,10614541000033113,Synjardy 5mg/850mg tablets (Boehringer Ingelheim Ltd),0,
AURUM,t2d,mixed_oral,10614641000033114,Synjardy 5mg/1000mg tablets (Boehringer Ingelheim Ltd),0,
AURUM,t2d,mixed_oral,10614741000033117,Synjardy 12.5mg/850mg tablets (Boehringer Ingelheim Ltd),0,
AURUM,t2d,mixed_oral,10614841000033110,Synjardy 12.5mg/1000mg tablets (Boehringer Ingelheim Ltd),0,
AURUM,t2d,mixed_oral,11898041000033111,Saxagliptin 5mg / Dapagliflozin 10mg tablets,0,
AURUM,t2d,mixed_oral,11898141000033110,Qtern 5mg/10mg tablets (AstraZeneca UK Ltd),0,
AURUM,t2d,mixed_oral,13116741000033112,Empagliflozin 10mg / Linagliptin 5mg tablets,0,
AURUM,t2d,mixed_oral,13116841000033119,Empagliflozin 25mg / Linagliptin 5mg tablets,0,
AURUM,t2d,mixed_oral,13116941000033110,Glyxambi 10mg/5mg tablets (Boehringer Ingelheim Ltd),0,
AURUM,t2d,mixed_oral,13117041000033111,Glyxambi 25mg/5mg tablets (Boehringer Ingelheim Ltd),0,
AURUM,t2d,mixed_oral,2995141000033110,Avandamet 1mg/500mg tablets (GlaxoSmithKline UK Ltd),0,
AURUM,t2d,mixed_oral,2995241000033115,Avandamet 2mg/500mg tablets (GlaxoSmithKline UK Ltd),0,
AURUM,t2d,mixed_oral,3191341000033115,Rosiglitazone 1mg / Metformin 500mg tablets,0,
AURUM,t2d,mixed_oral,3191441000033114,Rosiglitazone 2mg / Metformin 500mg tablets,0,
AURUM,t2d,mixed_oral,3200541000033116,Rosiglitazone 2mg / Metformin 1g tablets,0,
AURUM,t2d,mixed_oral,3200641000033115,Rosiglitazone 4mg / Metformin 1g tablets,0,
AURUM,t2d,mixed_oral,3200741000033112,Avandamet 2mg/1000mg tablets (GlaxoSmithKline UK Ltd),0,
AURUM,t2d,mixed_oral,3200841000033119,Avandamet 4mg/1000mg tablets (GlaxoSmithKline UK Ltd),0,
AURUM,t2d,mixed_oral,3983941000033115,Pioglitazone 15mg / Metformin 850mg tablets,0,
AURUM,t2d,mixed_oral,3984241000033114,Competact 15mg/850mg tablets (Takeda UK Ltd),0,
AURUM,t2d,mixed_oral,4452341000033119,Vildagliptin 50mg / Metformin 850mg tablets,0,
AURUM,t2d,mixed_oral,4452441000033113,Vildagliptin 50mg / Metformin 1g tablets,0,
AURUM,t2d,mixed_oral,4452541000033114,Eucreas 50mg/1000mg tablets (Novartis Pharmaceuticals UK Ltd),0,
AURUM,t2d,mixed_oral,4452641000033110,Eucreas 50mg/850mg tablets (Novartis Pharmaceuticals UK Ltd),0,
AURUM,t2d,mixed_oral,5132241000033116,Janumet 50mg/1000mg tablets (Merck Sharp & Dohme Ltd),0,
AURUM,t2d,mixed_oral,5576041000033115,Metformin 1g / Sitagliptin 50mg tablets,0,
AURUM,t2d,mixed_oral,645541000033110,Glucamet  Tablets  500 mg,0,
AURUM,t2d,mixed_oral,645641000033111,Glucamet  Tablets  850 mg,0,
AURUM,t2d,mixed_oral,8115741000033119,Linagliptin 2.5mg / Metformin 1g tablets,0,
AURUM,t2d,mixed_oral,8115841000033112,Linagliptin 2.5mg / Metformin 850mg tablets,0,
AURUM,t2d,mixed_oral,8115941000033116,Jentadueto 2.5mg/1000mg tablets (Boehringer Ingelheim Ltd),0,
AURUM,t2d,mixed_oral,8116041000033114,Jentadueto 2.5mg/850mg tablets (Boehringer Ingelheim Ltd),0,
AURUM,t2d,mixed_oral,8242541000033112,Saxagliptin 2.5mg / Metformin 850mg tablets,0,
AURUM,t2d,mixed_oral,8242641000033113,Saxagliptin 2.5mg / Metformin 1g tablets,0,
AURUM,t2d,mixed_oral,8242741000033116,Komboglyze 2.5mg/850mg tablets (AstraZeneca UK Ltd),0,
AURUM,t2d,mixed_oral,8242841000033114,Komboglyze 2.5mg/1000mg tablets (AstraZeneca UK Ltd),0,
AURUM,t2d,mixed_oral,8959841000033119,Alogliptin 12.5mg / Metformin 1g tablets,0,
AURUM,t2d,mixed_oral,8959941000033110,Vipdomet 12.5mg/1000mg tablets (Takeda UK Ltd),0,
AURUM,t2d,mixed_oral,9106041000033110,Dapagliflozin 5mg / Metformin 1g tablets,0,
AURUM,t2d,mixed_oral,9106141000033114,Dapagliflozin 5mg / Metformin 850mg tablets,0,
AURUM,t2d,mixed_oral,9106241000033119,Xigduo 5mg/1000mg tablets (AstraZeneca UK Ltd),0,
AURUM,t2d,mixed_oral,9106341000033112,Xigduo 5mg/850mg tablets (AstraZeneca UK Ltd),0,
AURUM,t2d,mixed_oral,9851541000033114,Canagliflozin 50mg / Metformin 1g tablets,0,
AURUM,t2d,mixed_oral,9851641000033110,Canagliflozin 50mg / Metformin 850mg tablets,0,
AURUM,t2d,mixed_oral,9851741000033118,Vokanamet 50mg/850mg tablets (Napp Pharmaceuticals Ltd),0,
AURUM,t2d,mixed_oral,9851841000033111,Vokanamet 50mg/1000mg tablets (Napp Pharmaceuticals Ltd),0,
AURUM,t2d,othergld,11441000033114,Acarbose 100mg tablets,0,
AURUM,t2d,othergld,11541000033110,Acarbose 50mg tablets,0,
AURUM,t2d,othergld,645241000033113,Glucobay 100mg tablets (Bayer Plc),0,
AURUM,t2d,othergld,645341000033115,Glucobay 50mg tablets (Bayer Plc),0,
AURUM,t2d,sglt2i,12880941000033100,Ertugliflozin 5mg tablets,0,
AURUM,t2d,sglt2i,12880941000033111,Ertugliflozin 5mg tablets,0,
AURUM,t2d,sglt2i,12881041000033100,Ertugliflozin 15mg tablets,0,
AURUM,t2d,sglt2i,12881041000033118,Ertugliflozin 15mg tablets,0,
AURUM,t2d,sglt2i,12881141000033100,Steglatro 5mg tablets,0,
AURUM,t2d,sglt2i,12881141000033119,Steglatro 5mg tablets (Merck Sharp & Dohme (UK) Ltd),0,
AURUM,t2d,sglt2i,12881241000033100,Steglatro 15mg tablets,0,
AURUM,t2d,sglt2i,12881241000033114,Steglatro 15mg tablets (Merck Sharp & Dohme (UK) Ltd),0,
AURUM,t2d,sglt2i,8199341000033118,Dapagliflozin 5mg tablets,0,
AURUM,t2d,sglt2i,8199441000033112,Dapagliflozin 10mg tablets,0,
AURUM,t2d,sglt2i,8199541000033113,Forxiga 5mg tablets (AstraZeneca UK Ltd),0,
AURUM,t2d,sglt2i,8199641000033114,Forxiga 10mg tablets (AstraZeneca UK Ltd),0,
AURUM,t2d,sglt2i,9110341000033112,Canagliflozin 100mg tablets,0,
AURUM,t2d,sglt2i,9110441000033118,Canagliflozin 300mg tablets,0,
AURUM,t2d,sglt2i,9110541000033117,Invokana 100mg tablets (Napp Pharmaceuticals Ltd),0,
AURUM,t2d,sglt2i,9110641000033116,Invokana 300mg tablets (Napp Pharmaceuticals Ltd),0,
AURUM,t2d,sglt2i,9336641000033119,Empagliflozin 10mg tablets,0,
AURUM,t2d,sglt2i,9336841000033118,Empagliflozin 25mg tablets,0,
AURUM,t2d,sglt2i,9337141000033114,Jardiance 10mg tablets (Boehringer Ingelheim Ltd),0,
AURUM,t2d,sglt2i,9337241000033119,Jardiance 25mg tablets (Boehringer Ingelheim Ltd),0,
AURUM,t2d,su,10043341000033116,Vamju 30mg modified-release tablets (Advanz Pharma),0,
AURUM,t2d,su,10043441000033110,Vamju 60mg modified-release tablets (Advanz Pharma),0,
AURUM,t2d,su,10701641000033116,Bilxona 30mg modified-release tablets (Accord Healthcare Ltd),0,
AURUM,t2d,su,10701741000033113,Bilxona 60mg modified-release tablets (Accord Healthcare Ltd),0,
AURUM,t2d,su,1136741000033112,Pramidex Tablets 500 mg,0,
AURUM,t2d,su,1153441000033112,Rastinon Tablets 500 mg,0,
AURUM,t2d,su,11918941000033116,Zicron PR 30mg tablets (Bristol Laboratories Ltd),0,
AURUM,t2d,su,12641000033116,Acetohexamide Tablets 500 mg,0,
AURUM,t2d,su,1278041000033114,Semi-Daonil 2.5mg tablets (Sanofi),0,
AURUM,t2d,su,12998941000033116,Gliclazide 160mg tablets,0,
AURUM,t2d,su,12999041000033113,Glydex 160mg tablets (Medreich Plc),0,
AURUM,t2d,su,13122541000033112,Glibenclamide 600micrograms/ml oral suspension sugar free,0,
AURUM,t2d,su,13122641000033113,Glibenclamide 6mg/ml oral suspension sugar free,0,
AURUM,t2d,su,13122741000033116,Amglidia 0.6mg/ml oral suspension with 1ml oral syringe (Amring Pharmaceuticals Ltd),0,
AURUM,t2d,su,13122841000033114,Amglidia 0.6mg/ml oral suspension with 5ml oral syringe (Amring Pharmaceuticals Ltd),0,
AURUM,t2d,su,13122941000033118,Amglidia 6mg/ml oral suspension with 1ml oral syringe (Amring Pharmaceuticals Ltd),0,
AURUM,t2d,su,13123041000033111,Amglidia 6mg/ml oral suspension with 5ml oral syringe (Amring Pharmaceuticals Ltd),0,
AURUM,t2d,su,13345241000033110,Lamzarin 30mg modified-release tablets (Key Pharmaceuticals Ltd),0,
AURUM,t2d,su,13345341000033117,Lamzarin 60mg modified-release tablets (Key Pharmaceuticals Ltd),0,
AURUM,t2d,su,1450941000033113,Tolbutamide 500mg tablets,0,
AURUM,t2d,su,1452241000033117,Tolanase Tablets 100 mg,0,
AURUM,t2d,su,1452341000033110,Tolanase Tablets 250 mg,0,
AURUM,t2d,su,1452741000033111,Tolazamide Tablets 100 mg,0,
AURUM,t2d,su,1452841000033118,Tolazamide Tablets 250 mg,0,
AURUM,t2d,su,1602941000033117,Diaglyk 80mg tablets (Ashbourne Pharmaceuticals Ltd),0,
AURUM,t2d,su,209341000033112,Calabren Tablets 2.5 mg,0,
AURUM,t2d,su,218441000033114,Calabren Tablets 5 mg,0,
AURUM,t2d,su,2289441000033115,Gliclazide 30mg modified-release tablets,0,
AURUM,t2d,su,2289941000033113,Diamicron 30mg MR tablets (Servier Laboratories Ltd),0,
AURUM,t2d,su,249441000033114,Chlorpropamide 100mg tablets,0,
AURUM,t2d,su,249541000033110,Chlorpropamide 250mg tablets,0,
AURUM,t2d,su,3953041000033113,Gliclazide 80mg/5ml oral suspension,0,
AURUM,t2d,su,406741000033116,Daonil Tablets 2.5 mg,0,
AURUM,t2d,su,406841000033114,Daonil 5mg tablets (Sanofi),0,
AURUM,t2d,su,4522041000033113,Niddaryl 1mg tablets (Dee Pharmaceuticals Ltd),0,
AURUM,t2d,su,4522141000033112,Niddaryl 2mg tablets (Dee Pharmaceuticals Ltd),0,
AURUM,t2d,su,4522241000033117,Niddaryl 3mg tablets (Dee Pharmaceuticals Ltd),0,
AURUM,t2d,su,4522341000033110,Niddaryl 4mg tablets (Dee Pharmaceuticals Ltd),0,
AURUM,t2d,su,462041000033119,Diabetamide 2.5mg tablets (Ashbourne Pharmaceuticals Ltd),0,
AURUM,t2d,su,462141000033115,Diabetamide 5mg tablets (Ashbourne Pharmaceuticals Ltd),0,
AURUM,t2d,su,463541000033118,Diamicron 80mg tablets (Servier Laboratories Ltd),0,
AURUM,t2d,su,463941000033112,Dimelor Tablets 500 mg,0,
AURUM,t2d,su,465841000033115,Diabinese Tablets 100 mg,0,
AURUM,t2d,su,465941000033111,Diabinese Tablets 250 mg,0,
AURUM,t2d,su,4941241000033119,Nazdol MR 30mg tablets (Consilient Health Ltd),0,
AURUM,t2d,su,5378141000033117,Dacadis MR 30mg tablets (Mylan),0,
AURUM,t2d,su,557241000033113,Euglucon 2.5mg tablets (Aventis Pharma),0,
AURUM,t2d,su,557341000033115,Euglucon 5mg tablets (Sanofi),0,
AURUM,t2d,su,5709741000033116,Gliclazide 40mg tablets,0,
AURUM,t2d,su,5709841000033114,Zicron 40mg tablets (Bristol Laboratories Ltd),0,
AURUM,t2d,su,5815341000033115,Edicil MR 30mg tablets (Teva UK Ltd),0,
AURUM,t2d,su,5869241000033114,Gliclazide 40mg/5ml oral suspension,0,
AURUM,t2d,su,58841000033113,Amaryl 2mg tablets (Zentiva),0,
AURUM,t2d,su,59541000033116,Amaryl 1mg tablets (Zentiva),0,
AURUM,t2d,su,59641000033115,Amaryl 3mg tablets (Zentiva),0,
AURUM,t2d,su,5968741000033115,Glibenclamide 5mg/5ml oral solution,0,
AURUM,t2d,su,5968841000033113,Glibenclamide 5mg/5ml oral suspension,0,
AURUM,t2d,su,59741000033112,Amaryl 4mg tablets (Zentiva),0,
AURUM,t2d,su,6135341000033117,Vitile XL 30mg tablets (Actavis UK Ltd),0,
AURUM,t2d,su,644541000033111,Glibenclamide 2.5mg tablets,0,
AURUM,t2d,su,644641000033112,Glibenclamide 5mg tablets,0,
AURUM,t2d,su,644741000033115,Glibenese 5mg tablets (Pfizer Ltd),0,
AURUM,t2d,su,644841000033113,Glipizide 5mg tablets,0,
AURUM,t2d,su,645841000033112,Glimepiride 2mg tablets,0,
AURUM,t2d,su,645941000033116,Glimepiride 1mg tablets,0,
AURUM,t2d,su,646041000033114,Glimepiride 3mg tablets,0,
AURUM,t2d,su,646141000033113,Glimepiride 4mg tablets,0,
AURUM,t2d,su,646241000033118,Glyconon Tablets 500 mg,0,
AURUM,t2d,su,646341000033111,Glymese Tablets 250 mg,0,
AURUM,t2d,su,646441000033117,Gliclazide 80mg tablets,0,
AURUM,t2d,su,646541000033116,Glipizide 2.5mg tablets,0,
AURUM,t2d,su,646741000033112,Glymidine Tablets 500 mg,0,
AURUM,t2d,su,646841000033119,Glurenorm 30mg tablets (Sanofi),0,
AURUM,t2d,su,646941000033110,Gliquidone 30mg tablets,0,
AURUM,t2d,su,650141000033114,Gondafon Tablets 500 mg,0,
AURUM,t2d,su,8125241000033119,Glimepiride 6mg/5ml oral suspension,0,
AURUM,t2d,su,8298141000033113,Gliclazide 60mg modified-release tablets,0,
AURUM,t2d,su,8298241000033118,Laaglyda MR 60mg tablets (Consilient Health Ltd),0,
AURUM,t2d,su,837041000033115,Libanil Tablets 2.5 mg,0,
AURUM,t2d,su,837141000033116,Libanil Tablets 5 mg,0,
AURUM,t2d,su,869841000033114,Malix Tablets 2.5 mg,0,
AURUM,t2d,su,869941000033118,Malix Tablets 5 mg,0,
AURUM,t2d,su,920141000033112,Minodiab 2.5mg tablets (Pfizer Ltd),0,
AURUM,t2d,su,920241000033117,Minodiab 5mg tablets (Pfizer Ltd),0,
AURUM,t2d,tzd,10251341000033112,Glidipion 15mg tablets (Actavis UK Ltd),0,
AURUM,t2d,tzd,10336941000033112,Diabiom 15mg tablets  (Tillomed Laboratories Ltd),0,
AURUM,t2d,tzd,10337041000033113,Diabiom 30mg tablets (Tillomed Laboratories Ltd),0,
AURUM,t2d,tzd,2190741000033115,Pioglitazone 15mg tablets,0,
AURUM,t2d,tzd,2190841000033113,Pioglitazone 30mg tablets,0,
AURUM,t2d,tzd,2190941000033117,Actos 15mg tablets (Neon Healthcare Ltd),0,
AURUM,t2d,tzd,2191041000033110,Actos 30mg tablets (Neon Healthcare Ltd),0,
AURUM,t2d,tzd,2995941000033112,Pioglitazone 45mg tablets,0,
AURUM,t2d,tzd,2996041000033119,Actos 45mg tablets (Neon Healthcare Ltd),0,
AURUM,t2d,tzd,6526041000033117,Glizofar 30mg tablets (Arrow Generics Ltd),0,
AURUM,t2d,tzd,8839341000033116,Glidipion 30mg tablets (Actavis UK Ltd),0,
