database,therapeutic_area,med_class,code,term,combo_flag,component_drugs
GOLD,bp,bp_medication,1006,Half Inderal LA 80mg capsules (AstraZeneca UK Ltd),0,
GOLD,bp,bp_medication,10088,Doxadura 4mg tablets (Dexcel-Pharma Ltd),0,
GOLD,bp,bp_medication,10135,Nifedipress mr 10mg Modified-release tablet (Sandoz Ltd),0,
GOLD,bp,bp_medication,10136,Nifedipress MR 20 tablets (Dexcel-Pharma Ltd),0,
GOLD,bp,bp_medication,10153,Felendil xl 5mg Modified-release tablet (Ratiopharm UK Ltd),0,
GOLD,bp,bp_medication,10191,Atenix 50 tablets (Ashbourne Pharmaceuticals Ltd),0,
GOLD,bp,bp_medication,1021,Innozide 20mg/12.5mg tablets (Merck Sharp & Dohme Ltd),0,
GOLD,bp,bp_medication,10214,Spironolactone 5mg/5ml oral suspension sugar free,0,
GOLD,bp,bp_medication,10246,Adipine XL 60mg tablets (Chiesi Ltd),0,
GOLD,bp,bp_medication,10267,Adizem-XL 200mg capsules (Napp Pharmaceuticals Ltd),0,
GOLD,bp,bp_medication,10316,coaprovel 150mg/12.5mg tablets (sanofi),0,
GOLD,bp,bp_medication,10323,Losartan 100mg / Hydrochlorothiazide 25mg tablets,0,
GOLD,bp,bp_medication,10429,Lopresor 50mg Tablet (Novartis Pharmaceuticals UK Ltd),0,
GOLD,bp,bp_medication,1048,Inderal 80mg tablets (AstraZeneca UK Ltd),0,
GOLD,bp,bp_medication,1050,Inderal 40mg tablets (AstraZeneca UK Ltd),0,
GOLD,bp,bp_medication,10595,Nimotop 30mg tablets (Bayer Plc),0,
GOLD,bp,bp_medication,1060,Amiloride 5mg tablets,0,
GOLD,bp,bp_medication,10627,Co-Betaloc tablets (Pfizer Ltd),0,
GOLD,bp,bp_medication,10716,Corgard 80mg tablets (Sanofi),0,
GOLD,bp,bp_medication,10777,Trasicor 160mg Tablet (Novartis Pharmaceuticals UK Ltd),0,
GOLD,bp,bp_medication,10882,Carace 2.5mg tablets (Bristol-Myers Squibb Pharmaceuticals Ltd),0,
GOLD,bp,bp_medication,10892,Emcor 10mg tablets (Merck Serono Ltd),0,
GOLD,bp,bp_medication,10902,Captopril 50mg with Hydrochlorothiazide 25mg tablets,0,
GOLD,bp,bp_medication,11133,Hydrochlorothiazide with captopril 25mg with 50mg Tablet,0,
GOLD,bp,bp_medication,11156,Spirolone 25mg Tablet (Berk Pharmaceuticals Ltd),0,
GOLD,bp,bp_medication,11197,innovace melt 5mg wafer (merck sharp & dohme ltd),0,
GOLD,bp,bp_medication,1121,Captopril 12.5mg tablets,0,
GOLD,bp,bp_medication,11223,Angitil SR 90 capsules (Ethypharm UK Ltd),0,
GOLD,bp,bp_medication,1124,Tenoretic 100mg/25mg tablets (AstraZeneca UK Ltd),0,
GOLD,bp,bp_medication,1125,Navidrex -k Tablet (Novartis Pharmaceuticals UK Ltd),0,
GOLD,bp,bp_medication,11251,Diovan 40mg capsules (Novartis Pharmaceuticals UK Ltd),0,
GOLD,bp,bp_medication,11252,Diovan 80mg capsules (Novartis Pharmaceuticals UK Ltd),0,
GOLD,bp,bp_medication,1130,Viazem XL 300mg capsules (Thornton & Ross Ltd),0,
GOLD,bp,bp_medication,11338,Bendroflumethiazide 5mg with Nadolol 40mg tablets,0,
GOLD,bp,bp_medication,11348,Aprovel 300mg tablets (Sanofi),0,
GOLD,bp,bp_medication,11351,Co-zidocapt 25mg/50mg tablets,0,
GOLD,bp,bp_medication,11380,Sotacor 160mg tablets (Bristol-Myers Squibb Pharmaceuticals Ltd),0,
GOLD,bp,bp_medication,11384,Co-flumactone 50mg/50mg tablets,0,
GOLD,bp,bp_medication,1143,Captopril 25mg tablets,0,
GOLD,bp,bp_medication,1144,Capoten 25mg tablets (Bristol-Myers Squibb Pharmaceuticals Ltd),0,
GOLD,bp,bp_medication,11448,irbesartan 150mg / hydrochlorothiazide 12.5mg tablets,0,
GOLD,bp,bp_medication,11469,irbesartan 300mg / hydrochlorothiazide 12.5mg tablets,0,
GOLD,bp,bp_medication,11512,Nifedipress MR 10 tablets (Dexcel-Pharma Ltd),0,
GOLD,bp,bp_medication,11519,Spironolactone 25mg/5ml oral suspension sugar free,0,
GOLD,bp,bp_medication,11526,coaprovel 300mg/12.5mg tablets (sanofi),0,
GOLD,bp,bp_medication,11547,Nimodipine 30mg tablets,0,
GOLD,bp,bp_medication,11561,Co-zidocapt 12.5mg/25mg tablets,0,
GOLD,bp,bp_medication,11567,Ramipril 5mg with felodipine 5mg modified-release tablet,0,
GOLD,bp,bp_medication,11641,Captopril 25mg with Hydrochlorothiazide 12.5mg tablets,0,
GOLD,bp,bp_medication,1170,Cyclopenthiazide 500microgram tablets,0,
GOLD,bp,bp_medication,11711,propranolol 50mg/5ml oral solution,0,
GOLD,bp,bp_medication,11769,Calchan MR 20 tablets (Ranbaxy (UK) Ltd),0,
GOLD,bp,bp_medication,11770,Dilzem SR 60 capsules (Teva UK Ltd),0,
GOLD,bp,bp_medication,11793,Metoprolol 50mg/5ml oral suspension,0,
GOLD,bp,bp_medication,11864,Valsartan 160mg / Hydrochlorothiazide 12.5mg tablets,0,
GOLD,bp,bp_medication,119,Doxazosin 1mg tablets,0,
GOLD,bp,bp_medication,11922,Diltiazem 60mg/5ml oral suspension,0,
GOLD,bp,bp_medication,11937,Ramipril 2.5mg/5ml oral suspension,0,
GOLD,bp,bp_medication,11943,Cardene 20mg capsules (Astellas Pharma Ltd),0,
GOLD,bp,bp_medication,11965,Ramipril 2.5mg with felodipine 2.5mg modified-release tablet,0,
GOLD,bp,bp_medication,11966,Motens 2mg tablets (GlaxoSmithKline UK Ltd),0,
GOLD,bp,bp_medication,11973,Calcicard CR 120mg tablets (Teva UK Ltd),0,
GOLD,bp,bp_medication,11983,Perindopril erbumine 4mg/5ml oral suspension,0,
GOLD,bp,bp_medication,11987,Lisinopril 5mg/5ml oral solution,0,
GOLD,bp,bp_medication,12037,Betim 10mg Tablet (ICN Pharmaceuticals France S.A.),0,
GOLD,bp,bp_medication,12054,Propranolol 80mg / Bendroflumethiazide 2.5mg capsules,0,
GOLD,bp,bp_medication,1209,Neo-Naclex 5mg tablets (Mercury Pharma Group Ltd),0,
GOLD,bp,bp_medication,1211,Bendroflumethiazide 2.5mg / Potassium chloride 630mg (potassium 8.4mmol) modified-release tablets,0,
GOLD,bp,bp_medication,12110,Hydroflumethiazide 50mg Tablet,0,
GOLD,bp,bp_medication,12119,SOTALOL HCl S/R 80 MG TAB,0,
GOLD,bp,bp_medication,1213,Neo-Naclex-K modified-release tablets (Mercury Pharma Group Ltd),0,
GOLD,bp,bp_medication,12296,Sectral 100mg capsules (Sanofi),0,
GOLD,bp,bp_medication,12313,Carace 20mg tablets (Bristol-Myers Squibb Pharmaceuticals Ltd),0,
GOLD,bp,bp_medication,12360,Nephril 1mg Tablet (Pfizer Ltd),0,
GOLD,bp,bp_medication,12411,Cilazapril 500microgram tablets,0,
GOLD,bp,bp_medication,12412,Cilazapril 2.5mg tablets,0,
GOLD,bp,bp_medication,12440,Hydrosaluric 25mg tablets (Merck Sharp & Dohme Ltd),0,
GOLD,bp,bp_medication,12456,Sotazide Tablet (Bristol-Myers Squibb Pharmaceuticals Ltd),0,
GOLD,bp,bp_medication,12495,Berkolol 10mg Tablet (Berk Pharmaceuticals Ltd),0,
GOLD,bp,bp_medication,12497,OXPRENOLOL 10 MG TAB,0,
GOLD,bp,bp_medication,1251,Moduret 25 tablets (Organon Pharma (UK) Ltd),0,
GOLD,bp,bp_medication,12517,Timolol maleate with bendroflumethiazide 20mg + 5mg Tablet,0,
GOLD,bp,bp_medication,12518,Hypovase tablets B.D. starter pack (Pfizer Ltd),0,
GOLD,bp,bp_medication,12546,Kalspare Tablet (Dominion Pharma),0,
GOLD,bp,bp_medication,12547,Triamterene 50mg / Chlortalidone 50mg tablets,0,
GOLD,bp,bp_medication,12574,Cilazapril 1mg tablets,0,
GOLD,bp,bp_medication,12606,Nifelease 20mg Modified-release tablet (Eastern Pharmaceuticals Ltd),0,
GOLD,bp,bp_medication,12613,Unipine xl 30mg Modified-release tablet (Genus Pharmaceuticals Ltd),0,
GOLD,bp,bp_medication,1262,Nifedipine 12 20mg Modified-release tablet,0,
GOLD,bp,bp_medication,12639,Diltiazem HCl 90mg Modified-release tablet (Actavis UK Ltd),0,
GOLD,bp,bp_medication,12651,Timolol 10mg / Bendroflumethiazide 2.5mg tablets,0,
GOLD,bp,bp_medication,12705,Angiozem CR 90mg tablets (Ashbourne Pharmaceuticals Ltd),0,
GOLD,bp,bp_medication,12815,tanatril 10mg tablets (mitsubishi tanabe pharma europe ltd),0,
GOLD,bp,bp_medication,12836,Eprosartan 600mg tablets,0,
GOLD,bp,bp_medication,12858,Imidapril 10mg tablets,0,
GOLD,bp,bp_medication,12874,Telmisartan 80mg tablets,0,
GOLD,bp,bp_medication,12875,Cardene SR 45mg capsules (Astellas Pharma Ltd),0,
GOLD,bp,bp_medication,1288,Tenoret 50mg/12.5mg tablets (AstraZeneca UK Ltd),0,
GOLD,bp,bp_medication,1289,Tildiem Retard 120mg tablets (Sanofi),0,
GOLD,bp,bp_medication,1290,Bisoprolol 10mg tablets,0,
GOLD,bp,bp_medication,1292,Hypovase 1mg tablets (Pfizer Ltd),0,
GOLD,bp,bp_medication,12926,Polythiazide 1mg tablets,0,
GOLD,bp,bp_medication,1293,Irbesartan 150mg tablets,0,
GOLD,bp,bp_medication,1294,Doxazosin 4mg tablets,0,
GOLD,bp,bp_medication,12946,Spironolactone 10mg/5ml oral suspension sugar free,0,
GOLD,bp,bp_medication,1295,Labetalol 400mg tablets,0,
GOLD,bp,bp_medication,1297,Aldactide 50 tablets (Pfizer Ltd),0,
GOLD,bp,bp_medication,1299,Enalapril 10mg tablets,0,
GOLD,bp,bp_medication,1300,Nifensar xl 20mg Modified-release tablet (Rhone-Poulenc Rorer Ltd),0,
GOLD,bp,bp_medication,13026,Cilazapril 5mg tablets,0,
GOLD,bp,bp_medication,13027,Viazem XL 240mg capsules (Thornton & Ross Ltd),0,
GOLD,bp,bp_medication,13033,Angitil XL 240 capsules (Ethypharm UK Ltd),0,
GOLD,bp,bp_medication,13051,sotalol 200mg tablets,0,
GOLD,bp,bp_medication,13075,Dilzem XL 180 capsules (Teva UK Ltd),0,
GOLD,bp,bp_medication,13123,Eprosartan 400mg tablets,0,
GOLD,bp,bp_medication,13127,Dilzem XL 240 capsules (Teva UK Ltd),0,
GOLD,bp,bp_medication,13139,Adipine XL 30mg tablets (Chiesi Ltd),0,
GOLD,bp,bp_medication,13240,Dilzem XL 120 capsules (Teva UK Ltd),0,
GOLD,bp,bp_medication,13243,Lercanidipine 20mg tablets,0,
GOLD,bp,bp_medication,13246,Chlorothiazide 150mg/5ml oral suspension,0,
GOLD,bp,bp_medication,13264,Spironolactone 15mg/5ml oral suspension,0,
GOLD,bp,bp_medication,13302,Dilzem SR 90 capsules (Teva UK Ltd),0,
GOLD,bp,bp_medication,13309,TRASICOR 2 MG INJ,0,
GOLD,bp,bp_medication,1333,Oxprenolol 40mg tablets,0,
GOLD,bp,bp_medication,1334,Oxprenolol 160mg modified-release tablets,0,
GOLD,bp,bp_medication,13363,Esidrex 50mg Tablet (Novartis Pharmaceuticals UK Ltd),0,
GOLD,bp,bp_medication,13394,Tenormin 25mg/5ml syrup (AstraZeneca UK Ltd),0,
GOLD,bp,bp_medication,13410,Angiozem 60mg modified-release tablets (Ashbourne Pharmaceuticals Ltd),0,
GOLD,bp,bp_medication,13415,Corgard 40mg tablets (Sanofi-Synthelabo Ltd),0,
GOLD,bp,bp_medication,13472,ESIDREX-K TAB,0,
GOLD,bp,bp_medication,13487,Beta-Cardone 200mg tablets (Advanz Pharma),0,
GOLD,bp,bp_medication,13499,Lopresor 100mg Tablet (Novartis Pharmaceuticals UK Ltd),0,
GOLD,bp,bp_medication,13525,Hydrenox 50mg Tablet (Knoll Ltd),0,
GOLD,bp,bp_medication,13526,Atenix Co 100 tablets (Ashbourne Pharmaceuticals Ltd),0,
GOLD,bp,bp_medication,13589,staril 20mg tablets (bristol-myers squibb pharmaceuticals ltd),0,
GOLD,bp,bp_medication,13610,Alphavase 2 tablets (Ashbourne Pharmaceuticals Ltd),0,
GOLD,bp,bp_medication,13672,Angiopine MR 10mg tablets (Ashbourne Pharmaceuticals Ltd),0,
GOLD,bp,bp_medication,13699,Angiopine la 40mg Tablet (Ashbourne Pharmaceuticals Ltd),0,
GOLD,bp,bp_medication,13755,Enalapril 10mg wafer,0,
GOLD,bp,bp_medication,13821,Micardis 40mg tablets (Boehringer Ingelheim Ltd),0,
GOLD,bp,bp_medication,13871,Co-prenozide 160mg/0.25mg modified-release tablets,0,
GOLD,bp,bp_medication,13926,Diltiazem 360mg modified-release capsules,0,
GOLD,bp,bp_medication,14030,Cardicor 2.5mg tablets (Merck Serono Ltd),0,
GOLD,bp,bp_medication,14057,pindolol 10mg / clopamide 5mg tablets,0,
GOLD,bp,bp_medication,14058,Cardicor 1.25mg tablets (Merck Serono Ltd),0,
GOLD,bp,bp_medication,14109,Spironolactone 100mg/5ml oral solution sugar free,0,
GOLD,bp,bp_medication,14117,Eucardic 3.125mg tablets (Roche Products Ltd),0,
GOLD,bp,bp_medication,14126,Acebutolol 200mg / Hydrochlorothiazide 12.5mg tablets,0,
GOLD,bp,bp_medication,14146,Eucardic 6.25mg tablets (Roche Products Ltd),0,
GOLD,bp,bp_medication,14228,Coversyl Plus tablets (Servier Laboratories Ltd),0,
GOLD,bp,bp_medication,14283,Valsartan 160mg / Hydrochlorothiazide 25mg tablets,0,
GOLD,bp,bp_medication,14300,Zanidip 20mg tablets (Recordati Pharmaceuticals Ltd),0,
GOLD,bp,bp_medication,14305,Vascalpha 10mg modified-release tablets (Actavis UK Ltd),0,
GOLD,bp,bp_medication,14387,Carace 5mg tablets (Bristol-Myers Squibb Pharmaceuticals Ltd),0,
GOLD,bp,bp_medication,14438,Corgaretic 80mg tablets (Sanofi-Synthelabo Ltd),0,
GOLD,bp,bp_medication,14477,accupro 10mg tablets (pfizer ltd),0,
GOLD,bp,bp_medication,14478,accupro 20mg tablets (pfizer ltd),0,
GOLD,bp,bp_medication,1448,propranolol 160mg modified-release capsules,0,
GOLD,bp,bp_medication,1449,Nifedipine 24 30mg Modified-release tablet,0,
GOLD,bp,bp_medication,14502,Metoprolol 5mg/5ml solution for injection ampoules,0,
GOLD,bp,bp_medication,1455,Prazosin 500microgram tablets,0,
GOLD,bp,bp_medication,14552,propanix 10mg tablet (ashbourne pharmaceuticals ltd),0,
GOLD,bp,bp_medication,14587,Amiloride 5mg / Bumetanide 1mg tablets,0,
GOLD,bp,bp_medication,14673,Pindolol 15mg tablets,0,
GOLD,bp,bp_medication,147,Ramipril 1.25mg capsules,0,
GOLD,bp,bp_medication,14738,Hydrochlorothiazide with losartan 12.5mg with 50mg Tablet,0,
GOLD,bp,bp_medication,14808,Bedranol SR 80mg capsules (Sandoz Ltd),0,
GOLD,bp,bp_medication,14861,Calchan MR 10 tablets (Ranbaxy (UK) Ltd),0,
GOLD,bp,bp_medication,14870,Telmisartan 40mg / Hydrochlorothiazide 12.5mg tablets,0,
GOLD,bp,bp_medication,14943,Valsartan 40mg tablets,0,
GOLD,bp,bp_medication,14960,Coversyl 8mg tablets (Servier Laboratories Ltd),0,
GOLD,bp,bp_medication,14965,Cozaar 100mg tablets (Merck Sharp & Dohme Ltd),0,
GOLD,bp,bp_medication,14983,Olmetec 10mg tablets (Daiichi Sankyo UK Ltd),0,
GOLD,bp,bp_medication,15031,Accuretic 12.5mg/10mg tablets (Pfizer Ltd),0,
GOLD,bp,bp_medication,15042,Tolerzide Tablet (Bristol-Myers Squibb Pharmaceuticals Ltd),0,
GOLD,bp,bp_medication,15053,SPIRONOLACTONE 10 MG/5ML LIQ,0,
GOLD,bp,bp_medication,15085,innovace titration pack (merck sharp & dohme ltd),0,
GOLD,bp,bp_medication,15096,accupro 40mg tablets (pfizer ltd),0,
GOLD,bp,bp_medication,15108,Quinapril 10mg / Hydrochlorothiazide 12.5mg tablets,0,
GOLD,bp,bp_medication,15117,Nifedipine with atenolol 20mg + 50mg Capsule,0,
GOLD,bp,bp_medication,15121,Moexipril 7.5mg tablets,0,
GOLD,bp,bp_medication,15127,Hydrochlorothiazide with triamterene 25mgwith50mg Tablet,0,
GOLD,bp,bp_medication,15135,Hydrochlorothiazide with captopril 12.5mg with 25mg Tablet,0,
GOLD,bp,bp_medication,15176,Totamol 50mg Tablet (C P Pharmaceuticals Ltd),0,
GOLD,bp,bp_medication,1520,Capozide 25mg/50mg tablets (Bristol-Myers Squibb Pharmaceuticals Ltd),0,
GOLD,bp,bp_medication,15221,Dilcardia xl 180mg Modified-release capsule (Generics (UK) Ltd),0,
GOLD,bp,bp_medication,15288,Angitil XL 300 capsules (Ethypharm UK Ltd),0,
GOLD,bp,bp_medication,1529,Posicor 50mg Tablet (Roche Products Ltd),0,
GOLD,bp,bp_medication,1538,Diltiazem 60mg tablets,0,
GOLD,bp,bp_medication,15457,Baycaron 25mg Tablet (Bayer Plc),0,
GOLD,bp,bp_medication,15488,Metoprolol tartrate with chlortalidone Tablet,0,
GOLD,bp,bp_medication,15493,Reserpine with hydrochlorothiazide tablet,0,
GOLD,bp,bp_medication,15577,HYDROCHLOROTHIAZIDE 12.5MG/K 8.1MMOL S/R 12.5 MG TAB,0,
GOLD,bp,bp_medication,15602,NATRILIX 5 MG TAB,0,
GOLD,bp,bp_medication,15605,cilazapril 250micrograms tablets,0,
GOLD,bp,bp_medication,15619,Half-betadur cr 80mg Capsule (Monmouth Pharmaceuticals Ltd),0,
GOLD,bp,bp_medication,15652,Mibefradil 50mg Tablet,0,
GOLD,bp,bp_medication,15659,DILTIAZEM HCL S/R 180 CAP,0,
GOLD,bp,bp_medication,15715,Genalat retard 20mg Modified-release tablet (Wyeth Pharmaceuticals),0,
GOLD,bp,bp_medication,1572,sotalol 80mg tablets,0,
GOLD,bp,bp_medication,15730,Totamol 100mg Tablet (C P Pharmaceuticals Ltd),0,
GOLD,bp,bp_medication,15958,Captopril 2mg tablets,0,
GOLD,bp,bp_medication,1597,Labetalol 100mg tablets,0,
GOLD,bp,bp_medication,16038,Dilzem SR 120 capsules (Teva UK Ltd),0,
GOLD,bp,bp_medication,16060,Valsartan 80mg / Hydrochlorothiazide 12.5mg tablets,0,
GOLD,bp,bp_medication,16073,Nifedipress MR 10 tablets (Teva UK Ltd),0,
GOLD,bp,bp_medication,16161,Telmisartan 80mg / Hydrochlorothiazide 12.5mg tablets,0,
GOLD,bp,bp_medication,16162,Amlodipine 5mg/5ml oral suspension,0,
GOLD,bp,bp_medication,16196,Vascace 5mg tablets (Roche Products Ltd),0,
GOLD,bp,bp_medication,16197,Vascace 2.5mg tablets (Roche Products Ltd),0,
GOLD,bp,bp_medication,16201,Hytrin bph 2mg Tablet (Amdipharm Plc),0,
GOLD,bp,bp_medication,16212,Vascace 1mg tablets (Roche Products Ltd),0,
GOLD,bp,bp_medication,16285,Teveten 400mg tablets (Abbott Healthcare Products Ltd),0,
GOLD,bp,bp_medication,16371,Teveten 600mg tablets (Mylan Ltd),0,
GOLD,bp,bp_medication,16498,Kalspare tablets (DHP Healthcare Ltd),0,
GOLD,bp,bp_medication,16632,Hydrosaluric 50mg tablets (Merck Sharp & Dohme Ltd),0,
GOLD,bp,bp_medication,16645,Labrocol 400mg Tablet (Lagap),0,
GOLD,bp,bp_medication,16669,LOPRESOR SR 200 MG TAB,0,
GOLD,bp,bp_medication,16701,Carace 10mg tablets (Bristol-Myers Squibb Pharmaceuticals Ltd),0,
GOLD,bp,bp_medication,16708,Enalapril titration pack,0,
GOLD,bp,bp_medication,16710,Gopten 500microgram capsules (Abbott Laboratories Ltd),0,
GOLD,bp,bp_medication,16776,Celectol 400mg Tablet (Pantheon Healthcare Ltd),0,
GOLD,bp,bp_medication,16786,Chlortalidone 25mg with Atenolol 100mg tablets,0,
GOLD,bp,bp_medication,1684,Beta-Adalat modified-release capsules (Bayer Plc),0,
GOLD,bp,bp_medication,16850,Angiozem CR 120mg tablets (Ashbourne Pharmaceuticals Ltd),0,
GOLD,bp,bp_medication,1686,Diltiazem 90mg modified-release capsules,0,
GOLD,bp,bp_medication,16924,Imidapril 5mg tablets,0,
GOLD,bp,bp_medication,17006,Triapin 5mg/5mg modified-release tablets (Sanofi),0,
GOLD,bp,bp_medication,17082,Syprol 5mg/5ml oral solution (Rosemont Pharmaceuticals Ltd),0,
GOLD,bp,bp_medication,17120,Moexipril 15mg tablets,0,
GOLD,bp,bp_medication,17122,Isoprenaline hydrochloride 200micrograms/1ml solution for injection ampoules,0,
GOLD,bp,bp_medication,17143,Mefruside 25mg Tablet,0,
GOLD,bp,bp_medication,17149,Monozide 10 tablets (Wyeth Pharmaceuticals),0,
GOLD,bp,bp_medication,17252,Esidrex 25mg Tablet (Novartis Pharmaceuticals UK Ltd),0,
GOLD,bp,bp_medication,17322,Atenix 25 tablets (Ashbourne Pharmaceuticals Ltd),0,
GOLD,bp,bp_medication,17325,Cardilate MR 10mg tablets (Teva UK Ltd),0,
GOLD,bp,bp_medication,17338,Nifedotard 20 mr 20mg Modified-release tablet (Galen Ltd),0,
GOLD,bp,bp_medication,17342,Nivaten retard 10mg Modified-release tablet (Actavis UK Ltd),0,
GOLD,bp,bp_medication,17406,Zemtard 180 XL capsules (Galen Ltd),0,
GOLD,bp,bp_medication,17425,Zemtard 120 XL capsules (Galen Ltd),0,
GOLD,bp,bp_medication,17448,Nifedipress mr 10mg Modified-release tablet (Sterwin Medicines),0,
GOLD,bp,bp_medication,17462,Bisoprolol 10mg / Hydrochlorothiazide 6.25mg tablets,0,
GOLD,bp,bp_medication,17474,Felodipine 5mg modified-release / Ramipril 5mg tablets,0,
GOLD,bp,bp_medication,17492,Zemtard 300 XL capsules (Galen Ltd),0,
GOLD,bp,bp_medication,17545,Micardis 80mg tablets (Boehringer Ingelheim Ltd),0,
GOLD,bp,bp_medication,17557,Felotens XL 5mg tablets (Genus Pharmaceuticals Ltd),0,
GOLD,bp,bp_medication,17561,Bendroflumethiazide 2.5mg / Potassium chloride 573mg (potassium 7.7mmol) modified-release tablets,0,
GOLD,bp,bp_medication,17566,Felotens XL 10mg tablets (Genus Pharmaceuticals Ltd),0,
GOLD,bp,bp_medication,17586,Slozem 300mg capsules (Merck Serono Ltd),0,
GOLD,bp,bp_medication,17615,Cardicor 5mg tablets (Merck Serono Ltd),0,
GOLD,bp,bp_medication,17624,Captopril 5mg/5ml oral suspension,0,
GOLD,bp,bp_medication,17633,Captopril 3mg/5ml oral solution,0,
GOLD,bp,bp_medication,17640,Amlostin 5mg tablets (Discovery Pharmaceuticals),0,
GOLD,bp,bp_medication,17655,Carace 10 Tablet (Bristol-Myers Squibb Pharmaceuticals Ltd),0,
GOLD,bp,bp_medication,17666,Viazem XL 180mg capsules (Thornton & Ross Ltd),0,
GOLD,bp,bp_medication,17679,sotalol 10mg/ml injection,0,
GOLD,bp,bp_medication,17686,Micardis 20mg tablets (Boehringer Ingelheim Ltd),0,
GOLD,bp,bp_medication,17689,MicardisPlus 80mg/12.5mg tablets (Boehringer Ingelheim Ltd),0,
GOLD,bp,bp_medication,17720,Saluric 500mg Tablet (Merck Sharp & Dohme Ltd),0,
GOLD,bp,bp_medication,17783,Spiroprop Tablet (Pharmacia Ltd),0,
GOLD,bp,bp_medication,1780,Losartan 50mg tablets,0,
GOLD,bp,bp_medication,17876,METOPROLOL FUMARATE 190 MG TAB,0,
GOLD,bp,bp_medication,1788,Atenolol 100mg with Chlortalidone 25mg tablets,0,
GOLD,bp,bp_medication,17902,Spirolone 100mg Tablet (Berk Pharmaceuticals Ltd),0,
GOLD,bp,bp_medication,17950,Spirolone 50mg Tablet (Berk Pharmaceuticals Ltd),0,
GOLD,bp,bp_medication,17960,Furosemide 20mg / Potassium chloride 750mg (potassium 10mmol) modified-release tablets,0,
GOLD,bp,bp_medication,18038,Nisoldipine 20mg modified-release tablets,0,
GOLD,bp,bp_medication,1807,Captopril 50mg tablets,0,
GOLD,bp,bp_medication,18185,Cardicor 7.5mg tablets (Merck Serono Ltd),0,
GOLD,bp,bp_medication,18200,Olmesartan medoxomil 20mg / Hydrochlorothiazide 12.5mg tablets,0,
GOLD,bp,bp_medication,18202,MicardisPlus 40mg/12.5mg tablets (Boehringer Ingelheim Ltd),0,
GOLD,bp,bp_medication,18219,Imidapril 20mg tablets,0,
GOLD,bp,bp_medication,18223,trandolapril with verapamil 2mg + 180mg modified-release capsule,0,
GOLD,bp,bp_medication,18244,ENDURONYL TAB,0,
GOLD,bp,bp_medication,18263,Acezide 25mg/50mg tablets (Bristol-Myers Squibb Pharmaceuticals Ltd),0,
GOLD,bp,bp_medication,18267,Enduron 5mg Tablet (Abbott Laboratories Ltd),0,
GOLD,bp,bp_medication,18269,Acepril 12.5mg tablets (Bristol-Myers Squibb Pharmaceuticals Ltd),0,
GOLD,bp,bp_medication,18287,Co-Betaloc SA tablets (Pfizer Ltd),0,
GOLD,bp,bp_medication,18325,Acepril 50mg tablets (Bristol-Myers Squibb Pharmaceuticals Ltd),0,
GOLD,bp,bp_medication,1836,Diltiazem 60mg modified-release tablets,0,
GOLD,bp,bp_medication,18361,Amilmaxco 5mg/50mg tablets (Ashbourne Pharmaceuticals Ltd),0,
GOLD,bp,bp_medication,18379,Dilcardia SR 90mg capsules (Mylan Ltd),0,
GOLD,bp,bp_medication,18403,Diltiazem HCl 180mg Modified-release capsule (Hillcross Pharmaceuticals Ltd),0,
GOLD,bp,bp_medication,18404,Diltiazem 60mg modified-release capsules (A A H Pharmaceuticals Ltd),0,
GOLD,bp,bp_medication,18414,Eucardic 12.5mg tablets (Roche Products Ltd),0,
GOLD,bp,bp_medication,1854,Adalat la 30mg Tablet (Bayer Plc),0,
GOLD,bp,bp_medication,18606,Diltiazem and hydrochlorothiazide 150mg+12.5mg modified-release capsules,0,
GOLD,bp,bp_medication,18690,SECURON (CALENDAR PACK) 120 MG TAB,0,
GOLD,bp,bp_medication,18722,CARVEDILOL,0,
GOLD,bp,bp_medication,18733,Co-amilozide 5mg with 50mg/ml oral solution,0,
GOLD,bp,bp_medication,18743,Tenben 25mg/1.25mg capsules (Galen Ltd),0,
GOLD,bp,bp_medication,18830,Disogram SR 90mg capsules (Ranbaxy (UK) Ltd),0,
GOLD,bp,bp_medication,18834,Disogram SR 60mg capsules (Ranbaxy (UK) Ltd),0,
GOLD,bp,bp_medication,18852,Disogram SR 120mg capsules (Ranbaxy (UK) Ltd),0,
GOLD,bp,bp_medication,18874,Disogram SR 180mg capsules (Ranbaxy (UK) Ltd),0,
GOLD,bp,bp_medication,18903,Olmesartan medoxomil 20mg / Hydrochlorothiazide 25mg tablets,0,
GOLD,bp,bp_medication,18910,Olmetec 20mg tablets (Daiichi Sankyo UK Ltd),0,
GOLD,bp,bp_medication,18950,Totamol 25mg Tablet (C P Pharmaceuticals Ltd),0,
GOLD,bp,bp_medication,18973,Centyl 2.5mg Tablet (Edwin Burgess Ltd),0,
GOLD,bp,bp_medication,18975,Calcicard 60mg Tablet (3M Health Care Ltd),0,
GOLD,bp,bp_medication,18983,Brinaldix k Effervescent tablet (Berk Pharmaceuticals Ltd),0,
GOLD,bp,bp_medication,19003,SPIRONOLACTONE/PROPRANOLOL 50 MG TAB,0,
GOLD,bp,bp_medication,19013,Clinium 120mg Tablet (LEO Pharma),0,
GOLD,bp,bp_medication,19015,ADIZEM CONTINUS 120 MG TAB,0,
GOLD,bp,bp_medication,1904,Enalapril 20mg tablets,0,
GOLD,bp,bp_medication,19055,Chlortalidone 12.5mg with Atenolol 50mg tablets,0,
GOLD,bp,bp_medication,19068,Labetalol 50mg/10ml solution for injection pre-filled syringes,0,
GOLD,bp,bp_medication,19129,Syscor MR 10 tablets (Forest Laboratories UK Ltd),0,
GOLD,bp,bp_medication,19142,Bendroflumethiazide 2.5mg with Timolol maleate 10mg tablets,0,
GOLD,bp,bp_medication,19170,Tensipine MR 10 tablets (Genus Pharmaceuticals Ltd),0,
GOLD,bp,bp_medication,19172,Atenolol 25mg tablets (IVAX Pharmaceuticals UK Ltd),0,
GOLD,bp,bp_medication,19178,Bisoprolol 10mg tablets (Ranbaxy (UK) Ltd),0,
GOLD,bp,bp_medication,19182,Atenolol 50mg tablets (IVAX Pharmaceuticals UK Ltd),0,
GOLD,bp,bp_medication,19191,Atenolol 100mg tablets (Teva UK Ltd),0,
GOLD,bp,bp_medication,19193,Doxazosin 2mg tablets (Teva UK Ltd),0,
GOLD,bp,bp_medication,19195,Spironolactone 50mg Tablet (Wyeth Pharmaceuticals),0,
GOLD,bp,bp_medication,19198,Lisinopril 20mg tablets (Teva UK Ltd),0,
GOLD,bp,bp_medication,19200,Bisoprolol 5mg tablets (IVAX Pharmaceuticals UK Ltd),0,
GOLD,bp,bp_medication,19202,Carvedilol 6.25mg tablets (Teva UK Ltd),0,
GOLD,bp,bp_medication,19204,Lisinopril 5mg tablets (Teva UK Ltd),0,
GOLD,bp,bp_medication,19208,Enalapril 10mg tablets (Actavis UK Ltd),0,
GOLD,bp,bp_medication,19216,Doxazosin 4mg tablets (IVAX Pharmaceuticals UK Ltd),0,
GOLD,bp,bp_medication,19223,Lisinopril 10mg tablets (Teva UK Ltd),0,
GOLD,bp,bp_medication,19352,Xuret 0.5mg Tablet (Galen Ltd),0,
GOLD,bp,bp_medication,19426,Disogram SR 240mg capsules (Ranbaxy (UK) Ltd),0,
GOLD,bp,bp_medication,19437,Eucardic 25mg tablets (Roche Products Ltd),0,
GOLD,bp,bp_medication,19440,Disogram SR 300mg capsules (Ranbaxy (UK) Ltd),0,
GOLD,bp,bp_medication,19566,HYPOVASE,0,
GOLD,bp,bp_medication,196,Enalapril 5mg tablets,0,
GOLD,bp,bp_medication,19611,AMILORIDE 5MG/HYDROCHLORTHIAZIDE 50MG,0,
GOLD,bp,bp_medication,19687,MODUCREN,0,
GOLD,bp,bp_medication,19690,Verapamil 180mg modified-release / Trandolapril 2mg capsules,0,
GOLD,bp,bp_medication,19695,AMILORIDE HYDROCHLORIDE,0,
GOLD,bp,bp_medication,197,Atenolol 5mg/10ml solution for injection ampoules,0,
GOLD,bp,bp_medication,19721,AMILORIDE 5MG/HYDROCHLORTHIAZIDE 50MG,0,
GOLD,bp,bp_medication,19823,Alphavase 5 tablets (Ashbourne Pharmaceuticals Ltd),0,
GOLD,bp,bp_medication,19853,Cardicor 3.75mg tablets (Merck Serono Ltd),0,
GOLD,bp,bp_medication,19858,Cardicor 10mg tablets (Merck Serono Ltd),0,
GOLD,bp,bp_medication,19890,Hydrochlorothiazide with amiloride 25mgwith2.5mg Tablet,0,
GOLD,bp,bp_medication,19892,Serpasil -esidrex Tablet (Novartis Pharmaceuticals UK Ltd),0,
GOLD,bp,bp_medication,1995,Diltiazem 12hr 120mg modified-release capsules,0,
GOLD,bp,bp_medication,19998,Trandate 100mg/20ml solution for injection ampoules (Focus Pharmaceuticals Ltd),0,
GOLD,bp,bp_medication,2,Bendroflumethiazide 2.5mg tablets,0,
GOLD,bp,bp_medication,20012,Visken 15mg Tablet (Sovereign Medical Ltd),0,
GOLD,bp,bp_medication,2002,Amiloride 5mg / hydrochlorothiazide 50mg tablets,0,
GOLD,bp,bp_medication,20057,Methyclothiazide 5mg tablet,0,
GOLD,bp,bp_medication,20066,Amil-Co 5mg/50mg tablets (IVAX Pharmaceuticals UK Ltd),0,
GOLD,bp,bp_medication,20082,Lopresor SR 200mg tablets (Recordati Pharmaceuticals Ltd),0,
GOLD,bp,bp_medication,20093,Metoprolol 200mg modified-release / Hydrochlorothiazide 25mg tablets,0,
GOLD,bp,bp_medication,20117,Olmetec 40mg tablets (Daiichi Sankyo UK Ltd),0,
GOLD,bp,bp_medication,20169,Practolol 2mg/ml injection,0,
GOLD,bp,bp_medication,20188,Enalapril 2.5mg wafer,0,
GOLD,bp,bp_medication,20257,Cardilate MR 20mg tablets (IVAX Pharmaceuticals UK Ltd),0,
GOLD,bp,bp_medication,20311,Nifedipress mr 20mg Modified-release tablet (Generics (UK) Ltd),0,
GOLD,bp,bp_medication,20369,Doxazosin 1mg/5ml oral suspension,0,
GOLD,bp,bp_medication,20426,Centyl k 2.5mg+7.7mmol Tablet (Edwin Burgess Ltd),0,
GOLD,bp,bp_medication,20431,Centyl K modified-release tablets (LEO Pharma),0,
GOLD,bp,bp_medication,20459,Felendil xl 10mg Modified-release tablet (Ratiopharm UK Ltd),0,
GOLD,bp,bp_medication,2046,Navidrex 500microgram tablets (AMCo),0,
GOLD,bp,bp_medication,20468,Half Beta-Prograne 80mg modified-release capsules (Tillomed Laboratories Ltd),0,
GOLD,bp,bp_medication,20502,Atenix 100 tablets (Ashbourne Pharmaceuticals Ltd),0,
GOLD,bp,bp_medication,20579,Tarka modified-release capsules (Abbott Laboratories Ltd),0,
GOLD,bp,bp_medication,20591,Nifedipress MR 20 tablets (Teva UK Ltd),0,
GOLD,bp,bp_medication,20642,Bi-carzem sr 60mg Modified-release capsule (Tillomed Laboratories Ltd),0,
GOLD,bp,bp_medication,20690,Reserpine 250micrograms tablet,0,
GOLD,bp,bp_medication,20728,Atenamin 25mg Tablet (OPD Pharm),0,
GOLD,bp,bp_medication,20813,BETALOC S.A.,0,
GOLD,bp,bp_medication,20849,Tensopril 12.5mg tablets (Teva UK Ltd),0,
GOLD,bp,bp_medication,20878,Angiopine 10 capsules (Ashbourne Pharmaceuticals Ltd),0,
GOLD,bp,bp_medication,20890,Zemtard 240 XL capsules (Galen Ltd),0,
GOLD,bp,bp_medication,20975,Lisinopril 7.5mg/5ml oral suspension,0,
GOLD,bp,bp_medication,21025,Prestim forte Tablet (LEO Pharma),0,
GOLD,bp,bp_medication,21053,Vascace 500microgram tablets (Roche Products Ltd),0,
GOLD,bp,bp_medication,21133,Atenamin 50mg Tablet (OPD Pharm),0,
GOLD,bp,bp_medication,21145,Dilcardia SR 60mg capsules (Mylan Ltd),0,
GOLD,bp,bp_medication,21162,Felodipine 2.5mg modified-release / Ramipril 2.5mg tablets,0,
GOLD,bp,bp_medication,21182,Hydrochlorothiazide with timolol and amiloride 25mg with 10mg with 2.5mg Tablet,0,
GOLD,bp,bp_medication,21216,Hypolar Retard 10mg tablets (Sandoz Ltd),0,
GOLD,bp,bp_medication,21231,Caralpha 20mg/12.5mg tablets (Actavis UK Ltd),0,
GOLD,bp,bp_medication,21245,Nifedipress mr 10mg Modified-release tablet (Actavis UK Ltd),0,
GOLD,bp,bp_medication,21346,Hydromet Tablet (MSD Thomas Morson Pharmaceuticals),0,
GOLD,bp,bp_medication,2142,Spironolactone 100mg tablets,0,
GOLD,bp,bp_medication,21423,Cozaar-Comp 100mg/25mg tablets (Merck Sharp & Dohme Ltd),0,
GOLD,bp,bp_medication,217,CAPTOPRIL 4 MG/ML LIQ,0,
GOLD,bp,bp_medication,21763,Diltiazem 60mg modified-release tablets (A A H Pharmaceuticals Ltd),0,
GOLD,bp,bp_medication,21773,Diltiazem HCl 60mg Tablet (Generics (UK) Ltd),0,
GOLD,bp,bp_medication,21778,Diltiazem 60mg modified-release tablets (Teva UK Ltd),0,
GOLD,bp,bp_medication,21795,Retalzem 60 modified-release tablets (Kent Pharmaceuticals Ltd),0,
GOLD,bp,bp_medication,21803,Berkozide 2.5mg Tablet (Berk Pharmaceuticals Ltd),0,
GOLD,bp,bp_medication,21838,propanix 80mg tablet (ashbourne pharmaceuticals ltd),0,
GOLD,bp,bp_medication,21839,Berkolol 80mg Tablet (Berk Pharmaceuticals Ltd),0,
GOLD,bp,bp_medication,21866,Berkolol 40mg Tablet (Berk Pharmaceuticals Ltd),0,
GOLD,bp,bp_medication,21867,Berkozide 5mg Tablet (Berk Pharmaceuticals Ltd),0,
GOLD,bp,bp_medication,21872,Angiopine 5mg Capsule (Ashbourne Pharmaceuticals Ltd),0,
GOLD,bp,bp_medication,21873,Atenix Co 50 tablets (Ashbourne Pharmaceuticals Ltd),0,
GOLD,bp,bp_medication,21885,Oxyprenix SR 160mg tablets,0,
GOLD,bp,bp_medication,21886,Nifedipress MR 20 tablets (Actavis UK Ltd),0,
GOLD,bp,bp_medication,219,Diltiazem 120mg modified-release tablets,0,
GOLD,bp,bp_medication,21905,Bipranix 10mg tablets (Ashbourne Pharmaceuticals Ltd),0,
GOLD,bp,bp_medication,21911,Spirospare 25mg Tablet (Ashbourne Pharmaceuticals Ltd),0,
GOLD,bp,bp_medication,21918,Optil 60mg modified-release tablets (Opus Pharmaceuticals Ltd),0,
GOLD,bp,bp_medication,21940,POTASSIUM EFFERVESCENT (6.5MMOL),0,
GOLD,bp,bp_medication,21943,Kaplon 12.5mg tablets (Teva UK Ltd),0,
GOLD,bp,bp_medication,21966,Bipranix 5mg tablets (Ashbourne Pharmaceuticals Ltd),0,
GOLD,bp,bp_medication,220,propranolol 5mg/5ml oral solution,0,
GOLD,bp,bp_medication,22004,CARACE (SPECIAL COMPLIANCE PACK),0,
GOLD,bp,bp_medication,22019,Calanif 10mg Capsule (Berk Pharmaceuticals Ltd),0,
GOLD,bp,bp_medication,22142,Calcilat 10mg Capsule (Eastern Pharmaceuticals Ltd),0,
GOLD,bp,bp_medication,22151,METOPROLOL 100MG/CHLORTHALIDONE 12.5MG,0,
GOLD,bp,bp_medication,22208,Half propanix la 80mg Modified-release capsule (Ashbourne Pharmaceuticals Ltd),0,
GOLD,bp,bp_medication,22217,Nimodrel 10mg modified-release tablet (Opus Pharmaceuticals Ltd),0,
GOLD,bp,bp_medication,22241,Mibefradil 100mg Tablet,0,
GOLD,bp,bp_medication,22242,Navidrex,0,
GOLD,bp,bp_medication,22439,ednyt 20mg tablet (dominion pharma),0,
GOLD,bp,bp_medication,22525,CHLOROTHIAZIDE 250 MG SYR,0,
GOLD,bp,bp_medication,22619,Britiazim 60mg Modified-release tablet (Thames Laboratories Ltd),0,
GOLD,bp,bp_medication,22634,PROPRANOLOL 10 MG SUS,0,
GOLD,bp,bp_medication,22696,Slofedipine 20mg tablets (Sterwin Medicines),0,
GOLD,bp,bp_medication,22708,Enalapril 5mg wafer,0,
GOLD,bp,bp_medication,22793,Labrocol 200mg Tablet (Lagap),0,
GOLD,bp,bp_medication,22796,CARVEDILOL 3.125 MG,0,
GOLD,bp,bp_medication,2280,Adalat retard 10mg tablets (Bayer Plc),0,
GOLD,bp,bp_medication,22839,Clopamide with Potassium effervescent tablets,0,
GOLD,bp,bp_medication,22853,Reserpine 100micrograms tablet,0,
GOLD,bp,bp_medication,22882,RAMIPRIL,0,
GOLD,bp,bp_medication,22912,Bendroflumethiazide 2.5mg with Propanolol 80mg capsules,0,
GOLD,bp,bp_medication,22923,Hydrochlorothiazide with amiloride 50mg with 5mg Tablet,0,
GOLD,bp,bp_medication,23091,Spirospare 100 tablets (Ashbourne Pharmaceuticals Ltd),0,
GOLD,bp,bp_medication,23131,Bendroflumethiazide 5mg with Propanolol 160mg modified-release capsules,0,
GOLD,bp,bp_medication,23134,Nadolol 40mg / Bendroflumethiazide 5mg tablets,0,
GOLD,bp,bp_medication,23233,Bi-carzem sr 90mg Modified-release capsule (Tillomed Laboratories Ltd),0,
GOLD,bp,bp_medication,23252,pralenal 10 tablets (opus pharmaceuticals ltd),0,
GOLD,bp,bp_medication,23326,Betadur cr 160mg Modified-release capsule (Monmouth Pharmaceuticals Ltd),0,
GOLD,bp,bp_medication,23382,CARACE (SPECIAL COMPLIANCE PACK),0,
GOLD,bp,bp_medication,23427,Bendroflumethiazide 5mg tablets (A A H Pharmaceuticals Ltd),0,
GOLD,bp,bp_medication,2343,Adalat retard 20mg tablets (Bayer Plc),0,
GOLD,bp,bp_medication,23456,Hydrochlorothiazide with valsartan 25mg with 160mg Tablet,0,
GOLD,bp,bp_medication,23459,Hypovase benign prostatic hyperplasia 2mg Tablet (Pfizer Ltd),0,
GOLD,bp,bp_medication,2346,Hytrin 5mg Tablet (Abbott Laboratories Ltd),0,
GOLD,bp,bp_medication,2347,Hytrin 10mg Tablet (Abbott Laboratories Ltd),0,
GOLD,bp,bp_medication,23478,Tensopril 50mg tablets (Teva UK Ltd),0,
GOLD,bp,bp_medication,2348,Hytrin bph 10mg Tablet (Amdipharm Plc),0,
GOLD,bp,bp_medication,23483,HYDROCHLOROTHIAZIDE 12.5MG/K 8.1MMOL S/R,0,
GOLD,bp,bp_medication,23492,CYCLOPENTHIAZIDE 250MCG/K 8.1MMOL,0,
GOLD,bp,bp_medication,23505,Adizem xl plus 150mg+12.5mg Modified-release capsule (Napp Pharmaceuticals Ltd),0,
GOLD,bp,bp_medication,23587,Sloprolol 160mg Capsule (C P Pharmaceuticals Ltd),0,
GOLD,bp,bp_medication,23598,SOTALOL HYDROCHLORIDE S/R,0,
GOLD,bp,bp_medication,23604,PROPRANOLOL S/R,0,
GOLD,bp,bp_medication,2361,Trasicor 80mg Tablet (Novartis Pharmaceuticals UK Ltd),0,
GOLD,bp,bp_medication,23642,Vascace 0.25mg Tablet (Roche Products Ltd),0,
GOLD,bp,bp_medication,23733,Optil sr 90mg Modified-release capsule (Opus Pharmaceuticals Ltd),0,
GOLD,bp,bp_medication,23736,Hypolar XL 30 tablets (Sandoz Ltd),0,
GOLD,bp,bp_medication,23805,Nisoldipine 10mg modified-release tablets,0,
GOLD,bp,bp_medication,23823,Nisoldipine 30mg modified-release tablets,0,
GOLD,bp,bp_medication,2389,Aldactone 25mg tablets (Pfizer Ltd),0,
GOLD,bp,bp_medication,24,Atenolol 100mg tablets,0,
GOLD,bp,bp_medication,24008,Vasetic Tablet (Shire Pharmaceuticals Ltd),0,
GOLD,bp,bp_medication,24041,Enalapril 20mg wafer,0,
GOLD,bp,bp_medication,24083,Bisoprolol 5mg tablets (Teva UK Ltd),0,
GOLD,bp,bp_medication,24094,Trasicor 40mg tablets (Amdipharm Plc),0,
GOLD,bp,bp_medication,2414,Inderal 10mg tablets (AstraZeneca UK Ltd),0,
GOLD,bp,bp_medication,24189,Neo-bendromax 2.5mg Tablet (Ashbourne Pharmaceuticals Ltd),0,
GOLD,bp,bp_medication,24190,Neo-bendromax 5mg Tablet (Ashbourne Pharmaceuticals Ltd),0,
GOLD,bp,bp_medication,24191,Antipressan 50mg tablets (Teva UK Ltd),0,
GOLD,bp,bp_medication,24195,Antipressan 100mg tablets (Teva UK Ltd),0,
GOLD,bp,bp_medication,24214,TRITACE 1.25 MG TAB,0,
GOLD,bp,bp_medication,24218,Berkolol 160mg Tablet (Berk Pharmaceuticals Ltd),0,
GOLD,bp,bp_medication,24228,Nimodrel 20mg modified-release tablet (Opus Pharmaceuticals Ltd),0,
GOLD,bp,bp_medication,24268,Hydrochlorothiazide with valsartan 12.5mg with 80mg Tablet,0,
GOLD,bp,bp_medication,24280,Totaretic 100mg+25mg Tablet (C P Pharmaceuticals Ltd),0,
GOLD,bp,bp_medication,2432,Tenormin LS 50mg tablets (AstraZeneca UK Ltd),0,
GOLD,bp,bp_medication,24359,Diovan 40mg tablets (Novartis Pharmaceuticals UK Ltd),0,
GOLD,bp,bp_medication,24365,Cardioplen XL 5mg tablets (Chiesi Ltd),0,
GOLD,bp,bp_medication,24366,Cardioplen XL 10mg tablets (Chiesi Ltd),0,
GOLD,bp,bp_medication,24378,BETALOC S.A. (CALENDAR PACK),0,
GOLD,bp,bp_medication,24461,Betaloc I.V. 5mg/5ml solution for injection ampoules (AstraZeneca UK Ltd),0,
GOLD,bp,bp_medication,24482,Captomex 50mg tablets (Actavis UK Ltd),0,
GOLD,bp,bp_medication,24484,Hydrochlorothiazide with valsartan 12.5mg with 160mg Tablet,0,
GOLD,bp,bp_medication,24520,HYDROCHLOROTHIAZIDE /METOPROLOL TARTRATE 25 MG TAB,0,
GOLD,bp,bp_medication,2453,Diltiazem 60mg modified-release capsules,0,
GOLD,bp,bp_medication,24632,Hydrochlorothiazide with losartan 25mg with 100mg Tablet,0,
GOLD,bp,bp_medication,24635,Sotacor 10mg/ml Injection (Bristol-Myers Squibb Pharmaceuticals Ltd),0,
GOLD,bp,bp_medication,24677,ATENOLOL,0,
GOLD,bp,bp_medication,24693,CARACE (SPECIAL COMPLIANCE PACK),0,
GOLD,bp,bp_medication,24832,Lasipressin Tablet (Hoechst UK Ltd),0,
GOLD,bp,bp_medication,2499,Nadolol 80mg tablets,0,
GOLD,bp,bp_medication,25026,NIFEDIPINE RETARD,0,
GOLD,bp,bp_medication,25027,ADALAT RETARD 10,0,
GOLD,bp,bp_medication,25037,ATENOLOL,0,
GOLD,bp,bp_medication,25044,NIFEDIPINE RETARD,0,
GOLD,bp,bp_medication,25047,Hypovase benign prostatic hyperplasia 500microgram Tablet (Pfizer Ltd),0,
GOLD,bp,bp_medication,25055,NIFEDIPINE,0,
GOLD,bp,bp_medication,25086,SPIRONOLACTONE,0,
GOLD,bp,bp_medication,25132,Nifopress MR 20mg tablets (Teva UK Ltd),0,
GOLD,bp,bp_medication,2521,Adalat 10mg capsules (Bayer Plc),0,
GOLD,bp,bp_medication,2528,Slozem 120mg capsules (Merck Serono Ltd),0,
GOLD,bp,bp_medication,25359,Rapranol SR 160mg capsules (Sun Pharma UK Ltd),0,
GOLD,bp,bp_medication,25363,Prestim tablets (Meda Pharmaceuticals Ltd),0,
GOLD,bp,bp_medication,25367,Rapranol SR 80mg capsules (Sun Pharma UK Ltd),0,
GOLD,bp,bp_medication,25382,Co-Diovan 160mg/25mg tablets (Novartis Pharmaceuticals UK Ltd),0,
GOLD,bp,bp_medication,25462,Clopamide 5mg with Pindolol 10mg tablets,0,
GOLD,bp,bp_medication,25487,Cascor 2mg tablets (Sun Pharma UK Ltd),0,
GOLD,bp,bp_medication,25494,Diatensec 50mg Tablet (Pharmacia Ltd),0,
GOLD,bp,bp_medication,25500,Hypertane 50 Tablet (Schwarz Pharma Ltd),0,
GOLD,bp,bp_medication,25505,Spiro-co 50mg+50mg Tablet (IVAX Pharmaceuticals UK Ltd),0,
GOLD,bp,bp_medication,25551,Cascor 4mg tablets (Sun Pharma UK Ltd),0,
GOLD,bp,bp_medication,25572,Felogen XL 5mg tablets (Mylan Ltd),0,
GOLD,bp,bp_medication,25630,Brinaldix K Effervescent,0,
GOLD,bp,bp_medication,25644,Apsolox 80mg Tablet (Approved Prescription Services Ltd),0,
GOLD,bp,bp_medication,25646,Nivaten retard 20mg Modified-release tablet (Actavis UK Ltd),0,
GOLD,bp,bp_medication,25730,Timolol maleate with amiloride and hydrochlorothiazide Tablet,0,
GOLD,bp,bp_medication,25764,PINDOLOL 10MG/CLOPAMIDE 5MG,0,
GOLD,bp,bp_medication,25777,Dilcardia SR 120mg capsules (Mylan Ltd),0,
GOLD,bp,bp_medication,25787,TOTARETIC 100 TAB,0,
GOLD,bp,bp_medication,25818,PROPRANOLOL 30 MG SUS,0,
GOLD,bp,bp_medication,2587,Tenormin 100mg tablets (AstraZeneca UK Ltd),0,
GOLD,bp,bp_medication,2590,Tenormin 25mg tablets (AstraZeneca UK Ltd),0,
GOLD,bp,bp_medication,25919,Nifedipine 20mg modified-release tablets (A A H Pharmaceuticals Ltd),0,
GOLD,bp,bp_medication,2592,Viazem XL 120mg capsules (Thornton & Ross Ltd),0,
GOLD,bp,bp_medication,25998,Captomex 12.5mg tablets (Actavis UK Ltd),0,
GOLD,bp,bp_medication,26,Atenolol 25mg tablets,0,
GOLD,bp,bp_medication,2605,Nifedipine 10mg modified-release capsules,0,
GOLD,bp,bp_medication,26105,PROPRANOLOL paed 4 MG TAB,0,
GOLD,bp,bp_medication,2612,Indapamide 2.5mg tablets,0,
GOLD,bp,bp_medication,26120,CHLOROTHIAZIDE 50 MG SUS,0,
GOLD,bp,bp_medication,26211,Antipressan 25mg tablets (Teva UK Ltd),0,
GOLD,bp,bp_medication,26219,Zida-co 5mg+50mg Tablet (Opus Pharmaceuticals Ltd),0,
GOLD,bp,bp_medication,26220,Delvas Tablet (Berk Pharmaceuticals Ltd),0,
GOLD,bp,bp_medication,26228,Propanix LA 160mg Modified-release capsule (Ashbourne Pharmaceuticals Ltd),0,
GOLD,bp,bp_medication,26229,Beta-Prograne 160mg modified-release capsules (Tillomed Laboratories Ltd),0,
GOLD,bp,bp_medication,26237,Alphavase 500microgram Tablet (Ashbourne Pharmaceuticals Ltd),0,
GOLD,bp,bp_medication,26238,Alphavase 1 tablets (Ashbourne Pharmaceuticals Ltd),0,
GOLD,bp,bp_medication,26248,Tenchlor 100mg/25mg tablets (Teva UK Ltd),0,
GOLD,bp,bp_medication,26255,Lopranol la 160mg Capsule (Opus Pharmaceuticals Ltd),0,
GOLD,bp,bp_medication,26256,Opumide 2.5mg Tablet (Opus Pharmaceuticals Ltd),0,
GOLD,bp,bp_medication,26265,Calanif 5mg Capsule (Berk Pharmaceuticals Ltd),0,
GOLD,bp,bp_medication,26267,Optil sr 120mg Modified-release capsule (Opus Pharmaceuticals Ltd),0,
GOLD,bp,bp_medication,26269,Optil sr 180mg Modified-release capsule (Opus Pharmaceuticals Ltd),0,
GOLD,bp,bp_medication,26270,Optil xl 300mg Modified-release capsule (Opus Pharmaceuticals Ltd),0,
GOLD,bp,bp_medication,26275,Nindaxa 2.5 tablets (Ashbourne Pharmaceuticals Ltd),0,
GOLD,bp,bp_medication,2629,Carvedilol 12.5mg tablets,0,
GOLD,bp,bp_medication,26309,Optil xl 240mg Modified-release capsule (Opus Pharmaceuticals Ltd),0,
GOLD,bp,bp_medication,26337,Cabren 10mg modified-release tablets (Teva UK Ltd),0,
GOLD,bp,bp_medication,26460,Dilcardia xl 240mg Modified-release capsule (Generics (UK) Ltd),0,
GOLD,bp,bp_medication,26463,Zemret xl 240mg Capsule (Neo Laboratories Ltd),0,
GOLD,bp,bp_medication,26529,furosemide with penbutolol tablet,0,
GOLD,bp,bp_medication,2663,Diltiazem 240mg modified-release capsules,0,
GOLD,bp,bp_medication,26675,XIPAMIDE,0,
GOLD,bp,bp_medication,26693,Hypovase benign prostatic hyperplasia bd BD Starter pack (Pfizer Ltd),0,
GOLD,bp,bp_medication,26731,TOTARETIC 50 TAB,0,
GOLD,bp,bp_medication,26741,Totaretic 50mg+12.5mg Tablet (C P Pharmaceuticals Ltd),0,
GOLD,bp,bp_medication,26759,Zildil SR 60mg capsules (Chanelle Medical UK Ltd),0,
GOLD,bp,bp_medication,26774,Nifedipine 10mg/5ml Oral suspension,0,
GOLD,bp,bp_medication,26788,PROPRANOLOL 2.5 MG ELI,0,
GOLD,bp,bp_medication,26807,TENORETIC,0,
GOLD,bp,bp_medication,2681,AMILORIDE 10 MG TAB,0,
GOLD,bp,bp_medication,2686,Dilzem xl mr 240mg Modified-release capsule (Elan Pharma),0,
GOLD,bp,bp_medication,26895,Syprol 10mg/5ml oral solution (Rosemont Pharmaceuticals Ltd),0,
GOLD,bp,bp_medication,269,Nifedipine 5mg capsules,0,
GOLD,bp,bp_medication,26922,Brevibloc Premixed 100mg/10ml solution for injection vials (Baxter Healthcare Ltd),0,
GOLD,bp,bp_medication,26995,Kaplon 25mg tablets (Teva UK Ltd),0,
GOLD,bp,bp_medication,27036,PROPRANOLOL POWDERS 5 MG POW,0,
GOLD,bp,bp_medication,27086,NADOLOL 80MG/BENDROFLUAZIDE 5MG MG TAB,0,
GOLD,bp,bp_medication,27135,Diltiazem sr 90mg Capsule (Hillcross Pharmaceuticals Ltd),0,
GOLD,bp,bp_medication,27136,Diltiazem 90mg modified-release tablets (A A H Pharmaceuticals Ltd),0,
GOLD,bp,bp_medication,27256,Bendroflumethiazide 2.5mg tablets (Wockhardt UK Ltd),0,
GOLD,bp,bp_medication,27357,Oxprenolol 40mg Tablet (Actavis UK Ltd),0,
GOLD,bp,bp_medication,27401,Kenzem SR 90mg capsules (Kent Pharmaceuticals Ltd),0,
GOLD,bp,bp_medication,2746,Coracten SR 10mg capsules (UCB Pharma Ltd),0,
GOLD,bp,bp_medication,27486,Propranolol 1mg/1ml solution for injection ampoules,0,
GOLD,bp,bp_medication,27489,CHLOROTHIAZIDE 25 MG LIQ,0,
GOLD,bp,bp_medication,27520,Olmetec Plus 20mg/25mg tablets (Daiichi Sankyo UK Ltd),0,
GOLD,bp,bp_medication,27685,Diltiazem HCl 300mg Capsule (PLIVA Pharma Ltd),0,
GOLD,bp,bp_medication,27689,Bendroflumethiazide 2.5mg tablets (IVAX Pharmaceuticals UK Ltd),0,
GOLD,bp,bp_medication,277,Lisinopril 2.5mg tablets,0,
GOLD,bp,bp_medication,27700,propranolol 40mg tablets (actavis uk ltd),0,
GOLD,bp,bp_medication,27719,Metoros ls 95mg Tablet (Geigy Pharmaceuticals),0,
GOLD,bp,bp_medication,27727,sotalol 2mg/ml injection,0,
GOLD,bp,bp_medication,2775,Labetalol 200mg tablets,0,
GOLD,bp,bp_medication,27777,Kelocyanor 15mg/ml Injection (Lipha Pharmaceuticals Ltd),0,
GOLD,bp,bp_medication,2780,Oxprenolol 80mg tablets,0,
GOLD,bp,bp_medication,27871,innovace melt 10mg wafer (merck sharp & dohme ltd),0,
GOLD,bp,bp_medication,27890,ENALAPRIL MALEATE,0,
GOLD,bp,bp_medication,27910,ADALAT 5,0,
GOLD,bp,bp_medication,27946,Nadolol 80mg / Bendroflumethiazide 5mg tablets,0,
GOLD,bp,bp_medication,27957,Natramid 2.5mg Tablet (Trinity Pharmaceuticals Ltd),0,
GOLD,bp,bp_medication,27964,Apsolol 40mg Tablet (Approved Prescription Services Ltd),0,
GOLD,bp,bp_medication,28048,Angilol 10mg Tablet (DDSA Pharmaceuticals Ltd),0,
GOLD,bp,bp_medication,2811,Adizem sr 180mg Modified-release capsule (Napp Pharmaceuticals Ltd),0,
GOLD,bp,bp_medication,28127,Enalapril 2.5mg tablets (Teva UK Ltd),0,
GOLD,bp,bp_medication,28128,propranolol 80mg modified-release capsule (actavis uk ltd),0,
GOLD,bp,bp_medication,28157,Kalspare ls Tablet (Dominion Pharma),0,
GOLD,bp,bp_medication,28177,Hydrochlorothiazide with atenolol and amiloride Capsule,0,
GOLD,bp,bp_medication,2833,CYCLOPENTHIAZIDE -K tablets,0,
GOLD,bp,bp_medication,28438,Triapin 2.5mg/2.5mg modified-release tablets (Sanofi),0,
GOLD,bp,bp_medication,28486,Captopril 6.25mg/5ml oral suspension,0,
GOLD,bp,bp_medication,28493,METOPROLOL FUMARATE 95 MG TAB,0,
GOLD,bp,bp_medication,28586,Lopace 5mg capsules (Discovery Pharmaceuticals),0,
GOLD,bp,bp_medication,28688,Nifedipine 10mg modified-release tablets (A A H Pharmaceuticals Ltd),0,
GOLD,bp,bp_medication,28700,cartrol 10mg tablet (novartis consumer health uk ltd),0,
GOLD,bp,bp_medication,28721,Neofel XL 5mg tablets (Kent Pharmaceuticals Ltd),0,
GOLD,bp,bp_medication,28738,Methyldopa with hydrochlorothiazide Tablet,0,
GOLD,bp,bp_medication,28788,Half propatard la 80mg Modified-release capsule (Galen Ltd),0,
GOLD,bp,bp_medication,28820,Captomex 25mg tablets (Actavis UK Ltd),0,
GOLD,bp,bp_medication,2888,Tildiem 60mg modified-release tablets (Sanofi),0,
GOLD,bp,bp_medication,28902,Odrik 2mg capsules (Aventis Pharma),0,
GOLD,bp,bp_medication,28949,Bi-carzem sr 120mg Modified-release capsule (Tillomed Laboratories Ltd),0,
GOLD,bp,bp_medication,28996,bedranol sr 160mg capsules (sandoz ltd),0,
GOLD,bp,bp_medication,29,Amlodipine besilate 5mg tablets,0,
GOLD,bp,bp_medication,29044,Neofel XL 10mg tablets (Kent Pharmaceuticals Ltd),0,
GOLD,bp,bp_medication,29130,Gopten 4mg capsules (Abbott Laboratories Ltd),0,
GOLD,bp,bp_medication,29145,Felendil xl 2.5mg Modified-release tablet (Ratiopharm UK Ltd),0,
GOLD,bp,bp_medication,29180,Trasicor 80mg tablets (Amdipharm Plc),0,
GOLD,bp,bp_medication,29230,Slow-pren 160mg Tablet (IVAX Pharmaceuticals UK Ltd),0,
GOLD,bp,bp_medication,2926,Nicardipine 20mg capsules,0,
GOLD,bp,bp_medication,2927,PERINDOPRIL/TERT-BUTYLAMINE 2 MG TAB,0,
GOLD,bp,bp_medication,29368,Atenolol 25mg tablets (Teva UK Ltd),0,
GOLD,bp,bp_medication,29397,Spiretic 100mg Tablet (DDSA Pharmaceuticals Ltd),0,
GOLD,bp,bp_medication,29398,Atenamin 100mg Tablet (OPD Pharm),0,
GOLD,bp,bp_medication,29427,Hydrochlorothiazide with metoprolol tartrate 12.5mg with 100mg tablet,0,
GOLD,bp,bp_medication,29529,Hydroflumethiazide with spironolactone 25mg+25mg Tablet,0,
GOLD,bp,bp_medication,29530,innovace melt 2.5mg wafer (merck sharp & dohme ltd),0,
GOLD,bp,bp_medication,29610,Betim 10mg tablets (Meda Pharmaceuticals Ltd),0,
GOLD,bp,bp_medication,29627,Lopace 2.5mg capsules (Discovery Pharmaceuticals),0,
GOLD,bp,bp_medication,29634,Olmetec Plus 20mg/12.5mg tablets (Daiichi Sankyo UK Ltd),0,
GOLD,bp,bp_medication,29676,Calazem 60mg Modified-release tablet (Berk Pharmaceuticals Ltd),0,
GOLD,bp,bp_medication,29696,Methoserpidine with benzthiazide Tablet,0,
GOLD,bp,bp_medication,297,propranolol 10mg tablets,0,
GOLD,bp,bp_medication,2971,Irbesartan 300mg tablets,0,
GOLD,bp,bp_medication,29762,Mepranix 50mg Tablet (Ashbourne Pharmaceuticals Ltd),0,
GOLD,bp,bp_medication,29763,propanix 160mg tablet (ashbourne pharmaceuticals ltd),0,
GOLD,bp,bp_medication,2979,Centyl k Tablet (Edwin Burgess Ltd),0,
GOLD,bp,bp_medication,29803,PROPRANOLOL 3 MG ELI,0,
GOLD,bp,bp_medication,2982,Zestoretic 20- 20mg+12.5mg Tablet (AstraZeneca UK Ltd),0,
GOLD,bp,bp_medication,29827,Carteolol HCl 10mg tablets,0,
GOLD,bp,bp_medication,29964,TRITACE 2.5 MG TAB,0,
GOLD,bp,bp_medication,29976,SOTAZIDE,0,
GOLD,bp,bp_medication,29991,Centyl 5mg Tablet (Edwin Burgess Ltd),0,
GOLD,bp,bp_medication,29998,Metoros 190mg Tablet (Novartis Pharmaceuticals UK Ltd),0,
GOLD,bp,bp_medication,30034,Chlorothiazide / Spironlactone 100mg POW,0,
GOLD,bp,bp_medication,30035,CHLOROTHIAZIDE 40MG /SPIRONOLACTONE 4MG POW,0,
GOLD,bp,bp_medication,30039,Tensopril 25mg tablets (Teva UK Ltd),0,
GOLD,bp,bp_medication,3005,Inderal LA 160mg capsules (AstraZeneca UK Ltd),0,
GOLD,bp,bp_medication,30129,Abicol Tablet (Knoll Ltd),0,
GOLD,bp,bp_medication,30197,Diltiazem 120mg modified-release capsules,0,
GOLD,bp,bp_medication,30199,Nifedipine 30mg modified-release tablets,0,
GOLD,bp,bp_medication,30242,Diltiazem 180mg modified-release capsules,0,
GOLD,bp,bp_medication,30365,CHLOROTHIAZIDE/SPIRONOLACTONE/LACTOSE MG POW,0,
GOLD,bp,bp_medication,30367,chlorothiazide 60 mg spironolactone 6mg pow,0,
GOLD,bp,bp_medication,30368,CHLOROTHIAZIDE/SPIRONOLACTONE SACHETS 100 MG,0,
GOLD,bp,bp_medication,30400,Mepranix 100mg Tablet (Ashbourne Pharmaceuticals Ltd),0,
GOLD,bp,bp_medication,3041,SOTALOL HCl 40 MG INJ,0,
GOLD,bp,bp_medication,30473,Coroday MR 20mg tablets (Mylan Ltd),0,
GOLD,bp,bp_medication,30491,DILTIAZEM HYDROCHLORIDE,0,
GOLD,bp,bp_medication,30519,Amiloride with timolol with hydrochlorothiazide tablets,0,
GOLD,bp,bp_medication,3054,Hygroton 100mg Tablet (Alliance Pharmaceuticals Ltd),0,
GOLD,bp,bp_medication,30541,Esmolol HCl 250mg/ml concentrate solution for infusion,0,
GOLD,bp,bp_medication,30557,Felogen XL 10mg tablets (Mylan Ltd),0,
GOLD,bp,bp_medication,3056,Natrilix SR 1.5mg tablets (Servier Laboratories Ltd),0,
GOLD,bp,bp_medication,30592,CHLOROTHIAZIDE / SPIRONOLACTONE / GLUCOS 60 MG POW,0,
GOLD,bp,bp_medication,3061,Diltiazem 12hr 180mg modified-release capsules,0,
GOLD,bp,bp_medication,30636,Vasaten 50mg Tablet (Shire Pharmaceuticals Ltd),0,
GOLD,bp,bp_medication,3069,Acepril 25mg tablets (Bristol-Myers Squibb Pharmaceuticals Ltd),0,
GOLD,bp,bp_medication,30758,Lidoflazine 120mg Tablet,0,
GOLD,bp,bp_medication,30770,Labetalol 200mg tablets (A A H Pharmaceuticals Ltd),0,
GOLD,bp,bp_medication,3087,propranolol 40mg/5ml oral solution sugar free,0,
GOLD,bp,bp_medication,30915,Cabren 2.5mg modified-release tablets (Teva UK Ltd),0,
GOLD,bp,bp_medication,30921,Lisinopril 2.5mg tablets (Teva UK Ltd),0,
GOLD,bp,bp_medication,30991,Cabren 5mg modified-release tablets (Teva UK Ltd),0,
GOLD,bp,bp_medication,31072,Amias 32mg tablets (Takeda UK Ltd),0,
GOLD,bp,bp_medication,31150,Co-amilozide 5mg/50mg tablets (IVAX Pharmaceuticals UK Ltd),0,
GOLD,bp,bp_medication,31160,IRBESARTAN,0,
GOLD,bp,bp_medication,3118,Adizem sr 90mg Modified-release capsule (Napp Pharmaceuticals Ltd),0,
GOLD,bp,bp_medication,31214,propranolol 80mg tablets (mylan),0,
GOLD,bp,bp_medication,31219,Spironolactone 100mg tablets (A A H Pharmaceuticals Ltd),0,
GOLD,bp,bp_medication,31235,CHLOROTHIAZIDE SACHETS 60 MG,0,
GOLD,bp,bp_medication,31288,TRITACE,0,
GOLD,bp,bp_medication,31307,Odrik 500microgram capsules (Aventis Pharma),0,
GOLD,bp,bp_medication,31336,Syscor MR 30 tablets (Forest Laboratories UK Ltd),0,
GOLD,bp,bp_medication,31337,syscor MR 20 tablets,0,
GOLD,bp,bp_medication,31470,Tenchlor 50mg/12.5mg tablets (Teva UK Ltd),0,
GOLD,bp,bp_medication,31489,Bi-carzem xl 240mg Capsule (Tillomed Laboratories Ltd),0,
GOLD,bp,bp_medication,31536,Atenolol 25mg tablets (Kent Pharmaceuticals Ltd),0,
GOLD,bp,bp_medication,31587,innovace melt 20mg wafer (merck sharp & dohme ltd),0,
GOLD,bp,bp_medication,3167,propranolol 160mg tablets,0,
GOLD,bp,bp_medication,31670,Bendroflumethiazide 2.5mg tablets (Teva UK Ltd),0,
GOLD,bp,bp_medication,31676,Diltiazem HCl 120mg Modified-release tablet (Actavis UK Ltd),0,
GOLD,bp,bp_medication,31708,Co-tenidone 50mg/12.5mg tablets (Actavis UK Ltd),0,
GOLD,bp,bp_medication,31716,Enalapril 20mg tablets (Actavis UK Ltd),0,
GOLD,bp,bp_medication,31737,Zildil SR 120mg capsules (Chanelle Medical UK Ltd),0,
GOLD,bp,bp_medication,31761,Amlostin 10mg tablets (Discovery Pharmaceuticals),0,
GOLD,bp,bp_medication,31776,propranolol 40mg tablets (mylan),0,
GOLD,bp,bp_medication,31810,Odrik 1mg capsules (Aventis Pharma),0,
GOLD,bp,bp_medication,31820,Bendroflumethiazide 5mg tablets (Wockhardt UK Ltd),0,
GOLD,bp,bp_medication,31833,Angilol 80mg Tablet (DDSA Pharmaceuticals Ltd),0,
GOLD,bp,bp_medication,31934,Atenolol 100mg tablets (IVAX Pharmaceuticals UK Ltd),0,
GOLD,bp,bp_medication,3203,Capozide LS Tablet (E R Squibb and Sons Ltd),0,
GOLD,bp,bp_medication,32048,Kaplon 50mg tablets (Teva UK Ltd),0,
GOLD,bp,bp_medication,32089,Diltiazem HCl 120mg Modified-release capsule (Hillcross Pharmaceuticals Ltd),0,
GOLD,bp,bp_medication,32094,Co-tenidone 50mg/12.5mg tablets (A A H Pharmaceuticals Ltd),0,
GOLD,bp,bp_medication,32114,Bisoprolol 5mg tablets (Mylan Ltd),0,
GOLD,bp,bp_medication,32135,Brevibloc Concentrate 2.5g/10ml solution for infusion ampoules (Baxter Healthcare Ltd),0,
GOLD,bp,bp_medication,32162,propranolol 80mg modified-release capsule (lagap),0,
GOLD,bp,bp_medication,32166,Capto-co 25mg+50mg Tablet (IVAX Pharmaceuticals UK Ltd),0,
GOLD,bp,bp_medication,3221,Lacidipine 4mg tablets,0,
GOLD,bp,bp_medication,3222,Valsartan 80mg capsules,0,
GOLD,bp,bp_medication,32241,Enalapril 10mg tablets (A A H Pharmaceuticals Ltd),0,
GOLD,bp,bp_medication,32262,Diltiazem HCl 60mg Tablet (C P Pharmaceuticals Ltd),0,
GOLD,bp,bp_medication,32470,PROPRANOLOL 1 MG LIQ,0,
GOLD,bp,bp_medication,32514,Ecopace 25mg tablets (AMCo),0,
GOLD,bp,bp_medication,32552,Congescor 2.5mg tablets (Tillomed Laboratories Ltd),0,
GOLD,bp,bp_medication,32560,tanatril 20mg tablets (mitsubishi tanabe pharma europe ltd),0,
GOLD,bp,bp_medication,32595,Amlodipine 5mg tablets (A A H Pharmaceuticals Ltd),0,
GOLD,bp,bp_medication,32597,Lisinopril 10mg tablets (Sandoz Ltd),0,
GOLD,bp,bp_medication,32630,Vivacor 10mg tablets (Lexon (UK) Ltd),0,
GOLD,bp,bp_medication,32658,Dilcardia xl 120mg Modified-release capsule (Generics (UK) Ltd),0,
GOLD,bp,bp_medication,32787,Visken 15mg tablets (AMCo),0,
GOLD,bp,bp_medication,32836,Metoprolol 50mg tablets (Mylan Ltd),0,
GOLD,bp,bp_medication,32837,Spironolactone 50mg tablets (Teva UK Ltd),0,
GOLD,bp,bp_medication,3285,AMILORIDE S/F 5 MG/5ML SOL,0,
GOLD,bp,bp_medication,32857,Ramipril 1.25mg capsules (Teva UK Ltd),0,
GOLD,bp,bp_medication,32870,Diltiazem 60mg modified-release tablets (Sterwin Medicines),0,
GOLD,bp,bp_medication,32917,Amlodipine 5mg tablets (IVAX Pharmaceuticals UK Ltd),0,
GOLD,bp,bp_medication,32922,Felodipine 10mg Modified-release tablet (Sandoz Ltd),0,
GOLD,bp,bp_medication,3293,Moduretic Oral solution (Bristol-Myers Squibb Pharmaceuticals Ltd),0,
GOLD,bp,bp_medication,32934,Lopace 10mg capsules (Discovery Pharmaceuticals),0,
GOLD,bp,bp_medication,3302,Cardene SR 30mg capsules (Astellas Pharma Ltd),0,
GOLD,bp,bp_medication,33025,Nimodrel XL 30mg tablets (Zurich Pharmaceuticals),0,
GOLD,bp,bp_medication,33057,ednyt 5mg tablet (dominion pharma),0,
GOLD,bp,bp_medication,33078,Enalapril 20mg tablets (A A H Pharmaceuticals Ltd),0,
GOLD,bp,bp_medication,33079,Atenolol 100mg tablets (Mylan Ltd),0,
GOLD,bp,bp_medication,33083,Indapamide 2.5mg tablets (Teva UK Ltd),0,
GOLD,bp,bp_medication,33085,Atenolol 100mg tablets (A A H Pharmaceuticals Ltd),0,
GOLD,bp,bp_medication,33091,Felodipine 10mg modified-release tablets (A A H Pharmaceuticals Ltd),0,
GOLD,bp,bp_medication,33092,Atenolol 50mg tablets (A A H Pharmaceuticals Ltd),0,
GOLD,bp,bp_medication,33094,Doxazosin 2mg tablets (Viatris UK Healthcare Ltd),0,
GOLD,bp,bp_medication,33095,Perindopril erbumine 4mg tablets (A A H Pharmaceuticals Ltd),0,
GOLD,bp,bp_medication,3310,Capoten 12.5mg tablets (Bristol-Myers Squibb Pharmaceuticals Ltd),0,
GOLD,bp,bp_medication,33184,Atenolol 100mg tablets (Wockhardt UK Ltd),0,
GOLD,bp,bp_medication,33336,Captopril 5mg/5ml Oral suspension (Eldon Laboratories),0,
GOLD,bp,bp_medication,33353,Lisinopril 20mg / Hydrochlorothiazide 12.5mg tablets (Teva UK Ltd),0,
GOLD,bp,bp_medication,33374,Carvedilol 12.5mg tablets (Genus Pharmaceuticals Ltd),0,
GOLD,bp,bp_medication,33376,probeta la 160mg capsule (trinity pharmaceuticals ltd),0,
GOLD,bp,bp_medication,33415,Bendroflumethiazide 2.5mg tablets (Mylan Ltd),0,
GOLD,bp,bp_medication,3344,Betaloc 100mg tablets (AstraZeneca UK Ltd),0,
GOLD,bp,bp_medication,33569,Oxprenolol sr 160mg Modified-release tablet (Hillcross Pharmaceuticals Ltd),0,
GOLD,bp,bp_medication,33602,slo-pro 160mg capsules (mylan),0,
GOLD,bp,bp_medication,33644,propranolol 80mg tablets (a a h pharmaceuticals ltd),0,
GOLD,bp,bp_medication,33646,Captopril 12.5mg Tablet (Generics (UK) Ltd),0,
GOLD,bp,bp_medication,33650,Atenolol 50mg tablets (Mylan Ltd),0,
GOLD,bp,bp_medication,33651,Bendroflumethiazide 2.5mg tablets (A A H Pharmaceuticals Ltd),0,
GOLD,bp,bp_medication,33657,Atenolol 25mg tablets (A A H Pharmaceuticals Ltd),0,
GOLD,bp,bp_medication,33659,Hydrochlorothiazide with metoprolol tartrate 25mg with 200mg Modified-release tablet,0,
GOLD,bp,bp_medication,3370,Dilzem xl mr 120mg Modified-release capsule (Elan Pharma),0,
GOLD,bp,bp_medication,33724,Diuril 250mg/5ml oral suspension (Imported (United States)),0,
GOLD,bp,bp_medication,33811,Ramipril 2.5mg capsules (Ranbaxy (UK) Ltd),0,
GOLD,bp,bp_medication,33836,Apsolol 160mg Tablet (Approved Prescription Services Ltd),0,
GOLD,bp,bp_medication,33837,Amiloride 5mg tablets (A A H Pharmaceuticals Ltd),0,
GOLD,bp,bp_medication,33839,Bisoprolol 10mg tablets (Actavis UK Ltd),0,
GOLD,bp,bp_medication,33850,Atenolol 50mg tablets (Actavis UK Ltd),0,
GOLD,bp,bp_medication,33894,Ramipril 10mg capsules (Teva UK Ltd),0,
GOLD,bp,bp_medication,33909,Congescor 1.25mg tablets (Tillomed Laboratories Ltd),0,
GOLD,bp,bp_medication,33932,Parmid XL 5mg tablets (Sandoz Ltd),0,
GOLD,bp,bp_medication,33977,Lisinopril 10mg tablets (Mylan Ltd),0,
GOLD,bp,bp_medication,34012,Co-tenidone 100mg/25mg tablets (IVAX Pharmaceuticals UK Ltd),0,
GOLD,bp,bp_medication,34034,Co-tenidone 50mg/12.5mg tablets (IVAX Pharmaceuticals UK Ltd),0,
GOLD,bp,bp_medication,34059,Bendroflumethiazide 2.5mg tablets (Actavis UK Ltd),0,
GOLD,bp,bp_medication,34092,Metoprolol 100mg tablets (Teva UK Ltd),0,
GOLD,bp,bp_medication,34093,Amlodipine 10mg tablets (A A H Pharmaceuticals Ltd),0,
GOLD,bp,bp_medication,34094,Metoprolol 50mg tablets (A A H Pharmaceuticals Ltd),0,
GOLD,bp,bp_medication,34101,Nifedipine mr 20mg Modified-release tablet (IVAX Pharmaceuticals UK Ltd),0,
GOLD,bp,bp_medication,34115,Nifedipine 60mg Modified-release tablet,0,
GOLD,bp,bp_medication,34124,Bendroflumethiazide 5mg tablets (Actavis UK Ltd),0,
GOLD,bp,bp_medication,34125,Metoprolol 100mg tablets (A A H Pharmaceuticals Ltd),0,
GOLD,bp,bp_medication,34146,Nifedipine mr 10mg Modified-release tablet (IVAX Pharmaceuticals UK Ltd),0,
GOLD,bp,bp_medication,34171,Labetalol 100mg Tablet (C P Pharmaceuticals Ltd),0,
GOLD,bp,bp_medication,34177,Labetalol 100mg tablets (A A H Pharmaceuticals Ltd),0,
GOLD,bp,bp_medication,34185,propranolol la 80mg modified-release capsule (approved prescription services ltd),0,
GOLD,bp,bp_medication,34187,Nifedipine 10mg Modified-release tablet (Generics (UK) Ltd),0,
GOLD,bp,bp_medication,34188,Labetalol 200mg Tablet (Celltech Pharma Europe Ltd),0,
GOLD,bp,bp_medication,34208,propranolol sr 160mg modified-release capsule (c p pharmaceuticals ltd),0,
GOLD,bp,bp_medication,34214,propranolol 160mg tablets (actavis uk ltd),0,
GOLD,bp,bp_medication,34247,Nifedipine 10mg Capsule (Berk Pharmaceuticals Ltd),0,
GOLD,bp,bp_medication,34265,Atenolol 50mg tablets (Sandoz Ltd),0,
GOLD,bp,bp_medication,34296,Spironolactone 25mg tablets (A A H Pharmaceuticals Ltd),0,
GOLD,bp,bp_medication,34324,Amiloride 5mg tablets (Teva UK Ltd),0,
GOLD,bp,bp_medication,34342,Doxazosin 1mg tablets (Teva UK Ltd),0,
GOLD,bp,bp_medication,34347,Spironolactone 25mg tablets (Actavis UK Ltd),0,
GOLD,bp,bp_medication,34357,Ramipril 10mg capsules (Genus Pharmaceuticals Ltd),0,
GOLD,bp,bp_medication,34365,Atenolol 50mg tablets (Teva UK Ltd),0,
GOLD,bp,bp_medication,34367,Co-amilozide 2.5mg/25mg tablets (Wockhardt UK Ltd),0,
GOLD,bp,bp_medication,34371,sotalol 40mg tablets (a a h pharmaceuticals ltd),0,
GOLD,bp,bp_medication,34377,Diltiazem HCl 90mg Modified-release capsule (Hillcross Pharmaceuticals Ltd),0,
GOLD,bp,bp_medication,34378,propranolol 10mg tablets (a a h pharmaceuticals ltd),0,
GOLD,bp,bp_medication,34382,Ramipril 5mg capsules (Zentiva),0,
GOLD,bp,bp_medication,34390,Ramipril 5mg capsules (Genus Pharmaceuticals Ltd),0,
GOLD,bp,bp_medication,34400,Enalapril 5mg Tablet (Dowelhurst Ltd),0,
GOLD,bp,bp_medication,34407,Metoprolol 50mg tablets (Teva UK Ltd),0,
GOLD,bp,bp_medication,34412,Ramipril 5mg capsules (Teva UK Ltd),0,
GOLD,bp,bp_medication,34429,Ramipril 5mg capsules (Mylan Ltd),0,
GOLD,bp,bp_medication,34430,Metoprolol 50mg tablets (Actavis UK Ltd),0,
GOLD,bp,bp_medication,34431,Ramipril 2.5mg capsules (Zentiva),0,
GOLD,bp,bp_medication,34432,Ramipril 2.5mg capsules (Genus Pharmaceuticals Ltd),0,
GOLD,bp,bp_medication,34443,Atenolol 50mg tablets (Wockhardt UK Ltd),0,
GOLD,bp,bp_medication,34449,Co-tenidone 50mg/12.5mg tablets (Mylan Ltd),0,
GOLD,bp,bp_medication,34453,Enalapril 20mg tablets (Mylan Ltd),0,
GOLD,bp,bp_medication,34471,Lisinopril 5mg tablets (Mylan Ltd),0,
GOLD,bp,bp_medication,34475,Diltiazem HCl 90mg Modified-release tablet (IVAX Pharmaceuticals UK Ltd),0,
GOLD,bp,bp_medication,34490,Ramipril 2.5mg capsules (Teva UK Ltd),0,
GOLD,bp,bp_medication,34492,Atenolol 25mg tablets (Mylan Ltd),0,
GOLD,bp,bp_medication,34501,Carvedilol 12.5mg tablets (Actavis UK Ltd),0,
GOLD,bp,bp_medication,34505,Ramipril 2.5mg capsules (Sandoz Ltd),0,
GOLD,bp,bp_medication,34509,Metoprolol 100mg tablets (Mylan Ltd),0,
GOLD,bp,bp_medication,34520,sotalol 80mg tablets (mylan),0,
GOLD,bp,bp_medication,34522,Nifedipine 5mg capsules (A A H Pharmaceuticals Ltd),0,
GOLD,bp,bp_medication,34528,Ramipril 2.5mg capsules (A A H Pharmaceuticals Ltd),0,
GOLD,bp,bp_medication,34539,Ramipril 5mg capsules (Sandoz Ltd),0,
GOLD,bp,bp_medication,34540,Ramipril 5mg capsules (A A H Pharmaceuticals Ltd),0,
GOLD,bp,bp_medication,34544,Captopril 12.5mg Tablet (IVAX Pharmaceuticals UK Ltd),0,
GOLD,bp,bp_medication,34551,Indapamide 2.5mg tablets (Mylan Ltd),0,
GOLD,bp,bp_medication,34553,Doxazosin 4mg tablets (Viatris UK Healthcare Ltd),0,
GOLD,bp,bp_medication,34562,Captopril 25mg Tablet (IVAX Pharmaceuticals UK Ltd),0,
GOLD,bp,bp_medication,34567,Ramipril 2.5mg capsules (Mylan Ltd),0,
GOLD,bp,bp_medication,34575,Atenolol 25mg tablets (Wockhardt UK Ltd),0,
GOLD,bp,bp_medication,34581,Diltiazem HCl 60mg Modified-release tablet (Kent Pharmaceuticals Ltd),0,
GOLD,bp,bp_medication,34583,Ramipril 10mg Capsule (Dexcel-Pharma Ltd),0,
GOLD,bp,bp_medication,34584,Metoprolol 50mg tablets (IVAX Pharmaceuticals UK Ltd),0,
GOLD,bp,bp_medication,34585,Atenolol 25mg tablets (Sandoz Ltd),0,
GOLD,bp,bp_medication,34589,Ramipril 5mg Capsule (Dexcel-Pharma Ltd),0,
GOLD,bp,bp_medication,34600,sotalol 40mg tablets (teva uk ltd),0,
GOLD,bp,bp_medication,34601,Doxazosin 1mg tablets (Viatris UK Healthcare Ltd),0,
GOLD,bp,bp_medication,34602,Bendroflumethiazide 2.5mg tablets (Sovereign Medical Ltd),0,
GOLD,bp,bp_medication,34607,Nifedipine 5mg capsules (IVAX Pharmaceuticals UK Ltd),0,
GOLD,bp,bp_medication,34625,Doxazosin 2mg tablets (A A H Pharmaceuticals Ltd),0,
GOLD,bp,bp_medication,34640,sotalol 40mg tablet (tillomed laboratories ltd),0,
GOLD,bp,bp_medication,34651,Ramipril 10mg capsules (Mylan Ltd),0,
GOLD,bp,bp_medication,34652,Ramipril 5mg Capsule (Sovereign Medical Ltd),0,
GOLD,bp,bp_medication,34657,Ramipril 10mg capsules (Zentiva),0,
GOLD,bp,bp_medication,34690,sotalol 80mg tablets (sandoz ltd),0,
GOLD,bp,bp_medication,34695,Atenolol 50mg tablets (Kent Pharmaceuticals Ltd),0,
GOLD,bp,bp_medication,34696,Lisinopril 20mg tablets (Mylan Ltd),0,
GOLD,bp,bp_medication,34698,Ramipril 1.25mg capsules (Zentiva),0,
GOLD,bp,bp_medication,3470,Terazosin 1mg tablets,0,
GOLD,bp,bp_medication,34710,Ramipril 10mg capsules (Sandoz Ltd),0,
GOLD,bp,bp_medication,34712,Enalapril 20mg tablets (Kent Pharmaceuticals Ltd),0,
GOLD,bp,bp_medication,34715,Doxazosin 1mg tablets (A A H Pharmaceuticals Ltd),0,
GOLD,bp,bp_medication,34719,Captopril 50mg Tablet (Generics (UK) Ltd),0,
GOLD,bp,bp_medication,34732,Ramipril 2.5mg Capsule (Dexcel-Pharma Ltd),0,
GOLD,bp,bp_medication,3474,Betaloc-SA 200mg tablets (AstraZeneca UK Ltd),0,
GOLD,bp,bp_medication,34740,Carvedilol 6.25mg tablets (Actavis UK Ltd),0,
GOLD,bp,bp_medication,34741,Carvedilol 3.125mg tablets (IVAX Pharmaceuticals UK Ltd),0,
GOLD,bp,bp_medication,34750,Amiloride 5mg tablets (Actavis UK Ltd),0,
GOLD,bp,bp_medication,34754,Atenolol 100mg tablets (Sandoz Ltd),0,
GOLD,bp,bp_medication,34768,Enalapril 20mg tablets (IVAX Pharmaceuticals UK Ltd),0,
GOLD,bp,bp_medication,34783,propranolol 10mg tablets (actavis uk ltd),0,
GOLD,bp,bp_medication,34798,Enalapril 20mg tablets (Sandoz Ltd),0,
GOLD,bp,bp_medication,34799,Lisinopril 20mg tablets (Zentiva),0,
GOLD,bp,bp_medication,348,Moduretic Tablet (Bristol-Myers Squibb Pharmaceuticals Ltd),0,
GOLD,bp,bp_medication,34803,Bendroflumethiazide 2.5mg Tablet (Regent Laboratories Ltd),0,
GOLD,bp,bp_medication,34804,propranolol 10mg tablets (teva uk ltd),0,
GOLD,bp,bp_medication,34821,Bisoprolol 10mg tablets (Mylan Ltd),0,
GOLD,bp,bp_medication,34824,Diltiazem HCl 120mg Modified-release tablet (IVAX Pharmaceuticals UK Ltd),0,
GOLD,bp,bp_medication,34825,Co-tenidone 50mg/12.5mg tablets (Teva UK Ltd),0,
GOLD,bp,bp_medication,34854,Metoprolol 100mg tablets (Actavis UK Ltd),0,
GOLD,bp,bp_medication,34867,propranolol 80mg capsule (ivax pharmaceuticals uk ltd),0,
GOLD,bp,bp_medication,34868,propranolol 40mg tablets (teva uk ltd),0,
GOLD,bp,bp_medication,34877,Ramipril 10mg Capsule (Sovereign Medical Ltd),0,
GOLD,bp,bp_medication,34882,Atenolol 50mg Tablet (Berk Pharmaceuticals Ltd),0,
GOLD,bp,bp_medication,34884,propranolol 160mg modified-release capsule (sandoz ltd),0,
GOLD,bp,bp_medication,34890,Metoprolol 50mg Tablet (Berk Pharmaceuticals Ltd),0,
GOLD,bp,bp_medication,34893,Ramipril 10mg Capsule (IVAX Pharmaceuticals UK Ltd),0,
GOLD,bp,bp_medication,34899,Co-tenidone 100mg/25mg tablets (A A H Pharmaceuticals Ltd),0,
GOLD,bp,bp_medication,34908,Spironolactone 25mg tablets (IVAX Pharmaceuticals UK Ltd),0,
GOLD,bp,bp_medication,34925,Metoprolol 50mg tablets (Sandoz Ltd),0,
GOLD,bp,bp_medication,34936,Captopril 25mg Tablet (Lagap),0,
GOLD,bp,bp_medication,34937,Captopril 50mg Tablet (IVAX Pharmaceuticals UK Ltd),0,
GOLD,bp,bp_medication,34943,Ramipril 10mg capsules (A A H Pharmaceuticals Ltd),0,
GOLD,bp,bp_medication,34945,propranolol 160mg modified-release capsule (lagap),0,
GOLD,bp,bp_medication,34949,propranolol 160mg modified-release capsule (actavis uk ltd),0,
GOLD,bp,bp_medication,34952,Enalapril 10mg tablets (Mylan Ltd),0,
GOLD,bp,bp_medication,34953,Enalapril 20mg tablets (Zentiva),0,
GOLD,bp,bp_medication,34963,Bisoprolol 5mg tablets (Actavis UK Ltd),0,
GOLD,bp,bp_medication,34975,Nifedipine 5mg capsules (Teva UK Ltd),0,
GOLD,bp,bp_medication,34976,Atenolol 25mg tablets (Tillomed Laboratories Ltd),0,
GOLD,bp,bp_medication,35007,Ramipril 10mg/5ml oral suspension,0,
GOLD,bp,bp_medication,35054,Celectol 200mg tablets (Zentiva),0,
GOLD,bp,bp_medication,35062,Trasicor 20mg tablets (Amdipharm Plc),0,
GOLD,bp,bp_medication,35084,Vascalpha 5mg modified-release tablets (Actavis UK Ltd),0,
GOLD,bp,bp_medication,3509,ENALAPRIL MALEATE 40 MG TAB,0,
GOLD,bp,bp_medication,35096,Exforge 10mg/160mg tablets (Novartis Pharmaceuticals UK Ltd),0,
GOLD,bp,bp_medication,3516,Oxprenolol 20mg tablets,0,
GOLD,bp,bp_medication,3517,Hydrochlorothiazide 50mg tablets,0,
GOLD,bp,bp_medication,35173,Valsartan 160mg with amlodipine 5mg tablets,0,
GOLD,bp,bp_medication,35174,Valsartan 80mg with amlodipine 5mg tablets,0,
GOLD,bp,bp_medication,35189,Amlodipine 10mg / Valsartan 160mg tablets,0,
GOLD,bp,bp_medication,35196,coaprovel 300mg/25mg tablets (sanofi),0,
GOLD,bp,bp_medication,3526,Amiloride with atenolol with hydrochlorothiazide capsules,0,
GOLD,bp,bp_medication,35272,Doxadura XL 4mg tablets (Dexcel-Pharma Ltd),0,
GOLD,bp,bp_medication,35302,Captopril 12.5mg/5ml oral suspension,0,
GOLD,bp,bp_medication,35304,Valsartan 160mg with amlodipine 10mg tablets,0,
GOLD,bp,bp_medication,35317,Exforge 5mg/80mg tablets (Novartis Pharmaceuticals UK Ltd),0,
GOLD,bp,bp_medication,35329,Amlodipine 5mg / Valsartan 80mg tablets,0,
GOLD,bp,bp_medication,35343,Amlodipine 5mg / Valsartan 160mg tablets,0,
GOLD,bp,bp_medication,35380,Hydrochlorothiazide with olmesartan medoxomil 12.5mg with 20mg tablet,0,
GOLD,bp,bp_medication,3548,Chlortalidone 100mg tablets,0,
GOLD,bp,bp_medication,35481,irbesartan 300mg / hydrochlorothiazide 25mg tablets,0,
GOLD,bp,bp_medication,35592,Cardioplen XL 2.5mg tablets (Chiesi Ltd),0,
GOLD,bp,bp_medication,35603,Doxazosin 4mg/5ml oral suspension,0,
GOLD,bp,bp_medication,35646,Neozipine XL 60mg tablets (Kent Pharmaceuticals Ltd),0,
GOLD,bp,bp_medication,35695,Visken 5mg tablets (AMCo),0,
GOLD,bp,bp_medication,35696,Kenzem SR 120mg capsules (Kent Pharmaceuticals Ltd),0,
GOLD,bp,bp_medication,35697,Exforge 5mg/160mg tablets (Novartis Pharmaceuticals UK Ltd),0,
GOLD,bp,bp_medication,35710,sotalol 25mg/5ml oral suspension,0,
GOLD,bp,bp_medication,35731,Perindopril erbumine 8mg tablets (A A H Pharmaceuticals Ltd),0,
GOLD,bp,bp_medication,35778,Labrocol 100mg Tablet (Lagap),0,
GOLD,bp,bp_medication,35789,Spironolactone 25mg Tablet (Celltech Pharma Europe Ltd),0,
GOLD,bp,bp_medication,35794,Enalapril 5mg tablets (A A H Pharmaceuticals Ltd),0,
GOLD,bp,bp_medication,3588,Monocor 5mg tablets (Wyeth Pharmaceuticals),0,
GOLD,bp,bp_medication,35938,propranolol 80mg modified-release capsules (a a h pharmaceuticals ltd),0,
GOLD,bp,bp_medication,35940,Celectol 400mg tablets (Zentiva),0,
GOLD,bp,bp_medication,36023,Cardozin xl 4mg Tablet (Hillcross Pharmaceuticals Ltd),0,
GOLD,bp,bp_medication,36202,Amlodipine 10mg tablets (Actavis UK Ltd),0,
GOLD,bp,bp_medication,36261,Atenolol 50mg tablets (Tillomed Laboratories Ltd),0,
GOLD,bp,bp_medication,36519,Esidrex -k Tablet (Novartis Pharmaceuticals UK Ltd),0,
GOLD,bp,bp_medication,36576,propranolol 10mg tablets (mylan),0,
GOLD,bp,bp_medication,36583,Zemret xl 180mg Capsule (Neo Laboratories Ltd),0,
GOLD,bp,bp_medication,36603,propranolol sr 160mg modified-release capsule (hillcross pharmaceuticals ltd),0,
GOLD,bp,bp_medication,36620,Parmid XL 10mg tablets (Sandoz Ltd),0,
GOLD,bp,bp_medication,36649,Hytrin 2mg tablets (Advanz Pharma),0,
GOLD,bp,bp_medication,36664,Zemret xl 300mg Capsule (Neo Laboratories Ltd),0,
GOLD,bp,bp_medication,36684,SLOFEDIPINE 20 MG TAB,0,
GOLD,bp,bp_medication,36740,Slocinx XL 4mg tablets (Zentiva Pharma UK Ltd),0,
GOLD,bp,bp_medication,36742,Captopril 2mg/5ml oral suspension,0,
GOLD,bp,bp_medication,36753,ednyt 10mg tablet (dominion pharma),0,
GOLD,bp,bp_medication,3676,Dilzem xl mr 180mg Modified-release capsule (Elan Pharma),0,
GOLD,bp,bp_medication,36780,Hytrin 5mg tablets (Advanz Pharma),0,
GOLD,bp,bp_medication,3691,Sotalol 160mg with hydrochlorothiazide 25mg tablet,0,
GOLD,bp,bp_medication,36939,Irbesartan 300mg/5ml oral suspension,0,
GOLD,bp,bp_medication,3701,Amiloride 2.5mg / hydrochlorothiazide 25mg tablets,0,
GOLD,bp,bp_medication,37025,Nifedipine 20mg modified-release tablets,0,
GOLD,bp,bp_medication,37080,Enalapril 5mg/5ml oral solution,0,
GOLD,bp,bp_medication,37087,Enalapril 5mg/5ml oral suspension,0,
GOLD,bp,bp_medication,3711,Adipine MR 20 tablets (Chiesi Ltd),0,
GOLD,bp,bp_medication,37118,Bisoprolol 2.5mg tablets (A A H Pharmaceuticals Ltd),0,
GOLD,bp,bp_medication,3712,Coracten XL 30mg capsules (UCB Pharma Ltd),0,
GOLD,bp,bp_medication,3715,Prazosin 5mg tablets,0,
GOLD,bp,bp_medication,37184,Valni XL 30mg tablets (Zentiva),0,
GOLD,bp,bp_medication,3720,zestril 2.5mg tablets (astrazeneca uk ltd),0,
GOLD,bp,bp_medication,37243,Cardozin xl 4mg Tablet (Teva UK Ltd),0,
GOLD,bp,bp_medication,37294,Triamterene with chlortalidone 50mg + 25mg Tablet,0,
GOLD,bp,bp_medication,37428,Hytrin 10mg tablets (Advanz Pharma),0,
GOLD,bp,bp_medication,3748,Oxprenolol 160mg Tablet,0,
GOLD,bp,bp_medication,37530,Neozipine XL 30mg tablets (Kent Pharmaceuticals Ltd),0,
GOLD,bp,bp_medication,37573,Valsartan 320mg tablets,0,
GOLD,bp,bp_medication,37650,Losartan 100mg / Hydrochlorothiazide 12.5mg tablets,0,
GOLD,bp,bp_medication,37655,Captopril 25mg tablets (Teva UK Ltd),0,
GOLD,bp,bp_medication,37710,Lisinopril 10mg / Hydrochlorothiazide 12.5mg tablets (Teva UK Ltd),0,
GOLD,bp,bp_medication,37725,Co-tenidone 100mg/25mg tablets (Mylan Ltd),0,
GOLD,bp,bp_medication,37726,Nifedipine 100mg/5ml oral suspension,0,
GOLD,bp,bp_medication,37747,Cozaar-Comp 100mg/12.5mg tablets (Merck Sharp & Dohme Ltd),0,
GOLD,bp,bp_medication,37774,Kenzem SR 60mg capsules (Kent Pharmaceuticals Ltd),0,
GOLD,bp,bp_medication,37778,Lisinopril 5mg/5ml oral suspension,0,
GOLD,bp,bp_medication,37837,Bisoprolol 2.5mg Tablet (Teva UK Ltd),0,
GOLD,bp,bp_medication,37897,Felotens XL 2.5mg tablets (Genus Pharmaceuticals Ltd),0,
GOLD,bp,bp_medication,37908,Coversyl Arginine Plus 5mg/1.25mg tablets (Servier Laboratories Ltd),0,
GOLD,bp,bp_medication,37930,Perindopril arginine 5mg tablets,0,
GOLD,bp,bp_medication,37964,Perindopril arginine 2.5mg tablets,0,
GOLD,bp,bp_medication,37965,Coversyl Arginine 5mg tablets (Servier Laboratories Ltd),0,
GOLD,bp,bp_medication,37971,Perindopril arginine 10mg tablets,0,
GOLD,bp,bp_medication,37978,Perindopril arginine 5mg / Indapamide 1.25mg tablets,0,
GOLD,bp,bp_medication,38026,Coversyl Arginine 10mg tablets (Servier Laboratories Ltd),0,
GOLD,bp,bp_medication,38034,Coversyl Arginine 2.5mg tablets (Servier Laboratories Ltd),0,
GOLD,bp,bp_medication,38066,Diltiazem HCl 60mg Modified-release tablet (Lagap),0,
GOLD,bp,bp_medication,38107,Nifedipine sr 30mg Tablet (Hillcross Pharmaceuticals Ltd),0,
GOLD,bp,bp_medication,3827,Propanix 40mg Tablet (Ashbourne Pharmaceuticals Ltd),0,
GOLD,bp,bp_medication,38285,Perindopril erbumine 4mg tablets (Teva UK Ltd),0,
GOLD,bp,bp_medication,38308,Ramipril 2.5/5mg/10mg tablet,0,
GOLD,bp,bp_medication,38367,Hydrochlorothiazide with losartan 12.5mg with 100mg Tablet,0,
GOLD,bp,bp_medication,38370,Labetalol 100mg/20ml solution for injection ampoules,0,
GOLD,bp,bp_medication,3839,Capoten 50mg tablets (Bristol-Myers Squibb Pharmaceuticals Ltd),0,
GOLD,bp,bp_medication,38395,Valsartan 80mg tablets,0,
GOLD,bp,bp_medication,38433,propranolol 50mg/5ml oral solution (rosemont pharmaceuticals ltd),0,
GOLD,bp,bp_medication,38434,Keloc SR 10mg tablets (Teva UK Ltd),0,
GOLD,bp,bp_medication,38459,Telmisartan 80mg / Hydrochlorothiazide 25mg tablets,0,
GOLD,bp,bp_medication,38461,Cardozin XL 4mg tablets (Arrow Generics Ltd),0,
GOLD,bp,bp_medication,38498,Sotalol 40mg/4ml solution for injection ampoules,0,
GOLD,bp,bp_medication,38510,Perindopril erbumine 4mg tablets (Apotex UK Ltd),0,
GOLD,bp,bp_medication,38545,Tildiem LA 200 capsules (Sanofi),0,
GOLD,bp,bp_medication,38632,Adizem-SR 90mg capsules (Napp Pharmaceuticals Ltd),0,
GOLD,bp,bp_medication,38634,Adizem-XL 300mg capsules (Napp Pharmaceuticals Ltd),0,
GOLD,bp,bp_medication,38818,Adizem-SR 120mg capsules (Napp Pharmaceuticals Ltd),0,
GOLD,bp,bp_medication,38831,Adizem-SR 180mg capsules (Napp Pharmaceuticals Ltd),0,
GOLD,bp,bp_medication,38854,Quinapril 20mg/5ml oral solution,0,
GOLD,bp,bp_medication,38855,Adizem-XL 180mg capsules (Napp Pharmaceuticals Ltd),0,
GOLD,bp,bp_medication,38865,Adizem-XL 120mg capsules (Napp Pharmaceuticals Ltd),0,
GOLD,bp,bp_medication,38876,Tildiem LA 300 capsules (Sanofi),0,
GOLD,bp,bp_medication,38882,Adizem-XL 240mg capsules (Napp Pharmaceuticals Ltd),0,
GOLD,bp,bp_medication,38889,MicardisPlus 80mg/25mg tablets (Boehringer Ingelheim Ltd),0,
GOLD,bp,bp_medication,38899,quinil 10mg tablets (tillomed laboratories ltd),0,
GOLD,bp,bp_medication,38964,Adizem-SR 120mg tablets (Napp Pharmaceuticals Ltd),0,
GOLD,bp,bp_medication,38991,Bisoprolol 7.5mg tablets (A A H Pharmaceuticals Ltd),0,
GOLD,bp,bp_medication,38995,Zestoretic 20 tablets (AstraZeneca UK Ltd),0,
GOLD,bp,bp_medication,39021,Hydrochlorothiazide with olmesartan medoxomil 25mg with 20mg tablet,0,
GOLD,bp,bp_medication,39137,Zestoretic 10 tablets (AstraZeneca UK Ltd),0,
GOLD,bp,bp_medication,39147,Carace 20 Plus tablets (Merck Sharp & Dohme Ltd),0,
GOLD,bp,bp_medication,3917,Istin 5mg tablets (Pfizer Ltd),0,
GOLD,bp,bp_medication,39171,Bi-Carzem SR 60mg capsules (Tillomed Laboratories Ltd),0,
GOLD,bp,bp_medication,39199,Diovan 320mg tablets (Novartis Pharmaceuticals UK Ltd),0,
GOLD,bp,bp_medication,39227,Capozide LS 12.5mg/25mg tablets (Bristol-Myers Squibb Pharmaceuticals Ltd),0,
GOLD,bp,bp_medication,3923,Terazosin BPH starter pack 7x1mg with 14x2mg with 7x5mg,0,
GOLD,bp,bp_medication,39233,propranolol 80mg modified-release capsules (teva uk ltd),0,
GOLD,bp,bp_medication,3924,Terazosin 5mg tablets,0,
GOLD,bp,bp_medication,39242,Carace 10 Plus tablets (Merck Sharp & Dohme Ltd),0,
GOLD,bp,bp_medication,3929,Quinapril 10mg tablets,0,
GOLD,bp,bp_medication,39298,Bi-Carzem SR 90mg capsules (Tillomed Laboratories Ltd),0,
GOLD,bp,bp_medication,3930,Nifedipine 60mg modified-release tablets,0,
GOLD,bp,bp_medication,3931,Posicor 100mg Tablet (Roche Products Ltd),0,
GOLD,bp,bp_medication,39355,Tritace 10mg Tablet (Sterwin Medicines),0,
GOLD,bp,bp_medication,39357,Neofel XL 2.5mg tablets (Kent Pharmaceuticals Ltd),0,
GOLD,bp,bp_medication,39421,tritace titration pack tablets (sanofi),0,
GOLD,bp,bp_medication,39423,sotalol 80mg tablets (a a h pharmaceuticals ltd),0,
GOLD,bp,bp_medication,39447,Varbim XL 1.5mg tablets (Teva UK Ltd),0,
GOLD,bp,bp_medication,39512,Captopril 25mg/5ml oral suspension,0,
GOLD,bp,bp_medication,3962,TRIAMTERENE 50MG HYDROCHLOROTHIAZIDE25MG TAB,0,
GOLD,bp,bp_medication,39646,Bisoprolol 0.625mg/5ml oral solution,0,
GOLD,bp,bp_medication,39786,Olmesartan medoxomil 10mg/5ml oral suspension,0,
GOLD,bp,bp_medication,39800,Valni XL 60mg tablets (Zentiva),0,
GOLD,bp,bp_medication,39804,Amlodipine 5mg tablets (Dr Reddy's Laboratories (UK) Ltd),0,
GOLD,bp,bp_medication,39819,Esmolol 2.5g/250ml infusion bags,0,
GOLD,bp,bp_medication,39846,Vivacor 5mg tablets (Lexon (UK) Ltd),0,
GOLD,bp,bp_medication,39914,Amlodipine 5mg tablets (Teva UK Ltd),0,
GOLD,bp,bp_medication,39944,Losartan 12.5mg tablets,0,
GOLD,bp,bp_medication,3997,Hygroton 50mg tablets (Alliance Pharmaceuticals Ltd),0,
GOLD,bp,bp_medication,39984,Sevikar 20mg/5mg tablets (Daiichi Sankyo UK Ltd),0,
GOLD,bp,bp_medication,4004,Sotacor 80mg tablets (Neon Healthcare Ltd),0,
GOLD,bp,bp_medication,40074,Nifedipine 20mg Capsule,0,
GOLD,bp,bp_medication,40149,Bendroflumethiazide 5mg tablets (IVAX Pharmaceuticals UK Ltd),0,
GOLD,bp,bp_medication,40167,Metoprolol 100mg tablets (IVAX Pharmaceuticals UK Ltd),0,
GOLD,bp,bp_medication,4021,PROPRANOLOL 20 MG TAB,0,
GOLD,bp,bp_medication,40240,Labetalol 400mg tablets (A A H Pharmaceuticals Ltd),0,
GOLD,bp,bp_medication,40241,propranolol la 160mg capsule (approved prescription services ltd),0,
GOLD,bp,bp_medication,4025,Slow-Trasicor 160mg tablets (AMCo),0,
GOLD,bp,bp_medication,40316,Olmesartan medoxomil 20mg / Amlodipine 5mg tablets,0,
GOLD,bp,bp_medication,4034,Amiloride 5mg / hydrochlorothiazide 50mg/5ml solution,0,
GOLD,bp,bp_medication,40355,quinil 5mg tablets (tillomed laboratories ltd),0,
GOLD,bp,bp_medication,40384,Ramipril 10mg tablets (A A H Pharmaceuticals Ltd),0,
GOLD,bp,bp_medication,4044,Diurexan 20mg tablets (Meda Pharmaceuticals Ltd),0,
GOLD,bp,bp_medication,40571,Cozaar 12.5mg tablets (Merck Sharp & Dohme Ltd),0,
GOLD,bp,bp_medication,40633,Vascalpha 5mg modified-release tablets (Almus Pharmaceuticals Ltd),0,
GOLD,bp,bp_medication,40639,Olmesartan medoxomil 40mg / Amlodipine 5mg tablets,0,
GOLD,bp,bp_medication,40668,Olmesartan medoxomil 40mg / Amlodipine 10mg tablets,0,
GOLD,bp,bp_medication,40678,Doxazosin 4mg tablets (Teva UK Ltd),0,
GOLD,bp,bp_medication,40711,Losartan 2.5mg/ml oral suspension sugar free,0,
GOLD,bp,bp_medication,40761,Nebivolol 2.5mg tablets,0,
GOLD,bp,bp_medication,40886,Bendroflumethiazide 2.5mg tablets (Almus Pharmaceuticals Ltd),0,
GOLD,bp,bp_medication,40891,Doxazosin 2mg tablets (IVAX Pharmaceuticals UK Ltd),0,
GOLD,bp,bp_medication,40907,Indapamide 2.5mg tablets (Genus Pharmaceuticals Ltd),0,
GOLD,bp,bp_medication,410,Nifedipine 10mg modified-release tablets,0,
GOLD,bp,bp_medication,4103,Trandolapril 1mg capsules,0,
GOLD,bp,bp_medication,41074,Spironolactone 25mg tablets (Almus Pharmaceuticals Ltd),0,
GOLD,bp,bp_medication,4111,Hypovase 500microgram tablets (Pfizer Ltd),0,
GOLD,bp,bp_medication,41203,Sevikar 40mg/10mg tablets (Daiichi Sankyo UK Ltd),0,
GOLD,bp,bp_medication,41205,Sevikar 40mg/5mg tablets (Daiichi Sankyo UK Ltd),0,
GOLD,bp,bp_medication,41232,Cozaar 2.5mg/ml oral suspension (Merck Sharp & Dohme Ltd),0,
GOLD,bp,bp_medication,41417,Enalapril 2.5mg tablets (A A H Pharmaceuticals Ltd),0,
GOLD,bp,bp_medication,41489,Bi-Carzem SR 120mg capsules (Tillomed Laboratories Ltd),0,
GOLD,bp,bp_medication,41517,Bendroflumethiazide 5mg tablets (Teva UK Ltd),0,
GOLD,bp,bp_medication,41522,lisopress 20mg tablets (teva uk ltd),0,
GOLD,bp,bp_medication,41532,lisopress 5mg tablets (teva uk ltd),0,
GOLD,bp,bp_medication,41538,lisopress 2.5mg tablets (teva uk ltd),0,
GOLD,bp,bp_medication,41543,Doxazosin 1mg tablets (IVAX Pharmaceuticals UK Ltd),0,
GOLD,bp,bp_medication,4155,Amias 2mg tablets (Takeda UK Ltd),0,
GOLD,bp,bp_medication,41555,propranolol 40mg tablets (a a h pharmaceuticals ltd),0,
GOLD,bp,bp_medication,41556,Co-amilozide 5mg/50mg tablets (Teva UK Ltd),0,
GOLD,bp,bp_medication,41572,Co-tenidone 100mg/25mg tablets (Teva UK Ltd),0,
GOLD,bp,bp_medication,41573,lisopress 10mg tablets (teva uk ltd),0,
GOLD,bp,bp_medication,41591,Bisoprolol 10mg tablets (Teva UK Ltd),0,
GOLD,bp,bp_medication,41592,Spironolactone 100mg tablets (Actavis UK Ltd),0,
GOLD,bp,bp_medication,4161,Spiroctan 25mg Tablet (Roche Products Ltd),0,
GOLD,bp,bp_medication,41617,Captopril 25mg tablets (Actavis UK Ltd),0,
GOLD,bp,bp_medication,41630,Amiloride 5mg Tablet (IVAX Pharmaceuticals UK Ltd),0,
GOLD,bp,bp_medication,41633,Captopril 12.5mg tablets (Actavis UK Ltd),0,
GOLD,bp,bp_medication,41635,Diltiazem 60mg modified-release tablets (IVAX Pharmaceuticals UK Ltd),0,
GOLD,bp,bp_medication,41651,Prazosin 500microgram Tablet (Approved Prescription Services Ltd),0,
GOLD,bp,bp_medication,41652,Prazosin 500microgram tablets (A A H Pharmaceuticals Ltd),0,
GOLD,bp,bp_medication,41660,Spironolactone 100mg tablets (Teva UK Ltd),0,
GOLD,bp,bp_medication,41694,Enalapril 2.5mg tablets (IVAX Pharmaceuticals UK Ltd),0,
GOLD,bp,bp_medication,41706,Spironolactone 50mg tablets (IVAX Pharmaceuticals UK Ltd),0,
GOLD,bp,bp_medication,41721,Prazosin 1mg tablets (A A H Pharmaceuticals Ltd),0,
GOLD,bp,bp_medication,41740,Celiprolol 200mg tablets (Teva UK Ltd),0,
GOLD,bp,bp_medication,41743,Captopril 50mg tablets (Teva UK Ltd),0,
GOLD,bp,bp_medication,41746,Enalapril 10mg tablets (Sandoz Ltd),0,
GOLD,bp,bp_medication,41827,Labetalol 100mg tablets (Mylan Ltd),0,
GOLD,bp,bp_medication,41861,Tensaid XL 1.5mg tablets (Mylan Ltd),0,
GOLD,bp,bp_medication,41885,Ethibide XL 1.5mg tablets (Genus Pharmaceuticals Ltd),0,
GOLD,bp,bp_medication,41889,TRIAMTERENE 50MG HYDROCHLOROTHIAZIDE25MG,0,
GOLD,bp,bp_medication,41892,METOPROLOL 100MG/HYDROCHLOROTHIAZ.12.5MG,0,
GOLD,bp,bp_medication,41894,RESERPINE/BENDROFLUAZIDE 150 MCG TAB,0,
GOLD,bp,bp_medication,41897,CO-BETALOC,0,
GOLD,bp,bp_medication,41979,Adipine la 30mg Modified-release tablet (Chiesi Ltd),0,
GOLD,bp,bp_medication,42081,Tritace 1.25mg Tablet (Sterwin Medicines),0,
GOLD,bp,bp_medication,42142,Moduretic 5mg/50mg tablets (Merck Sharp & Dohme (UK) Ltd),0,
GOLD,bp,bp_medication,42152,Syprol 50mg/5ml oral solution (Rosemont Pharmaceuticals Ltd),0,
GOLD,bp,bp_medication,42210,Amlodipine 10mg tablets (Zentiva),0,
GOLD,bp,bp_medication,4226,Cozaar 25mg tablets (Merck Sharp & Dohme Ltd),0,
GOLD,bp,bp_medication,4227,Adalat la 60mg Tablet (Bayer Plc),0,
GOLD,bp,bp_medication,42285,quinil 40mg tablets (tillomed laboratories ltd),0,
GOLD,bp,bp_medication,4239,Adipine MR 10 tablets (Chiesi Ltd),0,
GOLD,bp,bp_medication,4265,Celectol 200mg Tablet (Pantheon Healthcare Ltd),0,
GOLD,bp,bp_medication,42723,pralenal 5 tablets (opus pharmaceuticals ltd),0,
GOLD,bp,bp_medication,42731,Diltiazem sr 120mg Capsule (Hillcross Pharmaceuticals Ltd),0,
GOLD,bp,bp_medication,42795,Celiprolol 200mg tablets (Mylan Ltd),0,
GOLD,bp,bp_medication,42804,Diltiazem HCl 180mg Capsule (PLIVA Pharma Ltd),0,
GOLD,bp,bp_medication,42819,Diltiazem xl 240mg Capsule (Hillcross Pharmaceuticals Ltd),0,
GOLD,bp,bp_medication,42894,Enalapril 10mg tablets (Teva UK Ltd),0,
GOLD,bp,bp_medication,42901,Enalapril 5mg tablets (Teva UK Ltd),0,
GOLD,bp,bp_medication,42902,Enalapril 20mg tablets (Teva UK Ltd),0,
GOLD,bp,bp_medication,42906,Indapamide 2.5mg tablets (Niche Generics Ltd),0,
GOLD,bp,bp_medication,42908,Enalapril 5mg tablets (IVAX Pharmaceuticals UK Ltd),0,
GOLD,bp,bp_medication,42912,Nifedipine 10mg capsules (Teva UK Ltd),0,
GOLD,bp,bp_medication,43012,Perindopril erbumine oral solution,0,
GOLD,bp,bp_medication,4308,Dilzem sr 90mg Capsule (Elan Pharma),0,
GOLD,bp,bp_medication,43184,Mapemid XL 1.5mg tablets (Teva UK Ltd),0,
GOLD,bp,bp_medication,43222,Valni 20 Retard tablets (Tillomed Laboratories Ltd),0,
GOLD,bp,bp_medication,43251,Bisoprolol 1.25mg tablets (Mylan Ltd),0,
GOLD,bp,bp_medication,4332,Metolazone 5mg tablets,0,
GOLD,bp,bp_medication,43322,Olmesartan medoxomil 40mg / Hydrochlorothiazide 12.5mg tablets,0,
GOLD,bp,bp_medication,4334,Metolazone 500microgram low dose Tablet,0,
GOLD,bp,bp_medication,43394,Pinefeld XL 10mg tablets (Tillomed Laboratories Ltd),0,
GOLD,bp,bp_medication,43410,Nifedipine extra 60mg Modified-release tablet,0,
GOLD,bp,bp_medication,43411,Enalapril 5mg tablets (Sandoz Ltd),0,
GOLD,bp,bp_medication,43412,Lisinopril 2.5mg tablets (A A H Pharmaceuticals Ltd),0,
GOLD,bp,bp_medication,43413,Lisinopril 20mg tablets (A A H Pharmaceuticals Ltd),0,
GOLD,bp,bp_medication,43416,Lisinopril 10mg tablets (A A H Pharmaceuticals Ltd),0,
GOLD,bp,bp_medication,43418,Lisinopril 5mg tablets (A A H Pharmaceuticals Ltd),0,
GOLD,bp,bp_medication,43430,Diltiazem 120mg modified-release tablets (A A H Pharmaceuticals Ltd),0,
GOLD,bp,bp_medication,43432,Captopril 6.25mg tablets,0,
GOLD,bp,bp_medication,43470,Amlodipine 5mg tablets (Wockhardt UK Ltd),0,
GOLD,bp,bp_medication,43507,Captopril 25mg Tablet (Generics (UK) Ltd),0,
GOLD,bp,bp_medication,43511,Nifedipine 10mg capsules (A A H Pharmaceuticals Ltd),0,
GOLD,bp,bp_medication,43512,Felodipine 5mg modified-release tablets (A A H Pharmaceuticals Ltd),0,
GOLD,bp,bp_medication,43514,Spironolactone 50mg tablets (A A H Pharmaceuticals Ltd),0,
GOLD,bp,bp_medication,43515,Nifedipine 10mg capsules (Actavis UK Ltd),0,
GOLD,bp,bp_medication,43516,Indapamide 2.5mg tablets (Actavis UK Ltd),0,
GOLD,bp,bp_medication,43523,Amiloride 5mg tablets (Viatris UK Healthcare Ltd),0,
GOLD,bp,bp_medication,43525,propranolol 10mg tablets (ivax pharmaceuticals uk ltd),0,
GOLD,bp,bp_medication,43547,Prazosin 500microgram tablets (IVAX Pharmaceuticals UK Ltd),0,
GOLD,bp,bp_medication,43549,sotalol 40mg tablets (ivax pharmaceuticals uk ltd),0,
GOLD,bp,bp_medication,43563,Enalapril 2.5mg tablets (Zentiva),0,
GOLD,bp,bp_medication,43564,Bisoprolol 5mg Tablet (PLIVA Pharma Ltd),0,
GOLD,bp,bp_medication,43566,Lisinopril 2.5mg tablets (Sandoz Ltd),0,
GOLD,bp,bp_medication,43649,Captopril 25mg tablets (A A H Pharmaceuticals Ltd),0,
GOLD,bp,bp_medication,43695,Colixil XL 4mg tablets (Sandoz Ltd),0,
GOLD,bp,bp_medication,43753,Adalat LA 30 tablets (Bayer Plc),0,
GOLD,bp,bp_medication,43790,Vascalpha 10mg modified-release tablets (Almus Pharmaceuticals Ltd),0,
GOLD,bp,bp_medication,43813,Perindopril erbumine 2mg tablets (Actavis UK Ltd),0,
GOLD,bp,bp_medication,43818,Adalat LA 60 tablets (Bayer Plc),0,
GOLD,bp,bp_medication,43880,Amlodipine 5mg tablets (Almus Pharmaceuticals Ltd),0,
GOLD,bp,bp_medication,43915,Olmetec Plus 40mg/12.5mg tablets (Daiichi Sankyo UK Ltd),0,
GOLD,bp,bp_medication,44000,Bisoprolol 2.5mg/5ml oral suspension,0,
GOLD,bp,bp_medication,4406,Decaserpyl plus Tablet (Roussel Laboratories Ltd),0,
GOLD,bp,bp_medication,4408,Slozem 240mg capsules (Merck Serono Ltd),0,
GOLD,bp,bp_medication,44083,Labetalol 200mg tablets (Actavis UK Ltd),0,
GOLD,bp,bp_medication,4410,Carvedilol 6.25mg tablets,0,
GOLD,bp,bp_medication,44168,Indipam XL 1.5mg tablets (Actavis UK Ltd),0,
GOLD,bp,bp_medication,44192,Zemret 240 XL capsules (Tillomed Laboratories Ltd),0,
GOLD,bp,bp_medication,44254,Amiloride 5.67mg tablets,0,
GOLD,bp,bp_medication,4429,Trasidrex modified-release tablets (Mercury Pharma Group Ltd),0,
GOLD,bp,bp_medication,4449,Cardura 1mg tablets (Viatris UK Healthcare Ltd),0,
GOLD,bp,bp_medication,44527,Captopril 5mg/ml oral solution sugar free,0,
GOLD,bp,bp_medication,44657,ednyt 2.5mg tablet (dominion pharma),0,
GOLD,bp,bp_medication,44778,Valsartan 160mg tablets,0,
GOLD,bp,bp_medication,448,Enalapril 2.5mg tablets,0,
GOLD,bp,bp_medication,44808,Nebivolol 2.5mg tablets (A A H Pharmaceuticals Ltd),0,
GOLD,bp,bp_medication,44858,Atenolol 25mg tablets (Actavis UK Ltd),0,
GOLD,bp,bp_medication,44859,Felodipine sr 5mg Tablet (Approved Prescription Services Ltd),0,
GOLD,bp,bp_medication,44887,Bi-carzem xl 300mg Capsule (Tillomed Laboratories Ltd),0,
GOLD,bp,bp_medication,45040,Larbex XL 4mg tablets (Teva UK Ltd),0,
GOLD,bp,bp_medication,45070,Amlodipine 10mg/5ml oral suspension,0,
GOLD,bp,bp_medication,45078,Spironolactone 25mg/5ml Oral solution sugar free (Rosemont Pharmaceuticals Ltd),0,
GOLD,bp,bp_medication,452,Nifedipine 10mg capsules,0,
GOLD,bp,bp_medication,45217,Enalapril 5mg tablets (Kent Pharmaceuticals Ltd),0,
GOLD,bp,bp_medication,45228,Captopril capsules,0,
GOLD,bp,bp_medication,45250,Labetalol 400mg tablets (Sandoz Ltd),0,
GOLD,bp,bp_medication,45264,Ramipril 1.25mg capsules (Actavis UK Ltd),0,
GOLD,bp,bp_medication,45265,Doxazosin sr 4mg Tablet (Generics (UK) Ltd),0,
GOLD,bp,bp_medication,45279,Amlodipine 5mg tablets (Sandoz Ltd),0,
GOLD,bp,bp_medication,45289,Metoprolol tartrate Oral solution,0,
GOLD,bp,bp_medication,45292,Nicardipine 30mg capsules (A A H Pharmaceuticals Ltd),0,
GOLD,bp,bp_medication,45297,propranolol 40mg tablets (ivax pharmaceuticals uk ltd),0,
GOLD,bp,bp_medication,45300,Lisinopril 10mg tablets (Actavis UK Ltd),0,
GOLD,bp,bp_medication,45309,Acebutolol 400mg tablets (A A H Pharmaceuticals Ltd),0,
GOLD,bp,bp_medication,45319,Perindopril erbumine 2mg tablets (A A H Pharmaceuticals Ltd),0,
GOLD,bp,bp_medication,45324,Lisinopril 20mg tablets (Actavis UK Ltd),0,
GOLD,bp,bp_medication,45328,Doxazosin 1mg tablets (Sandoz Ltd),0,
GOLD,bp,bp_medication,45337,Lisinopril 5mg tablets (Actavis UK Ltd),0,
GOLD,bp,bp_medication,45340,Ramipril 10mg Capsule (Actavis UK Ltd),0,
GOLD,bp,bp_medication,45342,Doxazosin 4mg tablets (Sandoz Ltd),0,
GOLD,bp,bp_medication,45343,propranolol sr 80mg modified-release capsule (c p pharmaceuticals ltd),0,
GOLD,bp,bp_medication,4540,Cozaar-Comp 50mg/12.5mg tablets (Merck Sharp & Dohme Ltd),0,
GOLD,bp,bp_medication,4542,Atenolol 50mg / Nifedipine 20mg modified-release capsules,0,
GOLD,bp,bp_medication,45494,propranolol 10mg tablets (almus pharmaceuticals ltd),0,
GOLD,bp,bp_medication,45554,Ramipril 5mg/5ml oral solution,0,
GOLD,bp,bp_medication,45583,Doxazosin 2mg tablets (Dexcel-Pharma Ltd),0,
GOLD,bp,bp_medication,45600,Diovan 160mg Tablet (Novartis Pharmaceuticals UK Ltd),0,
GOLD,bp,bp_medication,45685,Adanif XL 30mg tablets (Focus Pharmaceuticals Ltd),0,
GOLD,bp,bp_medication,4571,staril 10mg tablets (bristol-myers squibb pharmaceuticals ltd),0,
GOLD,bp,bp_medication,45759,Diltiazem HCl 240mg Capsule (PLIVA Pharma Ltd),0,
GOLD,bp,bp_medication,45765,Syprol 40mg/5ml oral solution (Rosemont Pharmaceuticals Ltd),0,
GOLD,bp,bp_medication,45816,Lisinopril 5mg tablets (Almus Pharmaceuticals Ltd),0,
GOLD,bp,bp_medication,45877,Beta-Prograne 160mg modified-release capsules (Teva UK Ltd),0,
GOLD,bp,bp_medication,4588,Visken 5mg Tablet (Sovereign Medical Ltd),0,
GOLD,bp,bp_medication,45916,Hydroflumethiazide with spironolactone 50mg+50mg Tablet,0,
GOLD,bp,bp_medication,45938,Perindopril erbumine 8mg tablets (Teva UK Ltd),0,
GOLD,bp,bp_medication,4605,Moducren tablets (Merck Sharp & Dohme Ltd),0,
GOLD,bp,bp_medication,46066,Cardozin XL 4mg tablets (Almus Pharmaceuticals Ltd),0,
GOLD,bp,bp_medication,46233,Amlodipine Oral solution,0,
GOLD,bp,bp_medication,46302,Neo-Naclex 2.5mg tablets (AMCo),0,
GOLD,bp,bp_medication,4635,Diltiazem 200mg modified-release capsules,0,
GOLD,bp,bp_medication,46355,Sevikar HCT 20mg/5mg/12.5mg tablets (Daiichi Sankyo UK Ltd),0,
GOLD,bp,bp_medication,46363,half beta-prograne 80mg modified-release capsules (teva uk ltd),0,
GOLD,bp,bp_medication,46365,quinil 20mg tablets (tillomed laboratories ltd),0,
GOLD,bp,bp_medication,4637,Terazosin 2mg tablets,0,
GOLD,bp,bp_medication,46445,Nifedipine 10mg capsules (IVAX Pharmaceuticals UK Ltd),0,
GOLD,bp,bp_medication,4645,Valsartan 160mg capsules,0,
GOLD,bp,bp_medication,46493,PROPRANOLOL 15 MG SYR,0,
GOLD,bp,bp_medication,46526,Raporsin XL 4mg tablets (Accord-UK Ltd),0,
GOLD,bp,bp_medication,46614,Lopresor 50mg tablets (Recordati Pharmaceuticals Ltd),0,
GOLD,bp,bp_medication,46674,Spironolactone 50mg/5ml Oral suspension sugar free (Rosemont Pharmaceuticals Ltd),0,
GOLD,bp,bp_medication,46675,Indapamide 1.5mg modified-release tablets (A A H Pharmaceuticals Ltd),0,
GOLD,bp,bp_medication,46687,Olmesartan medoxomil with amlodipine and hydrochlorothiazide 20mg + 5mg + 12.5mg Tablet,0,
GOLD,bp,bp_medication,46715,Olmesartan medoxomil with amlodipine and hydrochlorothiazide 40mg + 10mg + 12.5mg Tablet,0,
GOLD,bp,bp_medication,46724,Amlodipine 5mg/5ml oral solution,0,
GOLD,bp,bp_medication,46740,Lopresor 100mg tablets (Recordati Pharmaceuticals Ltd),0,
GOLD,bp,bp_medication,46792,Olmesartan medoxomil with amlodipine and hydrochlorothiazide 40mg + 5mg + 12.5mg Tablet,0,
GOLD,bp,bp_medication,4685,Amias 4mg tablets (Takeda UK Ltd),0,
GOLD,bp,bp_medication,46851,Captopril 5mg/5ml oral solution,0,
GOLD,bp,bp_medication,46887,Adanif XL 60mg tablets (Focus Pharmaceuticals Ltd),0,
GOLD,bp,bp_medication,46890,Ramipril 5mg/5ml oral suspension,0,
GOLD,bp,bp_medication,46908,Atenolol 100mg tablets (Kent Pharmaceuticals Ltd),0,
GOLD,bp,bp_medication,46916,Co-amilozide 5mg/50mg tablets (A A H Pharmaceuticals Ltd),0,
GOLD,bp,bp_medication,46922,Prazosin 1mg tablets (IVAX Pharmaceuticals UK Ltd),0,
GOLD,bp,bp_medication,46930,Amiloride 5mg tablets (Wockhardt UK Ltd),0,
GOLD,bp,bp_medication,46931,Atenolol 100mg tablets (Actavis UK Ltd),0,
GOLD,bp,bp_medication,46935,Carvedilol 3.125mg tablets (Actavis UK Ltd),0,
GOLD,bp,bp_medication,46936,Carvedilol 3.125mg tablets (A A H Pharmaceuticals Ltd),0,
GOLD,bp,bp_medication,46937,Diltiazem 60mg modified-release tablets (Actavis UK Ltd),0,
GOLD,bp,bp_medication,46951,Captopril 12.5mg tablets (A A H Pharmaceuticals Ltd),0,
GOLD,bp,bp_medication,46952,Co-tenidone 100mg/25mg tablets (Actavis UK Ltd),0,
GOLD,bp,bp_medication,46957,Captopril 12.5mg tablets (Tillomed Laboratories Ltd),0,
GOLD,bp,bp_medication,46974,Enalapril 5mg tablets (Mylan Ltd),0,
GOLD,bp,bp_medication,46975,Lisinopril 5mg tablets (Sandoz Ltd),0,
GOLD,bp,bp_medication,46979,Lisinopril 20mg tablets (Sandoz Ltd),0,
GOLD,bp,bp_medication,46990,Spironolactone 50mg/5ml oral suspension,0,
GOLD,bp,bp_medication,47002,Amlodipine 10mg/5ml sugar free Oral suspension,0,
GOLD,bp,bp_medication,47006,Losartan 100mg tablets (Teva UK Ltd),0,
GOLD,bp,bp_medication,47018,Spironolactone 25mg/5ml oral suspension,0,
GOLD,bp,bp_medication,47021,Ramipril 2.5mg/5ml oral solution sugar free,0,
GOLD,bp,bp_medication,47027,Nifedipine 10mg Modified-release tablet (Kent Pharmaceuticals Ltd),0,
GOLD,bp,bp_medication,47041,Bisoprolol 2.5mg tablets (Mylan Ltd),0,
GOLD,bp,bp_medication,47107,Carvedilol 5mg/5ml oral suspension,0,
GOLD,bp,bp_medication,47159,Lisinopril 10mg tablets (Almus Pharmaceuticals Ltd),0,
GOLD,bp,bp_medication,472,Bisoprolol 5mg tablets,0,
GOLD,bp,bp_medication,47217,Adipine la 60mg Modified-release tablet (Chiesi Ltd),0,
GOLD,bp,bp_medication,4725,Labetalol 50mg tablets,0,
GOLD,bp,bp_medication,47285,Nifedipine xl 60mg Tablet (Hillcross Pharmaceuticals Ltd),0,
GOLD,bp,bp_medication,47300,Nebivolol 2.5mg tablets (Glenmark Pharmaceuticals Europe Ltd),0,
GOLD,bp,bp_medication,4732,Diltiazem 90mg modified-release tablets,0,
GOLD,bp,bp_medication,47331,Lercanidipine 10mg tablets (Mylan Ltd),0,
GOLD,bp,bp_medication,4741,Candesartan 16mg tablets,0,
GOLD,bp,bp_medication,47415,Diltiazem sr 60mg Capsule (Hillcross Pharmaceuticals Ltd),0,
GOLD,bp,bp_medication,47467,Olmesartan medoxomil with amlodipine and hydrochlorothiazide 40mg + 5mg + 25mg Tablet,0,
GOLD,bp,bp_medication,47529,Nifedipine 20mg/ml oral drops,0,
GOLD,bp,bp_medication,47530,Horizem SR 60mg capsules (Horizon lifecare),0,
GOLD,bp,bp_medication,47536,Metoprolol tartrate 12.5mg/5ml Oral suspension,0,
GOLD,bp,bp_medication,47573,Sevikar HCT 40mg/5mg/12.5mg tablets (Daiichi Sankyo UK Ltd),0,
GOLD,bp,bp_medication,47608,Zemret 300 XL capsules (Tillomed Laboratories Ltd),0,
GOLD,bp,bp_medication,47614,Nifedipine 30mg modified-release tablets (A A H Pharmaceuticals Ltd),0,
GOLD,bp,bp_medication,47616,Sevikar HCT 40mg/10mg/12.5mg tablets (Daiichi Sankyo UK Ltd),0,
GOLD,bp,bp_medication,47673,Labetalol 400mg Tablet (Approved Prescription Services Ltd),0,
GOLD,bp,bp_medication,47674,Labetalol 200mg Tablet (C P Pharmaceuticals Ltd),0,
GOLD,bp,bp_medication,47687,Spiretic 25mg Tablet (DDSA Pharmaceuticals Ltd),0,
GOLD,bp,bp_medication,47707,Nifedipine Oral solution,0,
GOLD,bp,bp_medication,4771,Emcor LS 5mg tablets (Merck Serono Ltd),0,
GOLD,bp,bp_medication,47724,Bi-Carzem XL 240mg capsules (Tillomed Laboratories Ltd),0,
GOLD,bp,bp_medication,47727,Sevikar HCT 40mg/5mg/25mg tablets (Daiichi Sankyo UK Ltd),0,
GOLD,bp,bp_medication,47732,Zemret 180 XL capsules (Tillomed Laboratories Ltd),0,
GOLD,bp,bp_medication,47807,Doxazosin xl 4mg Tablet (Hillcross Pharmaceuticals Ltd),0,
GOLD,bp,bp_medication,47833,Bedranol SR 80mg capsules (Almus Pharmaceuticals Ltd),0,
GOLD,bp,bp_medication,47844,Bendroflumethiazide 2.5mg tablets (Kent Pharmaceuticals Ltd),0,
GOLD,bp,bp_medication,47870,Atenolol 25mg tablets (Almus Pharmaceuticals Ltd),0,
GOLD,bp,bp_medication,47887,Nimodrel XL 60mg tablets (Zurich Pharmaceuticals),0,
GOLD,bp,bp_medication,47907,Bedranol SR 160mg capsules (Almus Pharmaceuticals Ltd),0,
GOLD,bp,bp_medication,4796,Inderetic 80mg/2.5mg capsules (AstraZeneca UK Ltd),0,
GOLD,bp,bp_medication,47998,Ramipril 2.5mg capsules (Actavis UK Ltd),0,
GOLD,bp,bp_medication,48008,Ramipril 5mg capsules (Actavis UK Ltd),0,
GOLD,bp,bp_medication,48009,Felodipine 5mg Modified-release tablet (Sandoz Ltd),0,
GOLD,bp,bp_medication,4802,Cardura 2mg tablets (Viatris UK Healthcare Ltd),0,
GOLD,bp,bp_medication,48039,Losartan 100mg / Hydrochlorothiazide 12.5mg tablets (Teva UK Ltd),0,
GOLD,bp,bp_medication,48049,Perindopril erbumine 2mg tablets (Mylan Ltd),0,
GOLD,bp,bp_medication,48053,Ramipril 2.5mg capsules (Almus Pharmaceuticals Ltd),0,
GOLD,bp,bp_medication,48079,Indapamide 2.5mg tablets (Zentiva),0,
GOLD,bp,bp_medication,4808,Diltiazem 240mg modified-release capsules,0,
GOLD,bp,bp_medication,48098,Perindopril arginine 4mg with Indapamide 1.25mg tablet,0,
GOLD,bp,bp_medication,48099,Indapamide 2.5mg tablets (A A H Pharmaceuticals Ltd),0,
GOLD,bp,bp_medication,48132,Hydrochlorothiazide Capsule,0,
GOLD,bp,bp_medication,48150,Doxazosin 1mg tablets (Actavis UK Ltd),0,
GOLD,bp,bp_medication,4818,Candesartan 8mg tablets,0,
GOLD,bp,bp_medication,48180,Perindopril erbumine 4mg tablets (Sandoz Ltd),0,
GOLD,bp,bp_medication,48214,Perindopril erbumine 4mg tablets (Actavis UK Ltd),0,
GOLD,bp,bp_medication,48272,Diltiazem 60mg modified-release capsules (Alliance Healthcare (Distribution) Ltd),0,
GOLD,bp,bp_medication,48282,Diltiazem 90mg modified-release capsules (A A H Pharmaceuticals Ltd),0,
GOLD,bp,bp_medication,48288,Diltiazem 120mg modified-release capsules (A A H Pharmaceuticals Ltd),0,
GOLD,bp,bp_medication,48398,Losartan 25mg tablets (Dexcel-Pharma Ltd),0,
GOLD,bp,bp_medication,48457,Diltiazem 90mg modified-release capsules (Alliance Healthcare (Distribution) Ltd),0,
GOLD,bp,bp_medication,4852,Adizem sr 120mg Modified-release tablet (Napp Pharmaceuticals Ltd),0,
GOLD,bp,bp_medication,4856,Coracten SR 20mg capsules (UCB Pharma Ltd),0,
GOLD,bp,bp_medication,48682,propranolol 50mg/5ml oral solution sugar free,0,
GOLD,bp,bp_medication,48745,timolol 10mg / amiloride 2.5mg / hydrochlorothiazide 25mg tablets,0,
GOLD,bp,bp_medication,4875,Terazosin 10mg tablets,0,
GOLD,bp,bp_medication,48870,Adizem-SR 90mg capsules (DE Pharmaceuticals),0,
GOLD,bp,bp_medication,49001,Diltiazem 120mg modified-release tablets (Alliance Healthcare (Distribution) Ltd),0,
GOLD,bp,bp_medication,491,Felodipine 2.5mg modified-release tablets,0,
GOLD,bp,bp_medication,49142,Carvedilol 3.125mg/5ml oral suspension,0,
GOLD,bp,bp_medication,49164,Ramipril 10mg capsules (Actavis UK Ltd),0,
GOLD,bp,bp_medication,4923,Diltiazem 24hr 180mg modified-release capsules,0,
GOLD,bp,bp_medication,49237,Diltiazem 0.2% cream,0,
GOLD,bp,bp_medication,49289,Diltiazem 120mg modified-release capsules (Alliance Healthcare (Distribution) Ltd),0,
GOLD,bp,bp_medication,493,Doxazosin 2mg tablets,0,
GOLD,bp,bp_medication,49338,Nifedipine 20mg modified-release tablets (Alliance Healthcare (Distribution) Ltd),0,
GOLD,bp,bp_medication,49388,Spironolactone 100mg/5ml oral suspension,0,
GOLD,bp,bp_medication,4939,Coracten XL 60mg capsules (UCB Pharma Ltd),0,
GOLD,bp,bp_medication,49390,Diltiazem 90mg modified-release tablets (Alliance Healthcare (Distribution) Ltd),0,
GOLD,bp,bp_medication,49491,Perindopril erbumine 2mg tablets (Consilient Health Ltd),0,
GOLD,bp,bp_medication,49492,Losartan 25mg tablets (Mylan Ltd),0,
GOLD,bp,bp_medication,49529,Indapamide 2.5mg tablets (Phoenix Healthcare Distribution Ltd),0,
GOLD,bp,bp_medication,49588,Losartan 100mg tablets (A A H Pharmaceuticals Ltd),0,
GOLD,bp,bp_medication,4960,Aldactone 50mg tablets (Pfizer Ltd),0,
GOLD,bp,bp_medication,49636,Amlodipine 10mg tablets (DE Pharmaceuticals),0,
GOLD,bp,bp_medication,49752,Metolazone 2.5mg/5ml oral solution,0,
GOLD,bp,bp_medication,49762,Nifedipine 10mg modified-release tablets (Alliance Healthcare (Distribution) Ltd),0,
GOLD,bp,bp_medication,4983,Atenolol with amiloride and hydrochlorothiazide capsules,0,
GOLD,bp,bp_medication,49863,propranolol 5mg/5ml oral solution sugar free,0,
GOLD,bp,bp_medication,49953,Atenolol 25mg tablets (Bristol Laboratories Ltd),0,
GOLD,bp,bp_medication,5,Atenolol 50mg tablets,0,
GOLD,bp,bp_medication,50079,Spironolactone 10mg/5ml oral suspension,0,
GOLD,bp,bp_medication,501,Felodipine 5mg modified-release tablets,0,
GOLD,bp,bp_medication,5013,Amias 8mg tablets (Takeda UK Ltd),0,
GOLD,bp,bp_medication,50185,Candesartan 8mg tablets (Teva UK Ltd),0,
GOLD,bp,bp_medication,50224,Congescor 2.5mg tablets (Teva UK Ltd),0,
GOLD,bp,bp_medication,50300,Congescor 1.25mg tablets (Teva UK Ltd),0,
GOLD,bp,bp_medication,50334,Enalapril 4mg/5ml oral suspension,0,
GOLD,bp,bp_medication,50347,Coversyl Arginine 5mg tablets (Waymade Healthcare Plc),0,
GOLD,bp,bp_medication,50370,Spironolactone 5mg/5ml oral suspension,0,
GOLD,bp,bp_medication,50402,Perindopril 2mg Tablet (Servier Laboratories Ltd),0,
GOLD,bp,bp_medication,50403,Bisoprolol 1.25mg Tablet (Teva UK Ltd),0,
GOLD,bp,bp_medication,50467,Doxazosin 2mg tablets (Alliance Healthcare (Distribution) Ltd),0,
GOLD,bp,bp_medication,5047,Trandolapril 2mg capsules,0,
GOLD,bp,bp_medication,50509,Ramipril 10mg/5ml oral solution,0,
GOLD,bp,bp_medication,50514,Bisoprolol 2.5mg tablets (Chanelle Medical UK Ltd),0,
GOLD,bp,bp_medication,5054,Angitil SR 180 capsules (Ethypharm UK Ltd),0,
GOLD,bp,bp_medication,50607,Perindopril arginine 2mg with Indapamide 625 micrograms tablet,0,
GOLD,bp,bp_medication,50702,Atenolol 25mg tablets (Alliance Healthcare (Distribution) Ltd),0,
GOLD,bp,bp_medication,50780,Enalapril 2mg/5ml oral solution,0,
GOLD,bp,bp_medication,50863,Enalapril 5mg/5ml oral solution (Drug Tariff Special Order),0,
GOLD,bp,bp_medication,50971,Losartan 25mg tablets (A A H Pharmaceuticals Ltd),0,
GOLD,bp,bp_medication,51117,Candesartan 8mg tablets (DE Pharmaceuticals),0,
GOLD,bp,bp_medication,5112,Indapamide 1.5mg modified-release tablets,0,
GOLD,bp,bp_medication,5117,Amias 16mg tablets (Takeda UK Ltd),0,
GOLD,bp,bp_medication,51186,Losartan 25mg tablets (Arrow Generics Ltd),0,
GOLD,bp,bp_medication,51258,Coversyl Arginine Plus 5mg/1.25mg tablets (DE Pharmaceuticals),0,
GOLD,bp,bp_medication,51261,Tildiem Retard 120mg tablets (Mawdsley-Brooks & Company Ltd),0,
GOLD,bp,bp_medication,51368,Azilsartan medoxomil 80mg tablets,0,
GOLD,bp,bp_medication,51433,Lisinopril 20mg tablets (Tillomed Laboratories Ltd),0,
GOLD,bp,bp_medication,51447,Metoprolol 12.5mg/5ml oral suspension,0,
GOLD,bp,bp_medication,51492,sotalol 25mg/5ml oral solution,0,
GOLD,bp,bp_medication,51519,Candesartan 8mg tablets (A A H Pharmaceuticals Ltd),0,
GOLD,bp,bp_medication,51528,Bisoprolol 1.25mg tablets (Actavis UK Ltd),0,
GOLD,bp,bp_medication,5158,Lacidipine 2mg tablets,0,
GOLD,bp,bp_medication,5159,Quinapril 20mg tablets,0,
GOLD,bp,bp_medication,51601,Losartan 50mg tablets (Actavis UK Ltd),0,
GOLD,bp,bp_medication,5162,Nifedipine 30mg modified-release capsules,0,
GOLD,bp,bp_medication,51643,Atenolol 25mg/5ml oral solution sugar free (Alliance Healthcare (Distribution) Ltd),0,
GOLD,bp,bp_medication,51647,Candesartan 4mg tablets (Mawdsley-Brooks & Company Ltd),0,
GOLD,bp,bp_medication,51652,Spironolactone 25mg tablets (DE Pharmaceuticals),0,
GOLD,bp,bp_medication,51685,Doxazosin 4mg tablets (Accord-UK Ltd),0,
GOLD,bp,bp_medication,517,Adizem sr 120mg Modified-release capsule (Napp Pharmaceuticals Ltd),0,
GOLD,bp,bp_medication,51701,Ramipril 5mg capsules (Bristol Laboratories Ltd),0,
GOLD,bp,bp_medication,51714,Ramipril 2.5mg capsules (Alliance Healthcare (Distribution) Ltd),0,
GOLD,bp,bp_medication,51720,Spironolactone 25mg/5ml oral solution,0,
GOLD,bp,bp_medication,51807,Coversyl Arginine 5mg tablets (DE Pharmaceuticals),0,
GOLD,bp,bp_medication,5181,Angiopine MR 20mg tablets (Ashbourne Pharmaceuticals Ltd),0,
GOLD,bp,bp_medication,5183,Hypovase 2mg tablets (Pfizer Ltd),0,
GOLD,bp,bp_medication,5189,Enalapril 20mg / Hydrochlorothiazide 12.5mg tablets,0,
GOLD,bp,bp_medication,51897,Edarbi 20mg tablets (Takeda UK Ltd),0,
GOLD,bp,bp_medication,51917,Adalat LA 60 tablets (Sigma Pharmaceuticals Plc),0,
GOLD,bp,bp_medication,51933,Spironolactone 50mg/5ml oral solution,0,
GOLD,bp,bp_medication,5194,Dilzem sr 120mg Capsule (Elan Pharma),0,
GOLD,bp,bp_medication,51998,Atenolol 25mg tablets (Strides Shasun (UK) Ltd),0,
GOLD,bp,bp_medication,520,Losartan 25mg tablets,0,
GOLD,bp,bp_medication,52010,Enalapril 10mg tablets (Alliance Healthcare (Distribution) Ltd),0,
GOLD,bp,bp_medication,52017,Adalat LA 30 tablets (Mawdsley-Brooks & Company Ltd),0,
GOLD,bp,bp_medication,52088,Lisinopril 5mg tablets (Phoenix Healthcare Distribution Ltd),0,
GOLD,bp,bp_medication,52136,Bedranol sr 160mg Capsule (Lagap),0,
GOLD,bp,bp_medication,52145,Cyclopenthiazide 0.25mg with oxprenolol 160mg modified-release tablets,0,
GOLD,bp,bp_medication,52189,Losartan 100mg / Hydrochlorothiazide 25mg tablets (A A H Pharmaceuticals Ltd),0,
GOLD,bp,bp_medication,52197,Ramipril 5mg capsules (Sigma Pharmaceuticals Plc),0,
GOLD,bp,bp_medication,52208,Candesartan 16mg tablets (A A H Pharmaceuticals Ltd),0,
GOLD,bp,bp_medication,52276,Adizem-XL 180mg capsules (DE Pharmaceuticals),0,
GOLD,bp,bp_medication,52293,Captopril 2mg capsules,0,
GOLD,bp,bp_medication,52310,Atenolol 25mg tablets (Crescent Pharma Ltd),0,
GOLD,bp,bp_medication,5234,Slozem 180mg capsules (Merck Serono Ltd),0,
GOLD,bp,bp_medication,52366,Spironolactone 5mg/5ml oral solution,0,
GOLD,bp,bp_medication,52399,Ramipril 1.25mg capsules (Kent Pharmaceuticals Ltd),0,
GOLD,bp,bp_medication,52407,Ramipril 10mg capsules (Kent Pharmaceuticals Ltd),0,
GOLD,bp,bp_medication,52427,Cozaar 100mg tablets (Necessity Supplies Ltd),0,
GOLD,bp,bp_medication,52440,Amlodipine 10mg/5ml oral solution,0,
GOLD,bp,bp_medication,52499,Captopril 25mg/5ml oral solution,0,
GOLD,bp,bp_medication,52500,Atenolol 50mg tablets (Almus Pharmaceuticals Ltd),0,
GOLD,bp,bp_medication,52548,Bisoprolol 1.25mg tablets (Almus Pharmaceuticals Ltd),0,
GOLD,bp,bp_medication,52559,Candesartan 8mg tablets (Zentiva),0,
GOLD,bp,bp_medication,52609,Inderal LA 160mg capsules (Sigma Pharmaceuticals Plc),0,
GOLD,bp,bp_medication,52611,bisoprolol 10mg/5ml oral solution,0,
GOLD,bp,bp_medication,52635,Bisoprolol 5mg tablets (Alliance Healthcare (Distribution) Ltd),0,
GOLD,bp,bp_medication,52658,losartan 100mg/5ml oral suspension,0,
GOLD,bp,bp_medication,52659,Losartan 50mg/5ml oral solution,0,
GOLD,bp,bp_medication,52686,Bisoprolol 2.5mg/5ml oral solution,0,
GOLD,bp,bp_medication,52701,Tildiem LA 200 capsules (Mawdsley-Brooks & Company Ltd),0,
GOLD,bp,bp_medication,52728,Beta-Adalat modified-release capsules (Lexon (UK) Ltd),0,
GOLD,bp,bp_medication,5275,Tritace 2.5mg capsules (Sanofi),0,
GOLD,bp,bp_medication,5277,Fortipine LA 40 tablets (AMCo),0,
GOLD,bp,bp_medication,52777,propranolol 40mg tablets (kent pharmaceuticals ltd),0,
GOLD,bp,bp_medication,5284,Pindolol 5mg tablets,0,
GOLD,bp,bp_medication,52858,Co-Diovan 80mg/12.5mg tablets (Sigma Pharmaceuticals Plc),0,
GOLD,bp,bp_medication,52882,Enalapril 5mg/5ml oral suspension sugar free,0,
GOLD,bp,bp_medication,52886,Losartan 12.5mg tablets (A A H Pharmaceuticals Ltd),0,
GOLD,bp,bp_medication,529,Candesartan 2mg tablets,0,
GOLD,bp,bp_medication,5296,Tildiem la 300mg Modified-release capsule (Sanofi),0,
GOLD,bp,bp_medication,52970,Spironolactone 10mg/5ml oral solution,0,
GOLD,bp,bp_medication,52972,Irbesartan 300mg tablets (Sigma Pharmaceuticals Plc),0,
GOLD,bp,bp_medication,53033,Doxzogen XL 4mg tablets (Viatris UK Healthcare Ltd),0,
GOLD,bp,bp_medication,53058,Perindopril erbumine 8mg tablets (Sandoz Ltd),0,
GOLD,bp,bp_medication,531,Candesartan 4mg tablets,0,
GOLD,bp,bp_medication,53177,propranolol oral solution,0,
GOLD,bp,bp_medication,53204,Atenolol 50mg tablets (Alliance Healthcare (Distribution) Ltd),0,
GOLD,bp,bp_medication,53215,Atenolol 50mg tablets (Bristol Laboratories Ltd),0,
GOLD,bp,bp_medication,53220,Sevikar HCT 40mg/10mg/25mg tablets (Daiichi Sankyo UK Ltd),0,
GOLD,bp,bp_medication,53253,Spironolactone 50mg/5ml oral suspension (Drug Tariff Special Order),0,
GOLD,bp,bp_medication,5326,Diltiazem 24hr 300mg modified-release capsules,0,
GOLD,bp,bp_medication,53271,Lisinopril 10mg tablets (Alliance Healthcare (Distribution) Ltd),0,
GOLD,bp,bp_medication,53278,Adalat LA 30 tablets (Necessity Supplies Ltd),0,
GOLD,bp,bp_medication,5330,Corgaretic 40mg tablets (Sanofi-Synthelabo Ltd),0,
GOLD,bp,bp_medication,53322,Doxazosin 4mg tablets (Bristol Laboratories Ltd),0,
GOLD,bp,bp_medication,53334,Bisoprolol 10mg tablets (A A H Pharmaceuticals Ltd),0,
GOLD,bp,bp_medication,53357,Nifedipine 10mg/5ml oral suspension,0,
GOLD,bp,bp_medication,5337,Hytrin bph 5mg Tablet (Amdipharm Plc),0,
GOLD,bp,bp_medication,53414,Atenolol 50mg tablets (Accord Healthcare Ltd),0,
GOLD,bp,bp_medication,5348,Diltiazem 300mg modified-release capsules,0,
GOLD,bp,bp_medication,53500,Adalat LA 30 tablets (DE Pharmaceuticals),0,
GOLD,bp,bp_medication,53508,Spironolactone 5mg/5ml / Chlorothiazide 50mg/5ml oral suspension,0,
GOLD,bp,bp_medication,53551,Lisinopril 20mg tablets (Phoenix Healthcare Distribution Ltd),0,
GOLD,bp,bp_medication,536,Tildiem la 200mg Modified-release capsule (Sanofi),0,
GOLD,bp,bp_medication,53612,Ramipril 10mg tablets (Alliance Healthcare (Distribution) Ltd),0,
GOLD,bp,bp_medication,53621,Ramipril 2.5mg capsules (Bristol Laboratories Ltd),0,
GOLD,bp,bp_medication,53629,Adalat retard 20mg tablets (Lexon (UK) Ltd),0,
GOLD,bp,bp_medication,53664,Bisoprolol 2.5mg tablets (Sandoz Ltd),0,
GOLD,bp,bp_medication,53674,Metolazone 2.5mg tablets,0,
GOLD,bp,bp_medication,53680,Candesartan 16mg tablets (Teva UK Ltd),0,
GOLD,bp,bp_medication,53719,Enalapril 20mg tablets (Alliance Healthcare (Distribution) Ltd),0,
GOLD,bp,bp_medication,53755,Candesartan 4mg tablets (Teva UK Ltd),0,
GOLD,bp,bp_medication,53802,Atenolol 25mg tablets (Sigma Pharmaceuticals Plc),0,
GOLD,bp,bp_medication,53812,Bendroflumethiazide oral solution,0,
GOLD,bp,bp_medication,53820,Lisinopril 5mg tablets (Arrow Generics Ltd),0,
GOLD,bp,bp_medication,53826,Atenolol 25mg tablets (Boston Healthcare Ltd),0,
GOLD,bp,bp_medication,53833,Valsartan 160mg capsules (Mylan Ltd),0,
GOLD,bp,bp_medication,53868,Amlodipine 5mg tablets (Actavis UK Ltd),0,
GOLD,bp,bp_medication,53885,Bisoprolol 1.25mg tablets (A A H Pharmaceuticals Ltd),0,
GOLD,bp,bp_medication,53915,Enalapril 5mg tablets (Dexcel-Pharma Ltd),0,
GOLD,bp,bp_medication,53916,Bisoprolol 2.5mg tablets (Almus Pharmaceuticals Ltd),0,
GOLD,bp,bp_medication,53990,Nifedipine 5mg/5ml oral suspension,0,
GOLD,bp,bp_medication,54037,Lisinopril 10mg tablets (Relonchem Ltd),0,
GOLD,bp,bp_medication,54049,Losartan 50mg tablets (Accord Healthcare Ltd),0,
GOLD,bp,bp_medication,54057,Losartan 50mg tablets (Teva UK Ltd),0,
GOLD,bp,bp_medication,541,Adalat LA 20 tablets (Bayer Plc),0,
GOLD,bp,bp_medication,54106,Carvedilol 1.5mg/5ml oral suspension,0,
GOLD,bp,bp_medication,54120,Spironolactone 4mg/5ml oral suspension,0,
GOLD,bp,bp_medication,542,Hydrochlorothiazide 25mg tablets,0,
GOLD,bp,bp_medication,54201,Lisinopril 20mg / Hydrochlorothiazide 12.5mg tablets (Almus Pharmaceuticals Ltd),0,
GOLD,bp,bp_medication,54283,Lisinopril 5mg/5ml oral suspension (Special Order),0,
GOLD,bp,bp_medication,54288,Lisinopril 10mg tablets (Arrow Generics Ltd),0,
GOLD,bp,bp_medication,54297,propranolol 50mg/5ml oral solution,0,
GOLD,bp,bp_medication,54298,Ramipril 2.5mg capsules (Arrow Generics Ltd),0,
GOLD,bp,bp_medication,54316,Indapamide 2.5mg tablets (Alliance Healthcare (Distribution) Ltd),0,
GOLD,bp,bp_medication,54326,Candesartan 32mg tablets (Teva UK Ltd),0,
GOLD,bp,bp_medication,54329,Metolazone 5mg/5ml oral suspension,0,
GOLD,bp,bp_medication,54341,Chlorothiazide 5mg/5ml oral suspension,0,
GOLD,bp,bp_medication,54345,Trandolapril 4mg capsules (Arrow Generics Ltd),0,
GOLD,bp,bp_medication,54404,Losartan 100mg tablets (Actavis UK Ltd),0,
GOLD,bp,bp_medication,54414,Candesartan 16mg tablets (Consilient Health Ltd),0,
GOLD,bp,bp_medication,54479,Bisoprolol 1.25mg tablets (Alliance Healthcare (Distribution) Ltd),0,
GOLD,bp,bp_medication,54487,Nebivolol 2.5mg tablets (Sigma Pharmaceuticals Plc),0,
GOLD,bp,bp_medication,54512,Lisinopril Oral solution,0,
GOLD,bp,bp_medication,54515,Amlodipine 10mg tablets (Alliance Healthcare (Distribution) Ltd),0,
GOLD,bp,bp_medication,54542,Atenolol 25mg tablets (Zanza Laboratories Ltd),0,
GOLD,bp,bp_medication,54544,Captopril 25mg/5ml oral suspension,0,
GOLD,bp,bp_medication,54620,Ramipril 2.5mg capsules (Sigma Pharmaceuticals Plc),0,
GOLD,bp,bp_medication,54623,Beta-Prograne 160mg modified-release capsules (Accord-UK Ltd),0,
GOLD,bp,bp_medication,54633,Amlodipine 5mg tablets (Bristol Laboratories Ltd),0,
GOLD,bp,bp_medication,54643,Metolazone Oral solution,0,
GOLD,bp,bp_medication,54654,Amlodipine 10mg tablets (Almus Pharmaceuticals Ltd),0,
GOLD,bp,bp_medication,54679,Chlorothiazide 250mg tablets,0,
GOLD,bp,bp_medication,54696,Amlodipine 10mg tablets (Sandoz Ltd),0,
GOLD,bp,bp_medication,54726,Valsartan 40mg capsules (Teva UK Ltd),0,
GOLD,bp,bp_medication,54733,Perindopril erbumine 8mg tablets (Consilient Health Ltd),0,
GOLD,bp,bp_medication,54735,Losartan 50mg tablets (Alliance Healthcare (Distribution) Ltd),0,
GOLD,bp,bp_medication,54740,Losartan 25mg tablets (Actavis UK Ltd),0,
GOLD,bp,bp_medication,54752,Atenolol 50mg tablets (Strides Shasun (UK) Ltd),0,
GOLD,bp,bp_medication,5477,Nicardipine 30mg modified-release capsules,0,
GOLD,bp,bp_medication,5478,propranolol 10mg/5ml oral solution sugar free,0,
GOLD,bp,bp_medication,54785,Doxazosin 4mg tablets (Medreich Plc),0,
GOLD,bp,bp_medication,54799,Tildiem LA 300 capsules (Mawdsley-Brooks & Company Ltd),0,
GOLD,bp,bp_medication,54843,Losartan 50mg tablets (Dexcel-Pharma Ltd),0,
GOLD,bp,bp_medication,54899,Perindopril erbumine 2mg tablets (Teva UK Ltd),0,
GOLD,bp,bp_medication,54928,Lisinopril 10mg tablets (Bristol Laboratories Ltd),0,
GOLD,bp,bp_medication,54941,Ramipril 5mg capsules (Alliance Healthcare (Distribution) Ltd),0,
GOLD,bp,bp_medication,54942,Perindopril erbumine 8mg tablets (Mylan Ltd),0,
GOLD,bp,bp_medication,5496,Doxazosin 8mg modified-release tablets,0,
GOLD,bp,bp_medication,54983,Amlodipine 2.5mg/5ml oral suspension,0,
GOLD,bp,bp_medication,54986,perindopril erbumine 8mg/5ml oral suspension,0,
GOLD,bp,bp_medication,55002,Lisinopril 20mg tablets (Accord Healthcare Ltd),0,
GOLD,bp,bp_medication,55017,Irbesartan 300mg tablets (Accord Healthcare Ltd),0,
GOLD,bp,bp_medication,55050,CHLOROTHIAZIDE/SPIRONOLACTONE/LACT SACH 50 MG,0,
GOLD,bp,bp_medication,5513,Dilzem sr 60mg Capsule (Elan Pharma),0,
GOLD,bp,bp_medication,55160,Cozaar-Comp 50mg/12.5mg tablets (Sigma Pharmaceuticals Plc),0,
GOLD,bp,bp_medication,55187,Valsartan 160mg capsules (Arrow Generics Ltd),0,
GOLD,bp,bp_medication,55228,propranolol 40mg tablets (boston healthcare ltd),0,
GOLD,bp,bp_medication,55257,Diltiazem 60mg/5ml oral solution,0,
GOLD,bp,bp_medication,55259,Indapamide 2.5mg tablets (Kent Pharmaceuticals Ltd),0,
GOLD,bp,bp_medication,55296,Losartan 50mg tablets (Mylan Ltd),0,
GOLD,bp,bp_medication,55298,Bisoprolol 10mg tablets (Sigma Pharmaceuticals Plc),0,
GOLD,bp,bp_medication,55299,Ramipril 1.25mg capsules (A A H Pharmaceuticals Ltd),0,
GOLD,bp,bp_medication,55306,Folpik XL 5mg tablets (Teva UK Ltd),0,
GOLD,bp,bp_medication,55358,Olmesartan medoxomil with amlodipine and hydrochlorothiazide 40mg + 10mg + 25mg Tablet,0,
GOLD,bp,bp_medication,55399,Lisinopril 20mg / Hydrochlorothiazide 12.5mg tablets (A A H Pharmaceuticals Ltd),0,
GOLD,bp,bp_medication,55416,propranolol 40mg tablets (almus pharmaceuticals ltd),0,
GOLD,bp,bp_medication,55446,Losartan 100mg tablets (Bristol Laboratories Ltd),0,
GOLD,bp,bp_medication,55455,Nifedipine 10mg capsules (Strides Shasun (UK) Ltd),0,
GOLD,bp,bp_medication,55456,Lisinopril 5mg tablets (Alliance Healthcare (Distribution) Ltd),0,
GOLD,bp,bp_medication,55588,Lisinopril 20mg tablets (Sigma Pharmaceuticals Plc),0,
GOLD,bp,bp_medication,55639,Lisinopril 10mg tablets (Accord Healthcare Ltd),0,
GOLD,bp,bp_medication,5570,Zanidip 10mg tablets (Recordati Pharmaceuticals Ltd),0,
GOLD,bp,bp_medication,55718,Losartan 25mg tablets (Phoenix Healthcare Distribution Ltd),0,
GOLD,bp,bp_medication,55740,Neofel XL 2.5mg tablets (Actavis UK Ltd),0,
GOLD,bp,bp_medication,55777,Metolazone 5mg/5ml oral solution,0,
GOLD,bp,bp_medication,55778,Atenolol 50mg tablets (Phoenix Healthcare Distribution Ltd),0,
GOLD,bp,bp_medication,55791,Bisoprolol 3.75mg tablets (Actavis UK Ltd),0,
GOLD,bp,bp_medication,55798,Ramipril 5mg capsules (Waymade Healthcare Plc),0,
GOLD,bp,bp_medication,55821,Valsartan 160mg capsules (Teva UK Ltd),0,
GOLD,bp,bp_medication,55824,Nifedipine 20mg Modified-release tablet (Berk Pharmaceuticals Ltd),0,
GOLD,bp,bp_medication,55826,Prazosin 5mg tablets (A A H Pharmaceuticals Ltd),0,
GOLD,bp,bp_medication,55849,propranolol 160mg tablets (mylan),0,
GOLD,bp,bp_medication,55853,Pindolol 15mg Tablet (Hillcross Pharmaceuticals Ltd),0,
GOLD,bp,bp_medication,55889,Chlorothiazide oral solution,0,
GOLD,bp,bp_medication,55896,Lisinopril 2.5mg tablets (Actavis UK Ltd),0,
GOLD,bp,bp_medication,55903,Enalapril 10mg tablets (Dexcel-Pharma Ltd),0,
GOLD,bp,bp_medication,55906,Doxazosin 1mg tablets (Dexcel-Pharma Ltd),0,
GOLD,bp,bp_medication,55916,Doxazosin 1mg tablets (Alliance Healthcare (Distribution) Ltd),0,
GOLD,bp,bp_medication,55929,Bisoprolol 5mg tablets (Accord Healthcare Ltd),0,
GOLD,bp,bp_medication,5593,Lercanidipine 10mg tablets,0,
GOLD,bp,bp_medication,55949,propranolol 40mg/5ml oral solution,0,
GOLD,bp,bp_medication,55979,Metoprolol 25mg/5ml oral suspension,0,
GOLD,bp,bp_medication,56013,Ramipril 2.5mg capsules (Waymade Healthcare Plc),0,
GOLD,bp,bp_medication,56038,Ramipril 10mg tablets (Pfizer Ltd),0,
GOLD,bp,bp_medication,56067,Spironolactone 4mg/5ml oral solution,0,
GOLD,bp,bp_medication,56079,perindopril tosilate 10mg tablets,0,
GOLD,bp,bp_medication,56104,Losartan 50mg tablets (A A H Pharmaceuticals Ltd),0,
GOLD,bp,bp_medication,5612,Coversyl 2mg tablets (Servier Laboratories Ltd),0,
GOLD,bp,bp_medication,56129,Ramipril 5mg capsules (Kent Pharmaceuticals Ltd),0,
GOLD,bp,bp_medication,56145,Doxazosin 2mg tablets (Accord-UK Ltd),0,
GOLD,bp,bp_medication,56147,Amlodipine 10mg tablets (Accord Healthcare Ltd),0,
GOLD,bp,bp_medication,56148,Ramipril 1.25mg tablets (Kent Pharmaceuticals Ltd),0,
GOLD,bp,bp_medication,56157,perindopril tosilate 5mg / indapamide 1.25mg tablets,0,
GOLD,bp,bp_medication,56162,Perindopril erbumine 4mg tablets (Consilient Health Ltd),0,
GOLD,bp,bp_medication,56169,Ramipril 10mg capsules (Arrow Generics Ltd),0,
GOLD,bp,bp_medication,56173,Half Beta-Prograne 80mg modified-release capsules (Accord-UK Ltd),0,
GOLD,bp,bp_medication,5618,Cardura XL 8mg tablets (Viatris UK Healthcare Ltd),0,
GOLD,bp,bp_medication,56204,Losartan 50mg / Hydrochlorothiazide 12.5mg tablets (Actavis UK Ltd),0,
GOLD,bp,bp_medication,56240,Bisoprolol 3.75mg tablets (Sandoz Ltd),0,
GOLD,bp,bp_medication,56244,Lisinopril 20mg / Hydrochlorothiazide 12.5mg tablets (Tillomed Laboratories Ltd),0,
GOLD,bp,bp_medication,56271,Diltiazem 0.2% cream (Drug Tariff Special Order),0,
GOLD,bp,bp_medication,56274,Spironolactone 4.5mg/5ml oral suspension,0,
GOLD,bp,bp_medication,56279,Lisinopril 2.5mg/5ml oral solution,0,
GOLD,bp,bp_medication,56296,Indapamide 2.5mg tablets (Boston Healthcare Ltd),0,
GOLD,bp,bp_medication,56334,Amlodipine 10mg tablets (Bristol Laboratories Ltd),0,
GOLD,bp,bp_medication,56356,Ramipril 10mg capsules (Alliance Healthcare (Distribution) Ltd),0,
GOLD,bp,bp_medication,56445,Atenolol 25mg/5ml oral solution sugar free (A A H Pharmaceuticals Ltd),0,
GOLD,bp,bp_medication,56459,Bisoprolol 2.5mg tablets (Accord Healthcare Ltd),0,
GOLD,bp,bp_medication,56467,Tildiem 60mg modified-release tablets (DE Pharmaceuticals),0,
GOLD,bp,bp_medication,56469,Adalat LA 60 tablets (Necessity Supplies Ltd),0,
GOLD,bp,bp_medication,56472,Perindopril erbumine 4mg tablets (Kent Pharmaceuticals Ltd),0,
GOLD,bp,bp_medication,56473,Perindopril erbumine 2mg tablets (Sigma Pharmaceuticals Plc),0,
GOLD,bp,bp_medication,56485,Celectol 200mg tablets (Waymade Healthcare Plc),0,
GOLD,bp,bp_medication,56486,Monocor 10mg tablets (Dowelhurst Ltd),0,
GOLD,bp,bp_medication,56505,zestril 5mg tablets (lexon (uk) ltd),0,
GOLD,bp,bp_medication,56506,Coversyl 2mg tablets (Dowelhurst Ltd),0,
GOLD,bp,bp_medication,56508,Coversyl 4mg tablets (Dowelhurst Ltd),0,
GOLD,bp,bp_medication,56509,Capoten 12.5mg tablets (Dowelhurst Ltd),0,
GOLD,bp,bp_medication,56510,zestril 20mg tablets (sigma pharmaceuticals plc),0,
GOLD,bp,bp_medication,56516,Perindopril erbumine 2mg tablets (Sandoz Ltd),0,
GOLD,bp,bp_medication,56536,Spironolactone 100mg/5ml oral solution,0,
GOLD,bp,bp_medication,56606,Azilsartan medoxomil 40mg tablets,0,
GOLD,bp,bp_medication,56704,Ramipril 1.25mg capsules (Alliance Healthcare (Distribution) Ltd),0,
GOLD,bp,bp_medication,56758,Diltiazem 90mg modified-release capsules (Cubic Pharmaceuticals Ltd),0,
GOLD,bp,bp_medication,56760,Indapamide 2.5mg tablets (Strides Shasun (UK) Ltd),0,
GOLD,bp,bp_medication,56763,Ramipril 10mg capsules (Phoenix Healthcare Distribution Ltd),0,
GOLD,bp,bp_medication,56764,propranolol 40mg tablets (waymade healthcare plc),0,
GOLD,bp,bp_medication,56767,Lercanidipine 20mg tablets (Mylan Ltd),0,
GOLD,bp,bp_medication,56768,Bisoprolol 2.5mg tablets (Niche Generics Ltd),0,
GOLD,bp,bp_medication,568,Felodipine 10mg modified-release tablets,0,
GOLD,bp,bp_medication,56804,Chlorothiazide 25mg/5ml oral suspension,0,
GOLD,bp,bp_medication,56850,Ecopace 12.5mg tablets (AMCo),0,
GOLD,bp,bp_medication,56855,Ramipril 10mg capsules (Sigma Pharmaceuticals Plc),0,
GOLD,bp,bp_medication,56970,Losartan 100mg tablets (Pfizer Ltd),0,
GOLD,bp,bp_medication,56975,Losartan 50mg / Hydrochlorothiazide 12.5mg tablets (A A H Pharmaceuticals Ltd),0,
GOLD,bp,bp_medication,56994,Lacidipine 4mg tablets (Teva UK Ltd),0,
GOLD,bp,bp_medication,57023,Bisoprolol 2.5mg tablets (Almus Pharmaceuticals Ltd),0,
GOLD,bp,bp_medication,57026,Candesartan 8mg tablets (Waymade Healthcare Plc),0,
GOLD,bp,bp_medication,57028,Losartan 100mg tablets (Mylan Ltd),0,
GOLD,bp,bp_medication,57048,Lisinopril 10mg tablets (Zentiva),0,
GOLD,bp,bp_medication,57073,Ramipril 1.25mg capsules (Waymade Healthcare Plc),0,
GOLD,bp,bp_medication,57074,Doxazosin 2mg tablets (Sigma Pharmaceuticals Plc),0,
GOLD,bp,bp_medication,57104,Spironolactone 200mg/5ml oral suspension,0,
GOLD,bp,bp_medication,5713,Bisoprolol 7.5mg tablets,0,
GOLD,bp,bp_medication,57145,Terazosin 2mg tablets (A A H Pharmaceuticals Ltd),0,
GOLD,bp,bp_medication,57176,Bisoprolol 10mg tablets (Accord Healthcare Ltd),0,
GOLD,bp,bp_medication,57208,Diltiazem 120mg modified-release capsules (Cubic Pharmaceuticals Ltd),0,
GOLD,bp,bp_medication,5721,Co-tenidone 100mg/25mg tablets,0,
GOLD,bp,bp_medication,5723,Cozaar 50mg tablets (Merck Sharp & Dohme Ltd),0,
GOLD,bp,bp_medication,57235,Ramipril 1.25mg tablets (Sandoz Ltd),0,
GOLD,bp,bp_medication,57240,Metoprolol 50mg/5ml oral suspension (Drug Tariff Special Order),0,
GOLD,bp,bp_medication,57266,Candesartan 2mg tablets (Actavis UK Ltd),0,
GOLD,bp,bp_medication,5727,Amiloride 2.5mg / Cyclopenthiazide 250microgram tablets,0,
GOLD,bp,bp_medication,57273,Candesartan 8mg tablets (Actavis UK Ltd),0,
GOLD,bp,bp_medication,57333,Perindopril tosilate 5mg tablets,0,
GOLD,bp,bp_medication,57342,propranolol 40mg tablets (phoenix healthcare distribution ltd),0,
GOLD,bp,bp_medication,57346,Ramipril 10mg capsules (Waymade Healthcare Plc),0,
GOLD,bp,bp_medication,5735,Tritace 5mg capsules (Sanofi),0,
GOLD,bp,bp_medication,57378,Enalapril 2mg/5ml oral suspension,0,
GOLD,bp,bp_medication,57444,Lercanidipine 10mg tablets (Aptil Pharma Ltd),0,
GOLD,bp,bp_medication,57448,Doxazosin 4mg tablets (A A H Pharmaceuticals Ltd),0,
GOLD,bp,bp_medication,57488,Hydrochlorothiazide Oral solution,0,
GOLD,bp,bp_medication,575,Valsartan 40mg capsules,0,
GOLD,bp,bp_medication,57531,Adalat LA 60 tablets (Waymade Healthcare Plc),0,
GOLD,bp,bp_medication,57539,Zestoretic 10 tablets (Sigma Pharmaceuticals Plc),0,
GOLD,bp,bp_medication,57556,Spironolactone 12mg/5ml oral solution,0,
GOLD,bp,bp_medication,57567,propranolol 10mg/5ml oral suspension,0,
GOLD,bp,bp_medication,57573,Celectol 200mg tablets (Dowelhurst Ltd),0,
GOLD,bp,bp_medication,57578,Cardicor 2.5mg tablets (Necessity Supplies Ltd),0,
GOLD,bp,bp_medication,57588,zestril 2.5mg tablets (mawdsley-brooks & company ltd),0,
GOLD,bp,bp_medication,57594,Tildiem 60mg modified-release tablets (Waymade Healthcare Plc),0,
GOLD,bp,bp_medication,57626,Bisoprolol 1.25mg/5ml oral solution,0,
GOLD,bp,bp_medication,57653,Adalat LA 20 tablets (Sigma Pharmaceuticals Plc),0,
GOLD,bp,bp_medication,57658,Ramipril 1.25mg tablets (A A H Pharmaceuticals Ltd),0,
GOLD,bp,bp_medication,57680,Lacidipine 4mg tablets (A A H Pharmaceuticals Ltd),0,
GOLD,bp,bp_medication,57701,Perindopril erbumine 8mg tablets (Actavis UK Ltd),0,
GOLD,bp,bp_medication,57784,Doxazosin 2mg/5ml oral suspension,0,
GOLD,bp,bp_medication,57796,Cozaar-Comp 50mg/12.5mg tablets (DE Pharmaceuticals),0,
GOLD,bp,bp_medication,57801,Perindopril erbumine 4mg tablets (Glenmark Pharmaceuticals Europe Ltd),0,
GOLD,bp,bp_medication,57817,Atenolol 50mg tablets (Zentiva),0,
GOLD,bp,bp_medication,57859,Diltiazem 90mg modified-release tablets (Cubic Pharmaceuticals Ltd),0,
GOLD,bp,bp_medication,57864,Ramipril 5mg tablets (Sigma Pharmaceuticals Plc),0,
GOLD,bp,bp_medication,57882,Enalapril 2.5mg/5ml oral suspension,0,
GOLD,bp,bp_medication,57933,Spironolactone 40mg/5ml oral suspension,0,
GOLD,bp,bp_medication,57934,Bisoprolol 5mg tablets (Sandoz Ltd),0,
GOLD,bp,bp_medication,57944,perindopril tosilate 2.5mg tablets,0,
GOLD,bp,bp_medication,57977,Candesartan 16mg tablets (Alliance Healthcare (Distribution) Ltd),0,
GOLD,bp,bp_medication,58,Bendroflumethiazide 5mg tablets,0,
GOLD,bp,bp_medication,5800,Coversyl 4mg tablets (Servier Laboratories Ltd),0,
GOLD,bp,bp_medication,5806,Tensipine MR 20 tablets (Genus Pharmaceuticals Ltd),0,
GOLD,bp,bp_medication,58077,Spironolactone 8mg/5ml oral suspension,0,
GOLD,bp,bp_medication,581,Atenolol 50mg with Chlortalidone 12.5mg tablets,0,
GOLD,bp,bp_medication,58108,Irbesartan 150mg tablets (A A H Pharmaceuticals Ltd),0,
GOLD,bp,bp_medication,58109,Bisoprolol 1.25mg/5ml oral suspension,0,
GOLD,bp,bp_medication,58195,Captopril 12.5mg/5ml oral solution,0,
GOLD,bp,bp_medication,582,Doxazosin 4mg modified-release tablets,0,
GOLD,bp,bp_medication,58201,Irbesartan 150mg tablets (Actavis UK Ltd),0,
GOLD,bp,bp_medication,58225,Spironolactone 2.5mg/5ml oral suspension,0,
GOLD,bp,bp_medication,58258,Lisinopril 2.5mg/5ml oral suspension,0,
GOLD,bp,bp_medication,58274,Losartan 25mg tablets (Accord Healthcare Ltd),0,
GOLD,bp,bp_medication,58276,Doxazosin 2mg tablets (Medreich Plc),0,
GOLD,bp,bp_medication,58294,Lisinopril 5mg tablets (Accord Healthcare Ltd),0,
GOLD,bp,bp_medication,58297,propranolol 10mg tablets (kent pharmaceuticals ltd),0,
GOLD,bp,bp_medication,58325,Doxazosin 4mg tablets (Phoenix Healthcare Distribution Ltd),0,
GOLD,bp,bp_medication,58339,Neofel XL 2.5mg tablets (Almus Pharmaceuticals Ltd),0,
GOLD,bp,bp_medication,58407,propranolol 80mg tablets (teva uk ltd),0,
GOLD,bp,bp_medication,58451,Lisinopril 2.5mg tablets (Almus Pharmaceuticals Ltd),0,
GOLD,bp,bp_medication,58455,Bisoprolol 7.5mg tablets (Sandoz Ltd),0,
GOLD,bp,bp_medication,58461,Lisinopril 2.5mg tablets (Kent Pharmaceuticals Ltd),0,
GOLD,bp,bp_medication,58491,propranolol 40mg tablets (alliance healthcare (distribution) ltd),0,
GOLD,bp,bp_medication,58498,Bisoprolol 2.5mg tablets (Medreich Plc),0,
GOLD,bp,bp_medication,58511,Bisoprolol 1.25mg tablets (Sandoz Ltd),0,
GOLD,bp,bp_medication,58557,Adalat LA 20 tablets (Necessity Supplies Ltd),0,
GOLD,bp,bp_medication,5858,Beta-Cardone 40mg tablets (Focus Pharmaceuticals Ltd),0,
GOLD,bp,bp_medication,58580,Amlodipine 10mg tablets (APC Pharmaceuticals & Chemicals (Europe) Ltd),0,
GOLD,bp,bp_medication,5861,Fosinopril 20mg tablets,0,
GOLD,bp,bp_medication,58646,Candesartan 4mg tablets (Actavis UK Ltd),0,
GOLD,bp,bp_medication,58649,Losartan 25mg tablets (Bristol Laboratories Ltd),0,
GOLD,bp,bp_medication,58669,Valsartan 40mg capsules (Teva UK Ltd),0,
GOLD,bp,bp_medication,58682,Lisinopril 2.5mg tablets (Mylan Ltd),0,
GOLD,bp,bp_medication,58751,Enalapril 1.25mg/5ml oral suspension,0,
GOLD,bp,bp_medication,58757,Spironolactone 20mg/5ml oral suspension,0,
GOLD,bp,bp_medication,58763,Bisoprolol 2.5mg tablets (Waymade Healthcare Plc),0,
GOLD,bp,bp_medication,58843,Perindopril erbumine 2mg tablets (Kent Pharmaceuticals Ltd),0,
GOLD,bp,bp_medication,58863,Lisinopril 10mg tablets (Phoenix Healthcare Distribution Ltd),0,
GOLD,bp,bp_medication,58871,Lisinopril 10mg tablets (Waymade Healthcare Plc),0,
GOLD,bp,bp_medication,58874,Perindopril erbumine 2mg tablets (Somex Pharma),0,
GOLD,bp,bp_medication,58910,Valsartan 80mg capsules (Sigma Pharmaceuticals Plc),0,
GOLD,bp,bp_medication,58967,Losartan 12.5mg tablets (Alliance Healthcare (Distribution) Ltd),0,
GOLD,bp,bp_medication,58973,Bisoprolol 10mg tablets (Niche Generics Ltd),0,
GOLD,bp,bp_medication,58974,Bisoprolol 2.5mg tablets (Alliance Healthcare (Distribution) Ltd),0,
GOLD,bp,bp_medication,58982,Bisoprolol 10mg tablets (Medreich Plc),0,
GOLD,bp,bp_medication,58990,Nifedipine 10mg modified-release tablets (Cubic Pharmaceuticals Ltd),0,
GOLD,bp,bp_medication,59001,Amlodipine 10mg tablets (Mylan Ltd),0,
GOLD,bp,bp_medication,59029,Valsartan 3mg/1ml oral solution,0,
GOLD,bp,bp_medication,59037,Bisoprolol 5mg tablets (A A H Pharmaceuticals Ltd),0,
GOLD,bp,bp_medication,59086,Losartan 25mg tablets (Wockhardt UK Ltd),0,
GOLD,bp,bp_medication,59098,Dilzem XL 180 capsules (Lexon (UK) Ltd),0,
GOLD,bp,bp_medication,591,Prazosin 1mg tablets,0,
GOLD,bp,bp_medication,59109,Lisinopril 5mg tablets (Tillomed Laboratories Ltd),0,
GOLD,bp,bp_medication,59111,Lisinopril 20mg tablets (Alliance Healthcare (Distribution) Ltd),0,
GOLD,bp,bp_medication,5914,Istin 10mg tablets (Pfizer Ltd),0,
GOLD,bp,bp_medication,59148,Bisoprolol 2.5mg tablets (Zentiva),0,
GOLD,bp,bp_medication,59163,Nifedipine 20mg modified-release tablets (Cubic Pharmaceuticals Ltd),0,
GOLD,bp,bp_medication,59209,Doxazosin 1mg tablets (Kent Pharma (UK) Ltd),0,
GOLD,bp,bp_medication,59222,Labetalol 100mg/20ml solution for injection ampoules (Focus Pharmaceuticals Ltd),0,
GOLD,bp,bp_medication,59233,Lercanidipine 20mg tablets (Actavis UK Ltd),0,
GOLD,bp,bp_medication,59271,Losartan 25mg tablets (Sandoz Ltd),0,
GOLD,bp,bp_medication,593,Perindopril erbumine 2mg tablets,0,
GOLD,bp,bp_medication,59340,Losartan 12.5mg tablets (Dexcel-Pharma Ltd),0,
GOLD,bp,bp_medication,59351,Losartan 50mg tablets (Pfizer Ltd),0,
GOLD,bp,bp_medication,59393,Irbesartan 300mg tablets (Sandoz Ltd),0,
GOLD,bp,bp_medication,594,Bisoprolol 2.5mg tablets,0,
GOLD,bp,bp_medication,59415,propranolol 40mg tablets (accord healthcare ltd),0,
GOLD,bp,bp_medication,59448,Valsartan 80mg capsules (A A H Pharmaceuticals Ltd),0,
GOLD,bp,bp_medication,59495,Bisoprolol 1.25mg tablets (Teva UK Ltd),0,
GOLD,bp,bp_medication,59549,Carvedilol 5mg/5ml oral suspension,0,
GOLD,bp,bp_medication,59557,Ramipril 2.5mg capsules (Kent Pharmaceuticals Ltd),0,
GOLD,bp,bp_medication,59585,Uard 120XL capsules (Ennogen Healthcare Ltd),0,
GOLD,bp,bp_medication,59597,propranolol 160mg modified-release capsules (a a h pharmaceuticals ltd),0,
GOLD,bp,bp_medication,59603,Ramipril 2.5mg capsules (Phoenix Healthcare Distribution Ltd),0,
GOLD,bp,bp_medication,59616,Rawel XL 1.5mg tablets (Consilient Health Ltd),0,
GOLD,bp,bp_medication,5968,Monocor 10mg tablets (Wyeth Pharmaceuticals),0,
GOLD,bp,bp_medication,59690,Candesartan 8mg tablets (Consilient Health Ltd),0,
GOLD,bp,bp_medication,59695,Atenolol 50mg tablets (Boston Healthcare Ltd),0,
GOLD,bp,bp_medication,59699,captopril 5mg/5ml oral solution sugar free,0,
GOLD,bp,bp_medication,59750,Losartan 50mg tablets (Aptil Pharma Ltd),0,
GOLD,bp,bp_medication,59762,Amlodipine 10mg tablets (Teva UK Ltd),0,
GOLD,bp,bp_medication,59770,Perindopril erbumine 4mg tablets (Aurobindo Pharma Ltd),0,
GOLD,bp,bp_medication,59788,Ramipril 10mg capsules (Bristol Laboratories Ltd),0,
GOLD,bp,bp_medication,59790,Perindopril erbumine 8mg tablets (Accord Healthcare Ltd),0,
GOLD,bp,bp_medication,59802,Candesartan 2mg tablets (Teva UK Ltd),0,
GOLD,bp,bp_medication,59834,Chlorothiazide 250mg/5ml oral solution,0,
GOLD,bp,bp_medication,59862,Doxazosin 4mg tablets (Dexcel-Pharma Ltd),0,
GOLD,bp,bp_medication,59863,Dilzem XL 240 capsules (Lexon (UK) Ltd),0,
GOLD,bp,bp_medication,5988,Telmisartan 40mg tablets,0,
GOLD,bp,bp_medication,599,Bisoprolol 1.25mg tablets,0,
GOLD,bp,bp_medication,59903,losartan 50mg/5ml oral suspension,0,
GOLD,bp,bp_medication,59915,Captopril 25mg/5ml oral solution sugar free,0,
GOLD,bp,bp_medication,59961,Nebivolol 10mg tablets,0,
GOLD,bp,bp_medication,59969,Bisoprolol 5mg tablets (Almus Pharmaceuticals Ltd),0,
GOLD,bp,bp_medication,59972,Perindopril erbumine 2mg tablets (Alliance Healthcare (Distribution) Ltd),0,
GOLD,bp,bp_medication,59982,Atenolol 25mg tablets (Accord Healthcare Ltd),0,
GOLD,bp,bp_medication,59996,Enalapril 20mg tablets (Milpharm Ltd),0,
GOLD,bp,bp_medication,60007,generic sevikar hct 40mg/10mg/12.5mg tablets,0,
GOLD,bp,bp_medication,60010,Lisinopril 10mg tablets (Kent Pharmaceuticals Ltd),0,
GOLD,bp,bp_medication,60020,Indapamide 1.5mg modified-release tablets (Waymade Healthcare Plc),0,
GOLD,bp,bp_medication,60065,Perindopril erbumine 4mg tablets (Sigma Pharmaceuticals Plc),0,
GOLD,bp,bp_medication,60067,Perindopril erbumine 4mg / Amlodipine 5mg tablets,0,
GOLD,bp,bp_medication,60076,Valsartan 160mg capsules (Waymade Healthcare Plc),0,
GOLD,bp,bp_medication,60097,Lisinopril 2.5mg tablets (Zentiva),0,
GOLD,bp,bp_medication,60143,Enalapril 5mg tablets (Medreich Plc),0,
GOLD,bp,bp_medication,60149,Amiloride 5mg/5ml oral suspension,0,
GOLD,bp,bp_medication,60200,Doxazosin 4mg tablets (DE Pharmaceuticals),0,
GOLD,bp,bp_medication,60232,Lisinopril 5mg tablets (Zentiva),0,
GOLD,bp,bp_medication,60244,Amlodipine 10mg tablets (Phoenix Healthcare Distribution Ltd),0,
GOLD,bp,bp_medication,60309,Lisinopril 5mg tablets (Relonchem Ltd),0,
GOLD,bp,bp_medication,60316,Prazosin 1mg Tablet (Approved Prescription Services Ltd),0,
GOLD,bp,bp_medication,60319,Doxazosin 1mg tablets (Bristol Laboratories Ltd),0,
GOLD,bp,bp_medication,60343,Spironolactone 25mg tablets (Kent Pharma (UK) Ltd),0,
GOLD,bp,bp_medication,60349,Noyada 25mg/5ml oral solution (Martindale Pharmaceuticals Ltd),0,
GOLD,bp,bp_medication,60354,Co-amilozide 2.5mg/25mg tablets (Kent Pharma (UK) Ltd),0,
GOLD,bp,bp_medication,60415,Dilzem XL 180 capsules (Sigma Pharmaceuticals Plc),0,
GOLD,bp,bp_medication,605,Chlortalidone 50mg tablets,0,
GOLD,bp,bp_medication,60502,Bisoprolol 3.75mg tablets (DE Pharmaceuticals),0,
GOLD,bp,bp_medication,60506,Losartan 100mg tablets (Dexcel-Pharma Ltd),0,
GOLD,bp,bp_medication,60565,propranolol 40mg tablets (ranbaxy (uk) ltd),0,
GOLD,bp,bp_medication,60569,Felodipine 2.5mg modified-release tablets (Waymade Healthcare Plc),0,
GOLD,bp,bp_medication,60597,Irbesartan 150mg tablets (Teva UK Ltd),0,
GOLD,bp,bp_medication,60603,Chlorothiazide 50mg/5ml oral suspension,0,
GOLD,bp,bp_medication,60620,Adizem-XL 240mg capsules (Waymade Healthcare Plc),0,
GOLD,bp,bp_medication,60652,Parmid XL 2.5mg tablets (Sandoz Ltd),0,
GOLD,bp,bp_medication,6066,Atenolol 25mg/5ml oral solution sugar free,0,
GOLD,bp,bp_medication,60660,Spironolactone 3mg/5ml oral suspension,0,
GOLD,bp,bp_medication,60684,Perindopril erbumine 4mg / Amlodipine 10mg tablets,0,
GOLD,bp,bp_medication,60699,Lacidipine 2mg tablets (Sigma Pharmaceuticals Plc),0,
GOLD,bp,bp_medication,60730,Ramipril 5mg capsules (Phoenix Healthcare Distribution Ltd),0,
GOLD,bp,bp_medication,60744,perindopril erbumine 8mg / amlodipine 5mg tablets,0,
GOLD,bp,bp_medication,60757,Trandolapril 500microgram capsules (Teva UK Ltd),0,
GOLD,bp,bp_medication,60761,Bisoprolol 1.25mg tablets (Medreich Plc),0,
GOLD,bp,bp_medication,6078,Perindopril erbumine 8mg tablets,0,
GOLD,bp,bp_medication,60780,generic sevikar hct 20mg/5mg/12.5mg tablets,0,
GOLD,bp,bp_medication,60823,noyada 5mg/5ml oral solution (martindale pharmaceuticals ltd),0,
GOLD,bp,bp_medication,60856,Nifedipine 10mg modified-release tablets (Sigma Pharmaceuticals Plc),0,
GOLD,bp,bp_medication,60884,Felodipine 2.5mg modified-release tablets (Phoenix Healthcare Distribution Ltd),0,
GOLD,bp,bp_medication,60896,Bisoprolol 5mg tablets (Medreich Plc),0,
GOLD,bp,bp_medication,60934,propranolol 80mg modified-release capsules (kent pharmaceuticals ltd),0,
GOLD,bp,bp_medication,61010,Diltiazem 120mg modified-release tablets (Cubic Pharmaceuticals Ltd),0,
GOLD,bp,bp_medication,61025,Spironolactone 20mg/5ml oral solution,0,
GOLD,bp,bp_medication,61053,Losartan 100mg tablets (Alliance Healthcare (Distribution) Ltd),0,
GOLD,bp,bp_medication,61066,Doxazosin 2mg tablets (Bristol Laboratories Ltd),0,
GOLD,bp,bp_medication,61067,Ramipril 5mg capsules (Almus Pharmaceuticals Ltd),0,
GOLD,bp,bp_medication,61115,Bisoprolol 5mg/5ml oral solution,0,
GOLD,bp,bp_medication,61117,perindopril erbumine 4mg/5ml oral solution,0,
GOLD,bp,bp_medication,61123,Doxazosin 4mg/5ml oral solution,0,
GOLD,bp,bp_medication,61133,Enalapril 10mg tablets (Phoenix Healthcare Distribution Ltd),0,
GOLD,bp,bp_medication,61177,Telmisartan 20mg tablets (Sigma Pharmaceuticals Plc),0,
GOLD,bp,bp_medication,61245,Diltiazem 60mg modified-release capsules (Sigma Pharmaceuticals Plc),0,
GOLD,bp,bp_medication,61262,Lisinopril 20mg tablets (Bristol Laboratories Ltd),0,
GOLD,bp,bp_medication,61270,Perindopril erbumine 4mg tablets (Accord Healthcare Ltd),0,
GOLD,bp,bp_medication,61283,Doxazosin 4mg tablets (Alliance Healthcare (Distribution) Ltd),0,
GOLD,bp,bp_medication,61288,Losartan 100mg tablets (Accord Healthcare Ltd),0,
GOLD,bp,bp_medication,61292,Quinapril 40mg tablets (Mylan Ltd),0,
GOLD,bp,bp_medication,61339,Ramipril 10mg capsules (Almus Pharmaceuticals Ltd),0,
GOLD,bp,bp_medication,61340,Bisoprolol 5mg tablets (DE Pharmaceuticals),0,
GOLD,bp,bp_medication,61374,Amlodipine 4mg/5ml oral suspension,0,
GOLD,bp,bp_medication,61422,Amlodipine 5mg tablets (Accord Healthcare Ltd),0,
GOLD,bp,bp_medication,61442,Valsartan 160mg capsules (Teva UK Ltd),0,
GOLD,bp,bp_medication,61495,Losartan 25mg tablets (Aptil Pharma Ltd),0,
GOLD,bp,bp_medication,61499,Ramipril 2.5mg tablets (Actavis UK Ltd),0,
GOLD,bp,bp_medication,61532,Diltiazem 120mg modified-release capsules (Sigma Pharmaceuticals Plc),0,
GOLD,bp,bp_medication,61564,Bisoprolol 3.75mg tablets (Waymade Healthcare Plc),0,
GOLD,bp,bp_medication,61573,atenolol 25mg/5ml oral solution,0,
GOLD,bp,bp_medication,61611,Lercanidipine 10mg tablets (DE Pharmaceuticals),0,
GOLD,bp,bp_medication,61651,Bisoprolol 7.5mg tablets (Almus Pharmaceuticals Ltd),0,
GOLD,bp,bp_medication,61663,Carvedilol 3.125mg tablets (Teva UK Ltd),0,
GOLD,bp,bp_medication,61693,Perindopril erbumine 8mg tablets (Aurobindo Pharma Ltd),0,
GOLD,bp,bp_medication,61694,Ramipril 5mg tablets (Zentiva),0,
GOLD,bp,bp_medication,61719,Beta-Adalat modified-release capsules (Waymade Healthcare Plc),0,
GOLD,bp,bp_medication,61727,propranolol 10mg tablets (accord healthcare ltd),0,
GOLD,bp,bp_medication,61754,Losartan 25mg/5ml oral suspension,0,
GOLD,bp,bp_medication,61781,Irbesartan 300mg tablets (Teva UK Ltd),0,
GOLD,bp,bp_medication,61846,Zaroxolyn 2.5mg tablets (IDIS),0,
GOLD,bp,bp_medication,61985,Ramipril 1.25mg tablets (Teva UK Ltd),0,
GOLD,bp,bp_medication,6200,Tritace titration pack capsules (Sanofi),0,
GOLD,bp,bp_medication,62019,Doxazosin 1mg tablets (Almus Pharmaceuticals Ltd),0,
GOLD,bp,bp_medication,62035,Candesartan 16mg tablets (Waymade Healthcare Plc),0,
GOLD,bp,bp_medication,62036,Ramipril 5mg tablets (Waymade Healthcare Plc),0,
GOLD,bp,bp_medication,62039,Ramipril 1.25mg tablets (Zentiva),0,
GOLD,bp,bp_medication,62064,Diltiazem 120mg modified-release tablets (Mawdsley-Brooks & Company Ltd),0,
GOLD,bp,bp_medication,62065,Diltiazem 90mg modified-release tablets (Colorama Pharmaceuticals Ltd),0,
GOLD,bp,bp_medication,62066,Cardide SR 1.5mg tablets (Teva UK Ltd),0,
GOLD,bp,bp_medication,62140,Candesartan 4mg tablets (Sandoz Ltd),0,
GOLD,bp,bp_medication,62158,Doxazosin 4mg tablets (Almus Pharmaceuticals Ltd),0,
GOLD,bp,bp_medication,6217,Olmesartan medoxomil 10mg tablets,0,
GOLD,bp,bp_medication,62207,Adizem-SR 120mg capsules (Waymade Healthcare Plc),0,
GOLD,bp,bp_medication,62249,Co-amilozide 5mg/50mg tablets (Alliance Healthcare (Distribution) Ltd),0,
GOLD,bp,bp_medication,62325,Atenolol 25mg tablets (Waymade Healthcare Plc),0,
GOLD,bp,bp_medication,62337,irbesartan 300mg / hydrochlorothiazide 12.5mg tablets (actavis uk ltd),0,
GOLD,bp,bp_medication,62351,Doxazosin 2mg tablets (Phoenix Healthcare Distribution Ltd),0,
GOLD,bp,bp_medication,62361,Bisoprolol 1.25mg tablets (Chanelle Medical UK Ltd),0,
GOLD,bp,bp_medication,62376,Actelsar HCT 80mg/12.5mg tablets (Actavis UK Ltd),0,
GOLD,bp,bp_medication,62388,Losartan 12.5mg tablets (DE Pharmaceuticals),0,
GOLD,bp,bp_medication,624,Losartan 100mg tablets,0,
GOLD,bp,bp_medication,62407,Bisoprolol oral solution,0,
GOLD,bp,bp_medication,62415,Irbesartan 300mg tablets (A A H Pharmaceuticals Ltd),0,
GOLD,bp,bp_medication,6243,Telmisartan 20mg tablets,0,
GOLD,bp,bp_medication,62516,Hydrochlorothiazide 12.5mg tablets,0,
GOLD,bp,bp_medication,62537,Co-tenidone 100mg/25mg tablets (DE Pharmaceuticals),0,
GOLD,bp,bp_medication,62564,Lisinopril 10mg/5ml oral solution,0,
GOLD,bp,bp_medication,6261,Tritace 1.25mg tablets (Sanofi),0,
GOLD,bp,bp_medication,62638,Labetalol 100mg tablets (Actavis UK Ltd),0,
GOLD,bp,bp_medication,62700,Co-amilozide 5mg/50mg tablets (Phoenix Healthcare Distribution Ltd),0,
GOLD,bp,bp_medication,62711,propranolol 80mg modified-release capsules (waymade healthcare plc),0,
GOLD,bp,bp_medication,62771,Indapamide 1.5mg modified-release tablets (DE Pharmaceuticals),0,
GOLD,bp,bp_medication,6285,Olmesartan medoxomil 20mg tablets,0,
GOLD,bp,bp_medication,62860,Enalapril 5mg tablets (DE Pharmaceuticals),0,
GOLD,bp,bp_medication,6288,Ramipril 5mg tablets,0,
GOLD,bp,bp_medication,62911,Losartan 50mg / Hydrochlorothiazide 12.5mg tablets (Teva UK Ltd),0,
GOLD,bp,bp_medication,62912,Diltiazem 120mg modified-release capsules (AM Distributions (Yorkshire) Ltd),0,
GOLD,bp,bp_medication,62918,Ramipril 2.5mg/5ml oral solution,0,
GOLD,bp,bp_medication,62958,Ramipril 5mg tablets (Teva UK Ltd),0,
GOLD,bp,bp_medication,63010,Ramipril 10mg tablets (Phoenix Healthcare Distribution Ltd),0,
GOLD,bp,bp_medication,63030,Lisinopril 10mg tablets (DE Pharmaceuticals),0,
GOLD,bp,bp_medication,63041,Nifedipine 10mg capsules (Mylan Ltd),0,
GOLD,bp,bp_medication,6309,Adizem xl 300mg Capsule (Napp Pharmaceuticals Ltd),0,
GOLD,bp,bp_medication,6314,Ramipril 2.5mg tablets,0,
GOLD,bp,bp_medication,63149,perindopril erbumine 8mg / amlodipine 10mg tablets,0,
GOLD,bp,bp_medication,63158,Doxazosin 2mg tablets (Almus Pharmaceuticals Ltd),0,
GOLD,bp,bp_medication,63222,Losartan 25mg tablets (Pfizer Ltd),0,
GOLD,bp,bp_medication,63227,Chlorothiazide 70mg/5ml oral solution,0,
GOLD,bp,bp_medication,63246,Nifedipine 10mg modified-release tablets (AM Distributions (Yorkshire) Ltd),0,
GOLD,bp,bp_medication,633,Fosinopril 10mg tablets,0,
GOLD,bp,bp_medication,63309,Spironolactone 6mg/5ml oral suspension,0,
GOLD,bp,bp_medication,63314,Doxazosin 1mg tablets (Sovereign Medical Ltd),0,
GOLD,bp,bp_medication,63322,Enalapril 10mg tablets (Almus Pharmaceuticals Ltd),0,
GOLD,bp,bp_medication,63331,Folpik XL 2.5mg tablets (Teva UK Ltd),0,
GOLD,bp,bp_medication,63337,Eprosartan 600mg tablets (A A H Pharmaceuticals Ltd),0,
GOLD,bp,bp_medication,63385,Sabervel 75mg tablets (Aspire Pharma Ltd),0,
GOLD,bp,bp_medication,63411,Irbesartan 300mg tablets (Alliance Healthcare (Distribution) Ltd),0,
GOLD,bp,bp_medication,63422,Carvedilol 12.5mg tablets (Waymade Healthcare Plc),0,
GOLD,bp,bp_medication,63442,Ramipril 2.5mg tablets (Teva UK Ltd),0,
GOLD,bp,bp_medication,63493,Bisoprolol 2.5mg tablets (Actavis UK Ltd),0,
GOLD,bp,bp_medication,6351,Olmesartan medoxomil 40mg tablets,0,
GOLD,bp,bp_medication,63515,Amlodipine 10mg tablets (Dr Reddy's Laboratories (UK) Ltd),0,
GOLD,bp,bp_medication,63535,Bisoprolol 5mg tablets (Relonchem Ltd),0,
GOLD,bp,bp_medication,63559,Lisinopril 20mg tablets (Kent Pharmaceuticals Ltd),0,
GOLD,bp,bp_medication,6359,Zestoretic 10- 10mg+12.5mg Tablet (AstraZeneca UK Ltd),0,
GOLD,bp,bp_medication,63594,Generic Tritace titration pack tablets,0,
GOLD,bp,bp_medication,636,Diltiazem 60mg modified-release capsules,0,
GOLD,bp,bp_medication,6362,Tritace 5mg tablets (Sanofi),0,
GOLD,bp,bp_medication,6364,Tritace 2.5mg tablets (Sanofi),0,
GOLD,bp,bp_medication,63717,Irbesartan 300mg tablets (DE Pharmaceuticals),0,
GOLD,bp,bp_medication,63724,Metoprolol 100mg tablets (Waymade Healthcare Plc),0,
GOLD,bp,bp_medication,63736,Labetalol 100mg tablets (Waymade Healthcare Plc),0,
GOLD,bp,bp_medication,63824,Lisinopril 10mg/5ml oral suspension,0,
GOLD,bp,bp_medication,63850,Bisoprolol 2.5mg tablets (Teva UK Ltd),0,
GOLD,bp,bp_medication,63890,MicardisPlus 80mg/12.5mg tablets (Waymade Healthcare Plc),0,
GOLD,bp,bp_medication,63917,Lercanidipine 20mg tablets (A A H Pharmaceuticals Ltd),0,
GOLD,bp,bp_medication,63918,Losartan 25mg tablets (Teva UK Ltd),0,
GOLD,bp,bp_medication,64055,Ramipril 2.5mg/5ml oral solution sugar free (Waymade Healthcare Plc),0,
GOLD,bp,bp_medication,64062,Enalapril 1mg/5ml oral suspension,0,
GOLD,bp,bp_medication,64066,Indapamide 2.5mg/5ml oral suspension,0,
GOLD,bp,bp_medication,6408,tanatril 5mg tablets (mitsubishi tanabe pharma europe ltd),0,
GOLD,bp,bp_medication,64160,propranolol 5mg/5ml oral solution sugar free (am distributions (yorkshire) ltd),0,
GOLD,bp,bp_medication,64166,Amlodipine 5mg/5ml oral solution sugar free,0,
GOLD,bp,bp_medication,64227,Lercanidipine 10mg tablets (Actavis UK Ltd),0,
GOLD,bp,bp_medication,64233,Doxazosin 1mg tablets (Waymade Healthcare Plc),0,
GOLD,bp,bp_medication,64327,Amlodipine 5mg tablets (Mylan Ltd),0,
GOLD,bp,bp_medication,64359,Candesartan 4mg tablets (DE Pharmaceuticals),0,
GOLD,bp,bp_medication,6437,Losartan 50mg / Hydrochlorothiazide 12.5mg tablets,0,
GOLD,bp,bp_medication,64418,Amlodipine 5mg tablets (Waymade Healthcare Plc),0,
GOLD,bp,bp_medication,64424,Lercanidipine 20mg tablets (Zentiva),0,
GOLD,bp,bp_medication,64441,Amlodipine 5mg tablets (Alliance Healthcare (Distribution) Ltd),0,
GOLD,bp,bp_medication,64447,Amlodipine 5mg tablets (Somex Pharma),0,
GOLD,bp,bp_medication,64474,Felodipine 2.5mg modified-release tablets (A A H Pharmaceuticals Ltd),0,
GOLD,bp,bp_medication,64504,Plendil 5mg modified-release tablets (Necessity Supplies Ltd),0,
GOLD,bp,bp_medication,64538,Bisoprolol 3.75mg tablets (Teva UK Ltd),0,
GOLD,bp,bp_medication,64602,Perindopril erbumine 2mg tablets (Waymade Healthcare Plc),0,
GOLD,bp,bp_medication,64606,Amlodipine 5mg tablets (Focus Pharmaceuticals Ltd),0,
GOLD,bp,bp_medication,64623,Amlodipine 10mg/5ml oral solution sugar free,0,
GOLD,bp,bp_medication,6468,Lisinopril 20mg / Hydrochlorothiazide 12.5mg tablets,0,
GOLD,bp,bp_medication,64703,Nebivolol 5mg tablets (Glenmark Generics (Europe) Ltd),0,
GOLD,bp,bp_medication,64719,Felodipine 2.5mg modified-release tablets (Sigma Pharmaceuticals Plc),0,
GOLD,bp,bp_medication,64739,Captopril 25mg/5ml oral solution (Special Order),0,
GOLD,bp,bp_medication,64760,Felodipine 10mg modified-release tablets (Phoenix Healthcare Distribution Ltd),0,
GOLD,bp,bp_medication,6477,Amlodipine maleate 10mg tablets,0,
GOLD,bp,bp_medication,64784,Bisoprolol 5mg tablets (Niche Generics Ltd),0,
GOLD,bp,bp_medication,64798,Chlorothiazide 120mg/5ml oral solution,0,
GOLD,bp,bp_medication,64850,Bisoprolol 2.5mg tablets (DE Pharmaceuticals),0,
GOLD,bp,bp_medication,64877,Enalapril 2.5mg tablets (Dexcel-Pharma Ltd),0,
GOLD,bp,bp_medication,64888,Losartan 12.5mg tablets (Sigma Pharmaceuticals Plc),0,
GOLD,bp,bp_medication,64890,Diltiazem cream,0,
GOLD,bp,bp_medication,64902,Lisinopril 5mg/5ml oral solution sugar free,0,
GOLD,bp,bp_medication,64907,Bendroflumethiazide 5mg tablets (Almus Pharmaceuticals Ltd),0,
GOLD,bp,bp_medication,64917,Felodipine 10mg modified-release tablets (Waymade Healthcare Plc),0,
GOLD,bp,bp_medication,64973,Atenolol 50mg tablets (Sigma Pharmaceuticals Plc),0,
GOLD,bp,bp_medication,65,Lisinopril 10mg tablets,0,
GOLD,bp,bp_medication,65027,bisoprolol 5mg / aspirin 100mg capsules,0,
GOLD,bp,bp_medication,65065,Irbesartan 75mg tablets (A A H Pharmaceuticals Ltd),0,
GOLD,bp,bp_medication,65094,Losartan 50mg tablets (Sandoz Ltd),0,
GOLD,bp,bp_medication,65102,Lisinopril 10mg tablets (Sigma Pharmaceuticals Plc),0,
GOLD,bp,bp_medication,65159,Doxazosin 4mg tablets (Waymade Healthcare Plc),0,
GOLD,bp,bp_medication,6518,Diovan 160mg capsules (Novartis Pharmaceuticals UK Ltd),0,
GOLD,bp,bp_medication,65227,Metoprolol 12.5mg/5ml oral solution,0,
GOLD,bp,bp_medication,65228,Candesartan 16mg tablets (Mawdsley-Brooks & Company Ltd),0,
GOLD,bp,bp_medication,65273,Perindopril erbumine 4mg tablets (Mylan Ltd),0,
GOLD,bp,bp_medication,65274,Telmisartan 40mg tablets (Actavis UK Ltd),0,
GOLD,bp,bp_medication,65349,Folpik XL 10mg tablets (Teva UK Ltd),0,
GOLD,bp,bp_medication,65389,Gopten 500microgram capsules (Waymade Healthcare Plc),0,
GOLD,bp,bp_medication,654,Ramipril 2.5/5mg/10mg capsule,0,
GOLD,bp,bp_medication,65416,Lisinopril 5mg tablets (Lupin (Europe) Ltd),0,
GOLD,bp,bp_medication,65435,propranolol 10mg tablets (waymade healthcare plc),0,
GOLD,bp,bp_medication,65438,Acebutolol 100mg capsules (A A H Pharmaceuticals Ltd),0,
GOLD,bp,bp_medication,65442,Terazosin 5mg tablets (Viatris UK Healthcare Ltd),0,
GOLD,bp,bp_medication,65443,Ramipril 1.25mg Tablet (Sovereign Medical Ltd),0,
GOLD,bp,bp_medication,65479,Candesartan 2mg tablets (A A H Pharmaceuticals Ltd),0,
GOLD,bp,bp_medication,65504,Adizem-SR 180mg capsules (Lexon (UK) Ltd),0,
GOLD,bp,bp_medication,65536,Lisinopril 2.5mg tablets (Alliance Healthcare (Distribution) Ltd),0,
GOLD,bp,bp_medication,65570,Trandolapril 4mg capsules (Teva UK Ltd),0,
GOLD,bp,bp_medication,65582,Spironolactone 3mg/5ml oral solution,0,
GOLD,bp,bp_medication,65599,Ramipril 5mg tablets (A A H Pharmaceuticals Ltd),0,
GOLD,bp,bp_medication,65602,Adizem-XL 120mg capsules (Waymade Healthcare Plc),0,
GOLD,bp,bp_medication,65636,Adizem-XL 120mg capsules (Lexon (UK) Ltd),0,
GOLD,bp,bp_medication,65659,Lercanidipine 20mg tablets (Teva UK Ltd),0,
GOLD,bp,bp_medication,65745,Amlodipine 5mg tablets (DE Pharmaceuticals),0,
GOLD,bp,bp_medication,65749,Ramipril 5mg capsules (Ennogen Pharma Ltd),0,
GOLD,bp,bp_medication,65805,Bisoprolol 1.25mg tablets (Waymade Healthcare Plc),0,
GOLD,bp,bp_medication,65821,bisoprolol 7.5mg/5ml oral suspension,0,
GOLD,bp,bp_medication,65822,Spironolactone 12.5mg/5ml oral suspension,0,
GOLD,bp,bp_medication,65853,Doxazosin 1mg tablets (Mawdsley-Brooks & Company Ltd),0,
GOLD,bp,bp_medication,65936,Ramipril 5mg capsules (DE Pharmaceuticals),0,
GOLD,bp,bp_medication,65983,Lisinopril 2.5mg tablets (Lupin (Europe) Ltd),0,
GOLD,bp,bp_medication,65985,Lisinopril 2.5mg tablets (DE Pharmaceuticals),0,
GOLD,bp,bp_medication,65986,propranolol 10mg tablets (alliance healthcare (distribution) ltd),0,
GOLD,bp,bp_medication,66048,Tildiem Retard 120mg tablets (DE Pharmaceuticals),0,
GOLD,bp,bp_medication,66060,Perindopril erbumine 2mg tablets (DE Pharmaceuticals),0,
GOLD,bp,bp_medication,66065,Doxazosin 2mg tablets (Kent Pharma (UK) Ltd),0,
GOLD,bp,bp_medication,66095,Felodipine 5mg modified-release tablets (Mawdsley-Brooks & Company Ltd),0,
GOLD,bp,bp_medication,66114,Losartan 12.5mg tablets (Mawdsley-Brooks & Company Ltd),0,
GOLD,bp,bp_medication,66162,Ramipril 10mg tablets (Teva UK Ltd),0,
GOLD,bp,bp_medication,66172,Uard 180XL capsules (Ennogen Healthcare Ltd),0,
GOLD,bp,bp_medication,66191,Adalat retard 20mg tablets (DE Pharmaceuticals),0,
GOLD,bp,bp_medication,66197,Sacubitril 49mg / Valsartan 51mg tablets,0,
GOLD,bp,bp_medication,662,Adalat 5mg capsules (Bayer Plc),0,
GOLD,bp,bp_medication,66205,Entresto 49mg/51mg tablets (Novartis Pharmaceuticals UK Ltd),0,
GOLD,bp,bp_medication,66236,Nifedipine 20mg Modified-release tablet (Kent Pharmaceuticals Ltd),0,
GOLD,bp,bp_medication,66261,Entresto 24mg/26mg tablets (Novartis Pharmaceuticals UK Ltd),0,
GOLD,bp,bp_medication,66329,Ramipril oral solution,0,
GOLD,bp,bp_medication,66430,Amlodipine 5mg tablets (Kent Pharmaceuticals Ltd),0,
GOLD,bp,bp_medication,66464,Nadolol 40mg/5ml oral solution,0,
GOLD,bp,bp_medication,66517,Bendroflumethiazide 1.25mg/5ml oral suspension,0,
GOLD,bp,bp_medication,66548,Atenolol 50mg tablets (DE Pharmaceuticals),0,
GOLD,bp,bp_medication,66551,Losartan 50mg tablets (Bristol Laboratories Ltd),0,
GOLD,bp,bp_medication,66555,propranolol 10mg tablets (boston healthcare ltd),0,
GOLD,bp,bp_medication,66558,Lisinopril 5mg tablets (DE Pharmaceuticals),0,
GOLD,bp,bp_medication,66559,Nebilet 5mg tablets (Waymade Healthcare Plc),0,
GOLD,bp,bp_medication,66574,Amlodipine 5mg tablets (Phoenix Healthcare Distribution Ltd),0,
GOLD,bp,bp_medication,66597,Captopril 10mg/5ml oral suspension,0,
GOLD,bp,bp_medication,66598,Losartan 50mg / Hydrochlorothiazide 12.5mg tablets (Lupin (Europe) Ltd),0,
GOLD,bp,bp_medication,66622,Lisinopril 20mg tablets (DE Pharmaceuticals),0,
GOLD,bp,bp_medication,66623,Trandolapril 2mg capsules (A A H Pharmaceuticals Ltd),0,
GOLD,bp,bp_medication,66624,Candesartan 16mg tablets (Sandoz Ltd),0,
GOLD,bp,bp_medication,66635,Dilzem XL 180 capsules (DE Pharmaceuticals),0,
GOLD,bp,bp_medication,66669,Ramipril 10mg capsules (DE Pharmaceuticals),0,
GOLD,bp,bp_medication,66670,Metoprolol 100mg tablets (Alliance Healthcare (Distribution) Ltd),0,
GOLD,bp,bp_medication,66701,Diltiazem 240mg modified-release capsules (DE Pharmaceuticals),0,
GOLD,bp,bp_medication,66702,Sacubitril 24mg / Valsartan 26mg tablets,0,
GOLD,bp,bp_medication,66772,Lisinopril 2.5mg tablets (Waymade Healthcare Plc),0,
GOLD,bp,bp_medication,66779,nadolol 30mg/5ml oral suspension,0,
GOLD,bp,bp_medication,66817,Amlodipine 10mg tablets (Wockhardt UK Ltd),0,
GOLD,bp,bp_medication,66829,Entresto 97mg/103mg tablets (Novartis Pharmaceuticals UK Ltd),0,
GOLD,bp,bp_medication,66834,Uard 240XL capsules (Ennogen Healthcare Ltd),0,
GOLD,bp,bp_medication,66850,Diltiazem 240mg modified-release capsules (Icarus Pharmaceuticals Ltd),0,
GOLD,bp,bp_medication,66895,Enalapril 10mg/5ml oral suspension,0,
GOLD,bp,bp_medication,66910,Felodipine 2.5mg modified-release tablets (DE Pharmaceuticals),0,
GOLD,bp,bp_medication,66931,Sacubitril 97mg / Valsartan 103mg tablets,0,
GOLD,bp,bp_medication,66958,Candesartan 8mg tablets (Sandoz Ltd),0,
GOLD,bp,bp_medication,66997,micardisplus 40mg/12.5mg tablets (waymade healthcare plc),0,
GOLD,bp,bp_medication,67074,Adalat 10mg capsules (DE Pharmaceuticals),0,
GOLD,bp,bp_medication,67075,lisinopril 2.5mg tablets (mawdsley-brooks & company ltd),0,
GOLD,bp,bp_medication,67124,bisoprolol 10mg / aspirin 75mg capsules,0,
GOLD,bp,bp_medication,67194,lisinopril 2.5mg tablets (bristol laboratories ltd),0,
GOLD,bp,bp_medication,67269,coversyl 2mg tablets (waymade healthcare plc),0,
GOLD,bp,bp_medication,67292,celectol 200mg tablets (sigma pharmaceuticals plc),0,
GOLD,bp,bp_medication,67307,staril 20mg tablets (dowelhurst ltd),0,
GOLD,bp,bp_medication,67317,Dilzem XL 120 capsules (Mawdsley-Brooks & Company Ltd),0,
GOLD,bp,bp_medication,67344,Diltiazem 300mg modified-release capsules (Ennogen Pharma Ltd),0,
GOLD,bp,bp_medication,67424,nadolol 80mg/5ml oral suspension,0,
GOLD,bp,bp_medication,6751,Beta-Cardone 80mg tablets (Focus Pharmaceuticals Ltd),0,
GOLD,bp,bp_medication,67595,nebivolol 5mg tablets (almus pharmaceuticals ltd),0,
GOLD,bp,bp_medication,6765,Quinapril 5mg tablets,0,
GOLD,bp,bp_medication,67661,carvedilol 6.25mg tablets (sigma pharmaceuticals plc),0,
GOLD,bp,bp_medication,67662,Istin 10mg tablets (DE Pharmaceuticals),0,
GOLD,bp,bp_medication,67663,valsartan 160mg capsules (dexcel-pharma ltd),0,
GOLD,bp,bp_medication,67664,valsartan 160mg / hydrochlorothiazide 12.5mg tablets (teva uk ltd),0,
GOLD,bp,bp_medication,67719,ramipril 5mg capsules (mawdsley-brooks & company ltd),0,
GOLD,bp,bp_medication,67737,Bendroflumethiazide 2.5mg tablets (Dr Reddy's Laboratories (UK) Ltd),0,
GOLD,bp,bp_medication,67738,Bendroflumethiazide 5mg tablets (Dr Reddy's Laboratories (UK) Ltd),0,
GOLD,bp,bp_medication,67741,ramipril 1.25mg capsules (almus pharmaceuticals ltd),0,
GOLD,bp,bp_medication,67767,lisinopril 10mg / hydrochlorothiazide 12.5mg tablets (almus pharmaceuticals ltd),0,
GOLD,bp,bp_medication,67780,Bendroflumethiazide 5mg tablets (DE Pharmaceuticals),0,
GOLD,bp,bp_medication,67789,perindopril erbumine 2mg tablets (accord healthcare ltd),0,
GOLD,bp,bp_medication,67795,lisinopril 20mg tablets (almus pharmaceuticals ltd),0,
GOLD,bp,bp_medication,6786,Lisinopril 10mg / Hydrochlorothiazide 12.5mg tablets,0,
GOLD,bp,bp_medication,67890,Uard 300XL capsules (Ennogen Healthcare Ltd),0,
GOLD,bp,bp_medication,67902,losartan 100mg tablets (sandoz ltd),0,
GOLD,bp,bp_medication,67913,Spironolactone 50mg tablets (Kent Pharma (UK) Ltd),0,
GOLD,bp,bp_medication,67929,candesartan 16mg tablets (tillomed laboratories ltd),0,
GOLD,bp,bp_medication,6794,Perindopril erbumine 4mg / Indapamide 1.25mg tablets,0,
GOLD,bp,bp_medication,68020,beta-adalat modified-release capsules (sigma pharmaceuticals plc),0,
GOLD,bp,bp_medication,68021,perindopril erbumine 4mg tablets (alliance healthcare (distribution) ltd),0,
GOLD,bp,bp_medication,68022,Doxazosin 4mg tablets (Sovereign Medical Ltd),0,
GOLD,bp,bp_medication,68054,Diltiazem 60mg modified-release tablets (Alliance Healthcare (Distribution) Ltd),0,
GOLD,bp,bp_medication,6806,zestril 10mg tablets (astrazeneca uk ltd),0,
GOLD,bp,bp_medication,6807,zestril 5mg tablets (astrazeneca uk ltd),0,
GOLD,bp,bp_medication,68094,lisinopril 5mg tablets (sigma pharmaceuticals plc),0,
GOLD,bp,bp_medication,6815,Spironolactone 50mg/5ml oral suspension sugar free,0,
GOLD,bp,bp_medication,6816,Chlorothiazide 250mg/5ml oral suspension,0,
GOLD,bp,bp_medication,68161,Doxazosin 4mg tablets (Mawdsley-Brooks & Company Ltd),0,
GOLD,bp,bp_medication,68181,Felodipine 5mg modified-release tablets (Sigma Pharmaceuticals Plc),0,
GOLD,bp,bp_medication,68192,ramipril 5mg capsules (brown & burk uk ltd),0,
GOLD,bp,bp_medication,68221,Amlodipine 10mg tablets (Kent Pharma (UK) Ltd),0,
GOLD,bp,bp_medication,68247,lisinopril 5mg tablets (bristol laboratories ltd),0,
GOLD,bp,bp_medication,68311,Amlodipine 5mg/5ml oral solution sugar free (A A H Pharmaceuticals Ltd),0,
GOLD,bp,bp_medication,68340,losartan 12.5mg tablets (consilient health ltd),0,
GOLD,bp,bp_medication,68372,ramipril 5mg tablets (actavis uk ltd),0,
GOLD,bp,bp_medication,68381,perindopril erbumine 4mg tablets (mawdsley-brooks & company ltd),0,
GOLD,bp,bp_medication,68400,propranolol 160mg tablets (de pharmaceuticals),0,
GOLD,bp,bp_medication,68429,Diltiazem 120mg modified-release capsules (Ethigen Ltd),0,
GOLD,bp,bp_medication,68432,Metolazone 2.5mg/5ml oral suspension,0,
GOLD,bp,bp_medication,68480,ramipril 10mg capsules (mawdsley-brooks & company ltd),0,
GOLD,bp,bp_medication,68496,enalapril 10mg tablets (kent pharmaceuticals ltd),0,
GOLD,bp,bp_medication,68499,Felodipine sr 10mg Tablet (Approved Prescription Services Ltd),0,
GOLD,bp,bp_medication,6856,Amlodipine 10mg tablets,0,
GOLD,bp,bp_medication,68603,losartan 50mg tablets (wockhardt uk ltd),0,
GOLD,bp,bp_medication,68647,candesartan 8mg tablets (genesis pharmaceuticals ltd),0,
GOLD,bp,bp_medication,68677,nebivolol 5mg tablets (accord healthcare ltd),0,
GOLD,bp,bp_medication,68718,candesartan 4mg tablets (a a h pharmaceuticals ltd),0,
GOLD,bp,bp_medication,68751,candesartan 16mg tablets (genesis pharmaceuticals ltd),0,
GOLD,bp,bp_medication,68759,perindopril erbumine 2mg tablets (aurobindo pharma ltd),0,
GOLD,bp,bp_medication,6877,Co-Diovan 160mg/12.5mg tablets (Novartis Pharmaceuticals UK Ltd),0,
GOLD,bp,bp_medication,68828,Felodipine 5mg modified-release tablets (DE Pharmaceuticals),0,
GOLD,bp,bp_medication,68881,metoprolol 12.5mg capsules,0,
GOLD,bp,bp_medication,68948,valsartan 160mg capsules (actavis uk ltd),0,
GOLD,bp,bp_medication,69,Lisinopril 20mg tablets,0,
GOLD,bp,bp_medication,69009,Zaroxolyn 5mg tablets (Imported (Canada)),0,
GOLD,bp,bp_medication,69016,perindopril erbumine 8mg tablets (de pharmaceuticals),0,
GOLD,bp,bp_medication,69028,Diltiazem 60mg modified-release capsules (DE Pharmaceuticals),0,
GOLD,bp,bp_medication,69074,lisinopril 20mg tablets (relonchem ltd),0,
GOLD,bp,bp_medication,69108,Adizem-XL 300mg capsules (Lexon (UK) Ltd),0,
GOLD,bp,bp_medication,69115,nebivolol 5mg tablets (a a h pharmaceuticals ltd),0,
GOLD,bp,bp_medication,69116,Diltiazem 60mg modified-release tablets (DE Pharmaceuticals),0,
GOLD,bp,bp_medication,69135,OptiLube Active CHG Free sterile lubricating jelly (Optimum Medical Solutions Ltd),0,
GOLD,bp,bp_medication,69156,bisoprolol 3.75mg tablets (medreich plc),0,
GOLD,bp,bp_medication,69192,captopril oral solution,0,
GOLD,bp,bp_medication,692,Spironolactone 25mg tablets,0,
GOLD,bp,bp_medication,69202,Nifedipine 2mg/5ml oral suspension,0,
GOLD,bp,bp_medication,69206,Felodipine 2.5mg/5ml oral solution,0,
GOLD,bp,bp_medication,69239,Lercanidipine 10mg tablets (A A H Pharmaceuticals Ltd),0,
GOLD,bp,bp_medication,69269,lisinopril 20mg tablets (waymade healthcare plc),0,
GOLD,bp,bp_medication,69277,Adizem-XL 240mg capsules (Lexon (UK) Ltd),0,
GOLD,bp,bp_medication,69288,ramipril 10mg capsules (brown & burk uk ltd),0,
GOLD,bp,bp_medication,69319,Doxazosin 2mg tablets (DE Pharmaceuticals),0,
GOLD,bp,bp_medication,69334,bendroflumethiazide 5mg with nadolol 80mg tablets,0,
GOLD,bp,bp_medication,6939,Eprosartan 300mg tablets,0,
GOLD,bp,bp_medication,69473,Spironolactone 3.5mg/5ml oral suspension,0,
GOLD,bp,bp_medication,69526,atenolol 50mg/5ml oral solution,0,
GOLD,bp,bp_medication,69599,captopril 500micrograms/5ml oral suspension,0,
GOLD,bp,bp_medication,69600,captopril 1mg/5ml oral suspension,0,
GOLD,bp,bp_medication,69661,propranolol 3mg/5ml oral solution,0,
GOLD,bp,bp_medication,69667,losartan 100mg/5ml oral solution,0,
GOLD,bp,bp_medication,69668,Nifedipine 30mg/5ml oral suspension,0,
GOLD,bp,bp_medication,69757,Doxazosin 8mg/5ml oral suspension,0,
GOLD,bp,bp_medication,69802,candesartan 4mg tablets (mylan),0,
GOLD,bp,bp_medication,69818,Diltiazem 0.5% ointment,0,
GOLD,bp,bp_medication,69858,losartan 25mg tablets (alliance healthcare (distribution) ltd),0,
GOLD,bp,bp_medication,70072,ramipril 1.25mg capsules (mawdsley-brooks & company ltd),0,
GOLD,bp,bp_medication,70116,metoprolol 50mg/5ml oral solution,0,
GOLD,bp,bp_medication,70135,atenolol 25mg tablets (de pharmaceuticals),0,
GOLD,bp,bp_medication,70161,sotalol 40mg/5ml oral solution,0,
GOLD,bp,bp_medication,70162,sotalol 40mg/5ml oral suspension,0,
GOLD,bp,bp_medication,70251,telmisartan 20mg tablets (teva uk ltd),0,
GOLD,bp,bp_medication,70306,Diltiazem 180mg modified-release capsules (Mawdsley-Brooks & Company Ltd),0,
GOLD,bp,bp_medication,70325,losartan 50mg tablets (almus pharmaceuticals ltd),0,
GOLD,bp,bp_medication,7043,Candesartan 32mg tablets,0,
GOLD,bp,bp_medication,70431,irbesartan 150mg tablets (lupin healthcare (uk) ltd),0,
GOLD,bp,bp_medication,70455,candesartan 4mg/5ml oral suspension,0,
GOLD,bp,bp_medication,7049,Carvedilol 25mg tablets,0,
GOLD,bp,bp_medication,70509,Indapamide 2.5mg tablets (DE Pharmaceuticals),0,
GOLD,bp,bp_medication,70628,diovan 3mg/1ml oral solution (novartis pharmaceuticals uk ltd),0,
GOLD,bp,bp_medication,7066,Metoprolol 100mg / Hydrochlorothiazide 12.5mg tablets,0,
GOLD,bp,bp_medication,70667,lisinopril 5mg tablets (mawdsley-brooks & company ltd),0,
GOLD,bp,bp_medication,70680,propranolol 6mg/5ml oral suspension,0,
GOLD,bp,bp_medication,70681,propranolol 3mg/5ml oral suspension,0,
GOLD,bp,bp_medication,707,propranolol 40mg tablets,0,
GOLD,bp,bp_medication,70709,ramipril 10mg tablets (actavis uk ltd),0,
GOLD,bp,bp_medication,70732,Lercanidipine 20mg tablets (Alliance Healthcare (Distribution) Ltd),0,
GOLD,bp,bp_medication,70734,sotalol 40mg tablets (almus pharmaceuticals ltd),0,
GOLD,bp,bp_medication,70754,losartan 50mg / hydrochlorothiazide 12.5mg tablets (ranbaxy (uk) ltd),0,
GOLD,bp,bp_medication,70765,losartan 100mg tablets (almus pharmaceuticals ltd),0,
GOLD,bp,bp_medication,708,Spironolactone 50mg tablets,0,
GOLD,bp,bp_medication,70805,candesartan 8mg tablets (crescent pharma ltd),0,
GOLD,bp,bp_medication,70827,Lercanidipine 10mg tablets (Teva UK Ltd),0,
GOLD,bp,bp_medication,709,Ramipril 2.5mg capsules,0,
GOLD,bp,bp_medication,7091,Bisoprolol 3.75mg tablets,0,
GOLD,bp,bp_medication,70916,perindopril erbumine 8mg tablets (glenmark pharmaceuticals europe ltd),0,
GOLD,bp,bp_medication,70917,perindopril erbumine 2mg tablets (glenmark pharmaceuticals europe ltd),0,
GOLD,bp,bp_medication,70922,losartan 100mg / hydrochlorothiazide 12.5mg tablets (phoenix healthcare distribution ltd),0,
GOLD,bp,bp_medication,70955,irbesartan 300mg/5ml oral suspension (martindale pharmaceuticals ltd),0,
GOLD,bp,bp_medication,70961,Tildiem Retard 90mg tablets (DE Pharmaceuticals),0,
GOLD,bp,bp_medication,70989,Bendroflumethiazide 2.5mg tablets (Genesis Pharmaceuticals Ltd),0,
GOLD,bp,bp_medication,70990,Lacidipine 2mg tablets (A A H Pharmaceuticals Ltd),0,
GOLD,bp,bp_medication,70994,captopril 12.5mg tablets (sandoz ltd),0,
GOLD,bp,bp_medication,70999,Amlodipine 5mg tablets (APC Pharmaceuticals & Chemicals (Europe) Ltd),0,
GOLD,bp,bp_medication,71,Amlodipine besilate 10mg tablets,0,
GOLD,bp,bp_medication,71004,perindopril erbumine 8mg tablets (accord healthcare ltd),0,
GOLD,bp,bp_medication,71010,Spironolactone 25mg tablets (Genesis Pharmaceuticals Ltd),0,
GOLD,bp,bp_medication,71018,Lercanidipine 10mg tablets (Arrow Generics Ltd),0,
GOLD,bp,bp_medication,71019,irbesartan 75mg tablets (dr reddy's laboratories (uk) ltd),0,
GOLD,bp,bp_medication,71025,ramipril 1.25mg tablets (apc pharmaceuticals & chemicals (europe) ltd),0,
GOLD,bp,bp_medication,71026,atenolol 100mg tablets (almus pharmaceuticals ltd),0,
GOLD,bp,bp_medication,71028,valsartan 80mg capsules (arrow generics ltd),0,
GOLD,bp,bp_medication,71030,Lercanidipine 20mg tablets (Arrow Generics Ltd),0,
GOLD,bp,bp_medication,71032,nebivolol 5mg tablets (sandoz ltd),0,
GOLD,bp,bp_medication,71040,ramipril 5mg tablets (pfizer ltd),0,
GOLD,bp,bp_medication,71068,ramipril 2.5mg tablets (apc pharmaceuticals & chemicals (europe) ltd),0,
GOLD,bp,bp_medication,71080,candesartan 4mg tablets (zentiva),0,
GOLD,bp,bp_medication,71096,irbesartan 150mg tablets (dr reddy's laboratories (uk) ltd),0,
GOLD,bp,bp_medication,71098,metoprolol 50mg tablets (accord healthcare ltd),0,
GOLD,bp,bp_medication,71115,zestoretic 10 tablets (waymade healthcare plc),0,
GOLD,bp,bp_medication,71150,propranolol 5mg/5ml oral solution,0,
GOLD,bp,bp_medication,71173,propranolol 80mg modified-release capsules (mawdsley-brooks & company ltd),0,
GOLD,bp,bp_medication,71215,irbesartan 75mg tablets (actavis uk ltd),0,
GOLD,bp,bp_medication,71277,captopril 7.5mg/5ml oral suspension,0,
GOLD,bp,bp_medication,71339,Adalat LA 30 tablets (Dowelhurst Ltd),0,
GOLD,bp,bp_medication,71342,Dilzem XL 240 capsules (Waymade Healthcare Plc),0,
GOLD,bp,bp_medication,71344,Amlodipine 5mg tablets (Waymade Healthcare Plc),0,
GOLD,bp,bp_medication,71353,Amlodipine 5mg tablets (Dowelhurst Ltd),0,
GOLD,bp,bp_medication,71398,Spironolactone 12.5mg/5ml oral solution,0,
GOLD,bp,bp_medication,71405,Cardura XL 4mg tablets (DE Pharmaceuticals),0,
GOLD,bp,bp_medication,71413,Diltiazem 120mg modified-release capsules (A A H Pharmaceuticals Ltd),0,
GOLD,bp,bp_medication,71419,Hytrin 2mg tablets (Waymade Healthcare Plc),0,
GOLD,bp,bp_medication,71472,bisoprolol 5mg tablets (waymade healthcare plc),0,
GOLD,bp,bp_medication,71479,sotalol 40mg tablets (bristol laboratories ltd),0,
GOLD,bp,bp_medication,71491,ramipril 2.5mg capsules (ennogen pharma ltd),0,
GOLD,bp,bp_medication,71562,lisinopril 10mg tablet (niche generics ltd),0,
GOLD,bp,bp_medication,71601,Nifedipine 2.5mg/5ml oral suspension,0,
GOLD,bp,bp_medication,71618,losartan 100mg / hydrochlorothiazide 12.5mg tablets (a a h pharmaceuticals ltd),0,
GOLD,bp,bp_medication,71653,Nidef 60mg modified-release tablets (Morningside Healthcare Ltd),0,
GOLD,bp,bp_medication,71668,enalapril 20mg tablets (almus pharmaceuticals ltd),0,
GOLD,bp,bp_medication,71682,losartan 100mg / hydrochlorothiazide 25mg tablets (mawdsley-brooks & company ltd),0,
GOLD,bp,bp_medication,71702,Diltiazem 60mg/5ml oral solution (Special Order),0,
GOLD,bp,bp_medication,71737,enalapril 2.5mg tablets (almus pharmaceuticals ltd),0,
GOLD,bp,bp_medication,71748,actelsar hct 80mg/25mg tablets (actavis uk ltd),0,
GOLD,bp,bp_medication,71760,Nifedipine 10mg modified-release tablets (Ethigen Ltd),0,
GOLD,bp,bp_medication,71910,losartan 50mg tablets (necessity supplies ltd),0,
GOLD,bp,bp_medication,71939,Amlodipine 10mg tablets (Advanz Pharma),0,
GOLD,bp,bp_medication,71969,Diltiazem 300mg modified-release capsules (Sigma Pharmaceuticals Plc),0,
GOLD,bp,bp_medication,72000,irbesartan 150mg tablets (alliance healthcare (distribution) ltd),0,
GOLD,bp,bp_medication,72017,enalapril 1.25mg/5ml oral solution,0,
GOLD,bp,bp_medication,72038,lisinopril 2.5mg tablets (relonchem ltd),0,
GOLD,bp,bp_medication,72042,Bendroflumethiazide 2.5mg tablets (Alliance Healthcare (Distribution) Ltd),0,
GOLD,bp,bp_medication,72043,atenolol 50mg tablets (waymade healthcare plc),0,
GOLD,bp,bp_medication,72049,Amlodipine 5mg tablets (Mawdsley-Brooks & Company Ltd),0,
GOLD,bp,bp_medication,72083,Bendroflumethiazide 5mg tablets (Waymade Healthcare Plc),0,
GOLD,bp,bp_medication,72086,valsartan 160mg / hydrochlorothiazide 12.5mg tablets (actavis uk ltd),0,
GOLD,bp,bp_medication,72091,Diltiazem 180mg modified-release capsules (DE Pharmaceuticals),0,
GOLD,bp,bp_medication,72159,nadolol 20mg/5ml oral suspension,0,
GOLD,bp,bp_medication,72181,Felodipine 5mg/5ml oral solution,0,
GOLD,bp,bp_medication,72199,Amlodipine 5mg tablets (Milpharm Ltd),0,
GOLD,bp,bp_medication,72215,candesartan 4mg tablets (consilient health ltd),0,
GOLD,bp,bp_medication,72220,propranolol 10mg/5ml oral solution sugar free (cst pharma ltd),0,
GOLD,bp,bp_medication,72221,Felodipine 5mg modified-release tablets (Waymade Healthcare Plc),0,
GOLD,bp,bp_medication,72222,propranolol 80mg modified-release capsules (de pharmaceuticals),0,
GOLD,bp,bp_medication,72253,Nifedipine 30mg modified-release tablets (Sigma Pharmaceuticals Plc),0,
GOLD,bp,bp_medication,72285,bisoprolol 1.25mg tablets (mawdsley-brooks & company ltd),0,
GOLD,bp,bp_medication,72295,perindopril 2mg tablet (neo laboratories ltd),0,
GOLD,bp,bp_medication,72321,Nidef 30mg modified-release tablets (Morningside Healthcare Ltd),0,
GOLD,bp,bp_medication,72336,lisinopril 5mg tablets (waymade healthcare plc),0,
GOLD,bp,bp_medication,72341,ramipril 2.5mg capsules (wockhardt uk ltd),0,
GOLD,bp,bp_medication,72346,Doxazosin 2mg/5ml oral solution,0,
GOLD,bp,bp_medication,72347,sotalol 80mg/5ml oral suspension,0,
GOLD,bp,bp_medication,72348,Doxazosin 1mg/5ml oral solution,0,
GOLD,bp,bp_medication,72430,Amlodipine 10mg/5ml oral solution sugar free (Alliance Healthcare (Distribution) Ltd),0,
GOLD,bp,bp_medication,72488,Diltiazem 300mg modified-release capsules (A A H Pharmaceuticals Ltd),0,
GOLD,bp,bp_medication,72507,carvedilol 25mg tablets (teva uk ltd),0,
GOLD,bp,bp_medication,72514,labetalol 1.5mg/5ml oral solution,0,
GOLD,bp,bp_medication,72540,bisoprolol 10mg/5ml oral suspension,0,
GOLD,bp,bp_medication,72545,acebutolol 200mg capsules (a a h pharmaceuticals ltd),0,
GOLD,bp,bp_medication,726,Prazosin 2mg tablets,0,
GOLD,bp,bp_medication,72644,Terazosin 5mg tablets (A A H Pharmaceuticals Ltd),0,
GOLD,bp,bp_medication,7280,Plendil 10mg modified-release tablets (AstraZeneca UK Ltd),0,
GOLD,bp,bp_medication,72810,Atenolol 10mg/5ml oral solution,0,
GOLD,bp,bp_medication,72839,Diltiazem 300mg modified-release capsules (DE Pharmaceuticals),0,
GOLD,bp,bp_medication,72842,Ramipril 10mg capsules (Wockhardt UK Ltd),0,
GOLD,bp,bp_medication,729,Amlodipine maleate 5mg tablets,0,
GOLD,bp,bp_medication,72914,Bendroflumethiazide 2.5mg Tablet (Celltech Pharma Europe Ltd),0,
GOLD,bp,bp_medication,72924,Candesartan 4mg tablets (Phoenix Healthcare Distribution Ltd),0,
GOLD,bp,bp_medication,72941,Perindopril erbumine 1mg/5ml oral suspension,0,
GOLD,bp,bp_medication,73116,Doxazosin 2mg tablets (Sovereign Medical Ltd),0,
GOLD,bp,bp_medication,7314,accupro 5mg tablets (pfizer ltd),0,
GOLD,bp,bp_medication,73151,Atenolol 50mg tablets (Crescent Pharma Ltd),0,
GOLD,bp,bp_medication,73208,Spironolactone 7mg/5ml oral suspension,0,
GOLD,bp,bp_medication,73219,Nadolol 40mg/5ml oral suspension,0,
GOLD,bp,bp_medication,73337,Co-amilozide 5mg/50mg tablets (Wockhardt UK Ltd),0,
GOLD,bp,bp_medication,7338,Aprovel 75mg tablets (Sanofi),0,
GOLD,bp,bp_medication,73389,Enalapril 2.5mg tablets (DE Pharmaceuticals),0,
GOLD,bp,bp_medication,73413,Pindolol 5mg tablets (A A H Pharmaceuticals Ltd),0,
GOLD,bp,bp_medication,73451,Carvedilol 6.25mg tablets (Almus Pharmaceuticals Ltd),0,
GOLD,bp,bp_medication,73459,Ramipril 2.5mg/5ml oral solution sugar free (A A H Pharmaceuticals Ltd),0,
GOLD,bp,bp_medication,73481,Sotalol 160mg tablets (Teva UK Ltd),0,
GOLD,bp,bp_medication,73484,Tritace 5mg Tablet (Sterwin Medicines),0,
GOLD,bp,bp_medication,7351,Bendroflumethiazide 2.5mg/5ml oral suspension,0,
GOLD,bp,bp_medication,73528,Candesartan 4mg tablets (Milpharm Ltd),0,
GOLD,bp,bp_medication,73612,Amlodipine 5mg/5ml oral solution sugar free (DE Pharmaceuticals),0,
GOLD,bp,bp_medication,73617,Enalapril 1.5mg/5ml oral suspension,0,
GOLD,bp,bp_medication,73637,Doxazosin 1mg tablets (Sterwin Medicines),0,
GOLD,bp,bp_medication,73638,Bisoprolol 5mg tablets (Almus Pharmaceuticals Ltd),0,
GOLD,bp,bp_medication,73641,Bisoprolol 10mg tablets (Almus Pharmaceuticals Ltd),0,
GOLD,bp,bp_medication,73644,Spironolactone 25mg tablets (Dr Reddy's Laboratories (UK) Ltd),0,
GOLD,bp,bp_medication,73646,Nicardipine 20mg capsules (Tillomed Laboratories Ltd),0,
GOLD,bp,bp_medication,73653,Propranolol 80mg tablets (Sun Pharma UK Ltd),0,
GOLD,bp,bp_medication,73659,Captopril 50mg tablets (Kent Pharma (UK) Ltd),0,
GOLD,bp,bp_medication,73672,Lisinopril 10mg tablets (Milpharm Ltd),0,
GOLD,bp,bp_medication,737,Nifedipine 20mg modified-release capsules,0,
GOLD,bp,bp_medication,73715,Felodipine 5mg modified-release tablets (Phoenix Healthcare Distribution Ltd),0,
GOLD,bp,bp_medication,73716,Lisinopril 2.5mg tablets (Crescent Pharma Ltd),0,
GOLD,bp,bp_medication,73765,Propranolol 10mg tablets (Sun Pharma UK Ltd),0,
GOLD,bp,bp_medication,73809,Bisoprolol 1.25mg tablets (Almus Pharmaceuticals Ltd),0,
GOLD,bp,bp_medication,73811,Candesartan 2mg tablets (Sun Pharma UK Ltd),0,
GOLD,bp,bp_medication,73813,Candesartan 4mg tablets (Waymade Healthcare Plc),0,
GOLD,bp,bp_medication,739,Metoprolol 50mg tablets,0,
GOLD,bp,bp_medication,73968,Nicardipine 20mg capsules (Teva UK Ltd),0,
GOLD,bp,bp_medication,7398,Viazem XL 360mg capsules (Thornton & Ross Ltd),0,
GOLD,bp,bp_medication,73992,Adalat LA 60 tablets (Dowelhurst Ltd),0,
GOLD,bp,bp_medication,74000,Cardura XL 4mg tablets (Waymade Healthcare Plc),0,
GOLD,bp,bp_medication,74001,Adalat LA 20mg tablets (Dowelhurst Ltd),0,
GOLD,bp,bp_medication,74004,Plendil 5mg modified-release tablets (Dowelhurst Ltd),0,
GOLD,bp,bp_medication,74008,Zestoretic 20 tablets (Waymade Healthcare Plc),0,
GOLD,bp,bp_medication,74012,Plendil 2.5mg modified-release tablets (Waymade Healthcare Plc),0,
GOLD,bp,bp_medication,74013,Diovan 160mg capsules (DE Pharmaceuticals),0,
GOLD,bp,bp_medication,74015,Slow-Trasicor 160mg tablets (Sigma Pharmaceuticals Plc),0,
GOLD,bp,bp_medication,74017,Moduretic 5mg/50mg tablets (Waymade Healthcare Plc),0,
GOLD,bp,bp_medication,74022,Tildiem LA 200 capsules (Waymade Healthcare Plc),0,
GOLD,bp,bp_medication,74029,Tildiem Retard 90mg tablets (Dowelhurst Ltd),0,
GOLD,bp,bp_medication,74037,Hytrin 5mg tablets (Waymade Healthcare Plc),0,
GOLD,bp,bp_medication,74039,Tenif 50mg/20mg modified-release capsules (Sigma Pharmaceuticals Plc),0,
GOLD,bp,bp_medication,74040,Zestoretic 20 tablets (Lexon (UK) Ltd),0,
GOLD,bp,bp_medication,74053,Dilzem XL 240 capsules (Sigma Pharmaceuticals Plc),0,
GOLD,bp,bp_medication,74055,Valsartan 40mg/5ml oral solution,0,
GOLD,bp,bp_medication,74057,Valsartan 40mg/5ml oral suspension,0,
GOLD,bp,bp_medication,74061,Adalat LA 30 tablets (Waymade Healthcare Plc),0,
GOLD,bp,bp_medication,74062,Celectol 400mg tablets (Sigma Pharmaceuticals Plc),0,
GOLD,bp,bp_medication,74066,Ramipril 10mg tablets (Tillomed Laboratories Ltd),0,
GOLD,bp,bp_medication,74076,Nebivolol 5mg tablets (PLIVA Pharma Ltd),0,
GOLD,bp,bp_medication,74108,Amlodipine 5mg tablets (Sigma Pharmaceuticals Plc),0,
GOLD,bp,bp_medication,74121,Amlodipine 5mg/5ml oral solution sugar free (Thame Laboratories Ltd),0,
GOLD,bp,bp_medication,74154,Spironolactone 2mg/5ml oral suspension,0,
GOLD,bp,bp_medication,74155,Lisinopril 5mg tablets (Milpharm Ltd),0,
GOLD,bp,bp_medication,74172,Indapamide 1.5mg modified-release tablets (Sigma Pharmaceuticals Plc),0,
GOLD,bp,bp_medication,7419,Trandolapril 500microgram capsules,0,
GOLD,bp,bp_medication,74209,Trandolapril 1mg capsules (Accord-UK Ltd),0,
GOLD,bp,bp_medication,74215,Losartan 50mg / Hydrochlorothiazide 12.5mg tablets (DE Pharmaceuticals),0,
GOLD,bp,bp_medication,74237,Enalapril 25mg/5ml oral solution,0,
GOLD,bp,bp_medication,74243,Losartan 50mg tablets (Krka UK Ltd),0,
GOLD,bp,bp_medication,74285,Spironolactone 25mg/5ml oral suspension (Drug Tariff Special Order),0,
GOLD,bp,bp_medication,7429,Tenormin 5mg/10ml solution for injection ampoules (AstraZeneca UK Ltd),0,
GOLD,bp,bp_medication,74330,Nifedipine 20mg modified-release tablets (Ennogen Healthcare Ltd),0,
GOLD,bp,bp_medication,7441,Lasilactone 20mg/50mg capsules (Sanofi),0,
GOLD,bp,bp_medication,74417,Captopril 20mg/5ml oral suspension,0,
GOLD,bp,bp_medication,74567,Doxazosin 8mg tablets,0,
GOLD,bp,bp_medication,74589,Losartan 25mg tablets (Genesis Pharmaceuticals Ltd),0,
GOLD,bp,bp_medication,74618,Ramipril 2.5mg capsules (Mawdsley-Brooks & Company Ltd),0,
GOLD,bp,bp_medication,74619,Carvedilol 12.5mg tablets (Teva UK Ltd),0,
GOLD,bp,bp_medication,74623,Celiprolol 400mg tablets (Viatris UK Healthcare Ltd),0,
GOLD,bp,bp_medication,74627,Captopril 25mg Tablet (C P Pharmaceuticals Ltd),0,
GOLD,bp,bp_medication,74628,Sotalol 80mg tablets (Teva UK Ltd),0,
GOLD,bp,bp_medication,74631,Spironolactone 50mg tablets (Actavis UK Ltd),0,
GOLD,bp,bp_medication,74632,Ramipril 5mg Tablet (Sovereign Medical Ltd),0,
GOLD,bp,bp_medication,74648,Nifedipine 10mg Capsule (C P Pharmaceuticals Ltd),0,
GOLD,bp,bp_medication,74689,Diltiazem 240mg modified-release capsules (Ennogen Pharma Ltd),0,
GOLD,bp,bp_medication,7474,Trasicor 20mg Tablet (Novartis Pharmaceuticals UK Ltd),0,
GOLD,bp,bp_medication,74742,Bisoprolol 625micrograms/5ml oral suspension,0,
GOLD,bp,bp_medication,74795,Amlodipine 10mg tablets (Somex Pharma),0,
GOLD,bp,bp_medication,74820,Amlodipine 10mg tablets (Sigma Pharmaceuticals Plc),0,
GOLD,bp,bp_medication,74821,Amlodipine 5mg tablets (Apotex UK Ltd),0,
GOLD,bp,bp_medication,74829,Sotalol 40mg tablets (Phoenix Healthcare Distribution Ltd),0,
GOLD,bp,bp_medication,74831,Doxazosin 4mg tablets (Sigma Pharmaceuticals Plc),0,
GOLD,bp,bp_medication,74854,Metoprolol 25mg/5ml oral solution,0,
GOLD,bp,bp_medication,74874,Zestoretic 20 tablets (DE Pharmaceuticals),0,
GOLD,bp,bp_medication,749,Amlodipine 5mg tablets,0,
GOLD,bp,bp_medication,74904,Losartan 25mg tablets (DE Pharmaceuticals),0,
GOLD,bp,bp_medication,7491,LABETALOL TAB,0,
GOLD,bp,bp_medication,74915,Diltiazem 120mg modified-release capsules (DE Pharmaceuticals),0,
GOLD,bp,bp_medication,74929,Nadolol Oral solution,0,
GOLD,bp,bp_medication,74930,Nadolol 30mg/5ml oral suspension (Drug Tariff Special Order),0,
GOLD,bp,bp_medication,74942,Chlortalidone 50mg/5ml oral suspension,0,
GOLD,bp,bp_medication,75010,Metoprolol tartrate 50mg Tablet (C P Pharmaceuticals Ltd),0,
GOLD,bp,bp_medication,75021,Perindopril erbumine 4mg tablets (Sun Pharma UK Ltd),0,
GOLD,bp,bp_medication,75024,Perindopril erbumine 4mg tablets (Phoenix Healthcare Distribution Ltd),0,
GOLD,bp,bp_medication,75060,Sotalol oral solution,0,
GOLD,bp,bp_medication,75069,Co-amilozide 2.5mg/25mg tablets (Mawdsley-Brooks & Company Ltd),0,
GOLD,bp,bp_medication,751,Nebivolol 5mg tablets,0,
GOLD,bp,bp_medication,75109,Nifedipine 10mg Modified-release tablet (Berk Pharmaceuticals Ltd),0,
GOLD,bp,bp_medication,75179,Labetalol 200mg tablets (Viatris UK Healthcare Ltd),0,
GOLD,bp,bp_medication,75260,Zaroxolyn 2.5mg tablets (Imported (Canada)),0,
GOLD,bp,bp_medication,75278,Propranolol 5mg/5ml oral suspension,0,
GOLD,bp,bp_medication,7528,Nebilet 5mg tablets (A. Menarini Farmaceutica Internazionale SRL),0,
GOLD,bp,bp_medication,75289,Propranolol 5mg/5ml oral solution sugar free (Rosemont Pharmaceuticals Ltd),0,
GOLD,bp,bp_medication,753,Metoprolol 100mg tablets,0,
GOLD,bp,bp_medication,75345,Felodipine 2.5mg/5ml oral suspension,0,
GOLD,bp,bp_medication,75383,Chlortalidone 25mg tablets,0,
GOLD,bp,bp_medication,75387,Amlodipine 5mg tablets (Arrow Generics Ltd),0,
GOLD,bp,bp_medication,75407,Candesartan 32mg tablets (Sandoz Ltd),0,
GOLD,bp,bp_medication,75409,Valsartan 80mg capsules (Teva UK Ltd),0,
GOLD,bp,bp_medication,7541,Nifopress Retard 20mg tablets (AMCo),0,
GOLD,bp,bp_medication,75410,Ramipril 2.5mg capsules (Brown & Burk UK Ltd),0,
GOLD,bp,bp_medication,75413,Spironolactone 8mg/5ml oral solution (Special Order),0,
GOLD,bp,bp_medication,75418,Candesartan 16mg tablets (Viatris UK Healthcare Ltd),0,
GOLD,bp,bp_medication,7543,Kalten capsules (M & A Pharmachem Ltd),0,
GOLD,bp,bp_medication,75463,Bisoprolol 625micrograms/5ml oral solution,0,
GOLD,bp,bp_medication,7547,Doxadura 2mg tablets (Dexcel-Pharma Ltd),0,
GOLD,bp,bp_medication,75488,Spironolactone 250mg/5ml oral suspension,0,
GOLD,bp,bp_medication,7549,Doxadura 1mg tablets (Dexcel-Pharma Ltd),0,
GOLD,bp,bp_medication,755,Cardura XL 4mg tablets (Viatris UK Healthcare Ltd),0,
GOLD,bp,bp_medication,75507,Propranolol 160mg Capsule (IVAX Pharmaceuticals UK Ltd),0,
GOLD,bp,bp_medication,7553,Bisoprolol 5mg/5ml oral suspension,0,
GOLD,bp,bp_medication,75593,Spironolactone 10mg/5ml Oral solution sugar free (Rosemont Pharmaceuticals Ltd),0,
GOLD,bp,bp_medication,756,Ramipril 10mg tablets,0,
GOLD,bp,bp_medication,75609,Amlodipine 5mg/5ml oral solution (Special Order),0,
GOLD,bp,bp_medication,7562,Cardene 30mg capsules (Astellas Pharma Ltd),0,
GOLD,bp,bp_medication,7582,Lasikal modified-release tablets (Borg Medicare),0,
GOLD,bp,bp_medication,75821,Sotalol 40mg tablets (Alliance Healthcare (Distribution) Ltd),0,
GOLD,bp,bp_medication,75847,Perindopril erbumine 8mg/5ml oral solution,0,
GOLD,bp,bp_medication,76070,Candesartan 8mg tablets (Almus Pharmaceuticals Ltd),0,
GOLD,bp,bp_medication,761,Ramipril 1.25mg tablets,0,
GOLD,bp,bp_medication,76100,Lisinopril 5mg tablets (Kent Pharma (UK) Ltd),0,
GOLD,bp,bp_medication,76119,Azilsartan medoxomil 20mg tablets,0,
GOLD,bp,bp_medication,76121,Edarbi 40mg tablets (Takeda UK Ltd),0,
GOLD,bp,bp_medication,76128,Lisinopril 20mg tablets (Lupin Healthcare (UK) Ltd),0,
GOLD,bp,bp_medication,76149,Doxazosin 5mg/5ml oral suspension,0,
GOLD,bp,bp_medication,76165,Amiloride 5mg tablets (Accord-UK Ltd),0,
GOLD,bp,bp_medication,7618,Xipamide 20mg tablets,0,
GOLD,bp,bp_medication,76180,Metoprolol 5mg/5ml oral solution,0,
GOLD,bp,bp_medication,76195,Spironolactone 5mg/5ml Oral suspension sugar free (Rosemont Pharmaceuticals Ltd),0,
GOLD,bp,bp_medication,7620,Acebutolol 400mg tablets,0,
GOLD,bp,bp_medication,76202,Irbesartan 150mg/5ml oral suspension,0,
GOLD,bp,bp_medication,76209,Candesartan 8mg tablets (Viatris UK Healthcare Ltd),0,
GOLD,bp,bp_medication,76252,Propranolol 160mg modified-release capsules (Teva UK Ltd),0,
GOLD,bp,bp_medication,76299,Bisoprolol 10mg tablets (Kent Pharma (UK) Ltd),0,
GOLD,bp,bp_medication,76321,Spironolactone 100mg tablets (Genesis Pharmaceuticals Ltd),0,
GOLD,bp,bp_medication,76322,Bisoprolol 10mg tablets (Almus Pharmaceuticals Ltd),0,
GOLD,bp,bp_medication,76383,Terazosin 10mg tablets (Teva UK Ltd),0,
GOLD,bp,bp_medication,764,Co-Diovan 80mg/12.5mg tablets (Novartis Pharmaceuticals UK Ltd),0,
GOLD,bp,bp_medication,7641,Natrilix 2.5mg tablets (Servier Laboratories Ltd),0,
GOLD,bp,bp_medication,76433,Captopril 1.5mg capsules,0,
GOLD,bp,bp_medication,76440,Beta-Adalat modified-release capsules (Dowelhurst Ltd),0,
GOLD,bp,bp_medication,76483,Bisoprolol 1.25mg tablets (Sigma Pharmaceuticals Plc),0,
GOLD,bp,bp_medication,76484,Nebivolol 5mg tablets (Sigma Pharmaceuticals Plc),0,
GOLD,bp,bp_medication,76486,Enalapril 2.5mg tablets (Viatris UK Healthcare Ltd),0,
GOLD,bp,bp_medication,76488,Nifedipine 5mg capsules (Strides Pharma UK Ltd),0,
GOLD,bp,bp_medication,76531,Metoprolol 10mg/5ml oral suspension,0,
GOLD,bp,bp_medication,76539,Nifedipin-ratiopharm 20mg/ml oral drops (Imported (Germany)),0,
GOLD,bp,bp_medication,76548,Ramipril 1.25mg capsules (Phoenix Healthcare Distribution Ltd),0,
GOLD,bp,bp_medication,76567,Ramipril 1.25mg tablets (Sigma Pharmaceuticals Plc),0,
GOLD,bp,bp_medication,76593,Atenolol 25mg/5ml oral solution sugar free (DE Pharmaceuticals),0,
GOLD,bp,bp_medication,76619,Enalapril 20mg tablets (Dexcel-Pharma Ltd),0,
GOLD,bp,bp_medication,76633,Propranolol 10mg tablets (DE Pharmaceuticals),0,
GOLD,bp,bp_medication,76672,Lercanidipine 20mg tablets (Sigma Pharmaceuticals Plc),0,
GOLD,bp,bp_medication,76714,Amlodipine 10mg/5ml oral solution sugar free (Thame Laboratories Ltd),0,
GOLD,bp,bp_medication,76784,Ramipril 5mg capsules (Wockhardt UK Ltd),0,
GOLD,bp,bp_medication,76797,Ifirmasta 75mg tablets (Krka UK Ltd),0,
GOLD,bp,bp_medication,7681,Synadrin 60mg Tablet (Hoechst UK Ltd),0,
GOLD,bp,bp_medication,76840,Actelsar HCT 40mg/12.5mg tablets (Actavis UK Ltd),0,
GOLD,bp,bp_medication,769,propranolol 80mg modified-release capsules,0,
GOLD,bp,bp_medication,76920,Enalapril 20mg / Hydrochlorothiazide 12.5mg tablets (Tillomed Laboratories Ltd),0,
GOLD,bp,bp_medication,7698,Aprinox 5mg tablets (Amdipharm Plc),0,
GOLD,bp,bp_medication,77002,Corgard 80mg tablets (Lexon (UK) Ltd),0,
GOLD,bp,bp_medication,77046,Captopril 3mg oral powder sachets,0,
GOLD,bp,bp_medication,77077,Diltiazem 10mg/5ml oral solution,0,
GOLD,bp,bp_medication,77090,Anoheal 2% cream (S.L.A. Pharma (UK) Ltd),0,
GOLD,bp,bp_medication,77116,Quinapril 5mg tablets (Alliance Healthcare (Distribution) Ltd),0,
GOLD,bp,bp_medication,77128,Candesartan 16mg tablets (Actavis UK Ltd),0,
GOLD,bp,bp_medication,77129,Ramipril 10mg capsules (Ennogen Pharma Ltd),0,
GOLD,bp,bp_medication,77134,Adalat 10mg capsules (Lexon (UK) Ltd),0,
GOLD,bp,bp_medication,77196,Losartan 25mg tablets (Kent Pharma (UK) Ltd),0,
GOLD,bp,bp_medication,77198,Atenolol 100mg tablets (Phoenix Healthcare Distribution Ltd),0,
GOLD,bp,bp_medication,77219,Bisoprolol 7.5mg tablets (Waymade Healthcare Plc),0,
GOLD,bp,bp_medication,77271,Enalapril 20mg Tablet (Neo Laboratories Ltd),0,
GOLD,bp,bp_medication,77282,Metoprolol 190mg Modified-release tablet,0,
GOLD,bp,bp_medication,77315,Enalapril 2.5mg/5ml oral solution,0,
GOLD,bp,bp_medication,77316,Enalapril 4mg/5ml oral solution,0,
GOLD,bp,bp_medication,7734,Diumide-K Continus tablets (Teofarma),0,
GOLD,bp,bp_medication,77345,Innovace 10mg tablets (Dowelhurst Ltd),0,
GOLD,bp,bp_medication,77350,Aprovel 150mg tablets (Dowelhurst Ltd),0,
GOLD,bp,bp_medication,77361,Capoten 25mg tablets (Waymade Healthcare Plc),0,
GOLD,bp,bp_medication,77362,Cardura 2mg tablets (Sigma Pharmaceuticals Plc),0,
GOLD,bp,bp_medication,77363,Zanidip 10mg tablets (Dowelhurst Ltd),0,
GOLD,bp,bp_medication,77364,Capoten 25mg tablets (Stephar (U.K.) Ltd),0,
GOLD,bp,bp_medication,77378,Zestril 10mg tablets (Dowelhurst Ltd),0,
GOLD,bp,bp_medication,77387,Viskaldix tablets (Waymade Healthcare Plc),0,
GOLD,bp,bp_medication,77400,Capoten 25mg tablets (Mawdsley-Brooks & Company Ltd),0,
GOLD,bp,bp_medication,77401,Zestril 2.5mg tablets (Waymade Healthcare Plc),0,
GOLD,bp,bp_medication,77402,Zestril 5mg tablets (Dowelhurst Ltd),0,
GOLD,bp,bp_medication,77407,Zestril 5mg tablets (Waymade Healthcare Plc),0,
GOLD,bp,bp_medication,77408,Cozaar 50mg tablets (Waymade Healthcare Plc),0,
GOLD,bp,bp_medication,77410,Capoten 50mg tablets (Dowelhurst Ltd),0,
GOLD,bp,bp_medication,77414,Tenoretic 100mg/25mg tablets (Dowelhurst Ltd),0,
GOLD,bp,bp_medication,77415,Capoten 50mg tablets (Waymade Healthcare Plc),0,
GOLD,bp,bp_medication,77416,Istin 10mg tablets (Dowelhurst Ltd),0,
GOLD,bp,bp_medication,77418,Adalat retard 20mg tablets (Waymade Healthcare Plc),0,
GOLD,bp,bp_medication,77435,Sectral 400mg tablets (Mawdsley-Brooks & Company Ltd),0,
GOLD,bp,bp_medication,77436,Cardura XL 4mg tablets (Mawdsley-Brooks & Company Ltd),0,
GOLD,bp,bp_medication,77442,Tildiem 60mg modified-release tablets (Dowelhurst Ltd),0,
GOLD,bp,bp_medication,77443,Aprovel 300mg tablets (Mawdsley-Brooks & Company Ltd),0,
GOLD,bp,bp_medication,77445,Slow-Trasicor 160mg tablets (DE Pharmaceuticals),0,
GOLD,bp,bp_medication,77446,Istin 10mg tablets (Waymade Healthcare Plc),0,
GOLD,bp,bp_medication,77447,Adalat 10mg capsules (Necessity Supplies Ltd),0,
GOLD,bp,bp_medication,77449,Natrilix SR 1.5mg tablets (Waymade Healthcare Plc),0,
GOLD,bp,bp_medication,77450,Motens 2mg tablets (Lexon (UK) Ltd),0,
GOLD,bp,bp_medication,77457,Capozide 25mg/50mg tablets (Dowelhurst Ltd),0,
GOLD,bp,bp_medication,77461,Slow-Trasicor 160mg tablets (Waymade Healthcare Plc),0,
GOLD,bp,bp_medication,77466,Co-tenidone 50mg/12.5mg tablets (Kent Pharma (UK) Ltd),0,
GOLD,bp,bp_medication,77486,Ramipril 2.5mg tablets (Alliance Healthcare (Distribution) Ltd),0,
GOLD,bp,bp_medication,77555,Adalat LA 30 tablets (Sigma Pharmaceuticals Plc),0,
GOLD,bp,bp_medication,77597,Captopril 50mg/5ml oral suspension,0,
GOLD,bp,bp_medication,77604,Spironolactone 7.5mg/5ml oral suspension,0,
GOLD,bp,bp_medication,77610,Spironolactone 6.25mg/5ml oral suspension,0,
GOLD,bp,bp_medication,77613,Atenolol 25mg/5ml oral suspension,0,
GOLD,bp,bp_medication,77615,Ramipril 1.25mg/5ml oral solution,0,
GOLD,bp,bp_medication,77641,CoAprovel 300mg/12.5mg tablets (Mawdsley-Brooks & Company Ltd),0,
GOLD,bp,bp_medication,77648,Carvedilol 12.5mg tablets (Almus Pharmaceuticals Ltd),0,
GOLD,bp,bp_medication,77665,Perindopril erbumine 8mg tablets (Somex Pharma),0,
GOLD,bp,bp_medication,77681,Bendroflumethiazide 5mg tablets (Viatris UK Healthcare Ltd),0,
GOLD,bp,bp_medication,77690,Enalapril 10mg tablets (IVAX Pharmaceuticals UK Ltd),0,
GOLD,bp,bp_medication,77831,Enalapril 500micrograms/5ml oral solution,0,
GOLD,bp,bp_medication,77945,Nadolol 20mg/5ml oral solution,0,
GOLD,bp,bp_medication,77947,Diltiazem 120mg/5ml oral solution,0,
GOLD,bp,bp_medication,77958,Labetalol 50mg/5ml oral suspension,0,
GOLD,bp,bp_medication,77962,Adalat LA 20mg tablets (Lexon (UK) Ltd),0,
GOLD,bp,bp_medication,78,Lisinopril 5mg tablets,0,
GOLD,bp,bp_medication,78012,Ifirmasta 150mg tablets (Krka UK Ltd),0,
GOLD,bp,bp_medication,78098,Bisoprolol 2.5mg tablets (Sigma Pharmaceuticals Plc),0,
GOLD,bp,bp_medication,78158,Labetalol 100mg Tablet (IVAX Pharmaceuticals UK Ltd),0,
GOLD,bp,bp_medication,78160,Labetalol 100mg Tablet (Approved Prescription Services Ltd),0,
GOLD,bp,bp_medication,78169,Ramipril 10mg tablets (IVAX Pharmaceuticals UK Ltd),0,
GOLD,bp,bp_medication,78173,Carvedilol 12.5mg tablets (IVAX Pharmaceuticals UK Ltd),0,
GOLD,bp,bp_medication,78177,Lercanidipine 10mg tablets (Recordati Pharmaceuticals Ltd),0,
GOLD,bp,bp_medication,78220,Bendroflumethiazide 5mg tablets (Sovereign Medical Ltd),0,
GOLD,bp,bp_medication,7823,NIFEDIPINE TAB 5 mg,0,
GOLD,bp,bp_medication,78245,Ramipril 2.5mg capsules (DE Pharmaceuticals),0,
GOLD,bp,bp_medication,78247,Doxazosin 2mg tablets (Milpharm Ltd),0,
GOLD,bp,bp_medication,78252,Lisinopril 20mg/5ml oral suspension,0,
GOLD,bp,bp_medication,78262,Lisinopril 10mg / Hydrochlorothiazide 12.5mg tablets (Waymade Healthcare Plc),0,
GOLD,bp,bp_medication,78294,Bisoprolol 2.5mg tablets (Kent Pharma (UK) Ltd),0,
GOLD,bp,bp_medication,78296,Valsartan 160mg capsules (Sigma Pharmaceuticals Plc),0,
GOLD,bp,bp_medication,78341,Spironolactone 25mg tablets (NorthStar Healthcare Unlimited Company),0,
GOLD,bp,bp_medication,78356,Spironolactone 2mg/5ml oral solution,0,
GOLD,bp,bp_medication,78358,Irbesartan 75mg tablets (DE Pharmaceuticals),0,
GOLD,bp,bp_medication,78374,Bendroflumethiazide 1.25mg with Potassium 573mg modified-release tablets,0,
GOLD,bp,bp_medication,78432,Adalat ic 200microgram/2ml Injection (Bayer Plc),0,
GOLD,bp,bp_medication,78441,Co-amilozide 5mg/50mg/5ml oral solution,0,
GOLD,bp,bp_medication,78464,Amlodipine 2mg/5ml oral suspension,0,
GOLD,bp,bp_medication,78488,Bendroflumethiazide 5mg/5ml oral suspension,0,
GOLD,bp,bp_medication,7852,Blocadren 10mg Tablet (Merck Sharp & Dohme Ltd),0,
GOLD,bp,bp_medication,78524,Lisinopril 10mg tablets (Tillomed Laboratories Ltd),0,
GOLD,bp,bp_medication,7853,timolol 10mg tablets,0,
GOLD,bp,bp_medication,78597,Diltiazem 5% cream (Special Order),0,
GOLD,bp,bp_medication,786,sotalol 40mg tablets,0,
GOLD,bp,bp_medication,78627,Doxazosin 1mg tablets (Phoenix Healthcare Distribution Ltd),0,
GOLD,bp,bp_medication,78671,Edarbi 80mg tablets (Takeda UK Ltd),0,
GOLD,bp,bp_medication,787,Spironolactone 100mg capsule,0,
GOLD,bp,bp_medication,78737,Eprosartan 300mg/5ml oral solution,0,
GOLD,bp,bp_medication,78785,Tritace 2.5mg Tablet (Sterwin Medicines),0,
GOLD,bp,bp_medication,78797,Nadolol 30mg/5ml oral solution,0,
GOLD,bp,bp_medication,78808,Lisinopril 5mg tablets (Sun Pharma UK Ltd),0,
GOLD,bp,bp_medication,78887,Enalapril 20mg / Hydrochlorothiazide 12.5mg tablets (A A H Pharmaceuticals Ltd),0,
GOLD,bp,bp_medication,78906,Atenolol 25mg/5ml oral solution sugar free (Sigma Pharmaceuticals Plc),0,
GOLD,bp,bp_medication,78925,Amlodipine 1.5mg/5ml oral solution,0,
GOLD,bp,bp_medication,79005,Perindopril erbumine 4mg tablets (Waymade Healthcare Plc),0,
GOLD,bp,bp_medication,79006,Perindopril erbumine 4mg tablets (Somex Pharma),0,
GOLD,bp,bp_medication,79012,Pindolol 5mg tablets (Viatris UK Healthcare Ltd),0,
GOLD,bp,bp_medication,79030,Propranolol 80mg tablets (Actavis UK Ltd),0,
GOLD,bp,bp_medication,79047,Nifedipine extra 30mg Modified-release tablet,0,
GOLD,bp,bp_medication,79078,Ramipril 10mg tablets (Niche Generics Ltd),0,
GOLD,bp,bp_medication,79115,Propranolol 10mg/5ml oral solution,0,
GOLD,bp,bp_medication,79116,Diltiazem 180mg modified-release capsules (J M McGill Ltd),0,
GOLD,bp,bp_medication,79128,Spironolactone 35mg/5ml oral suspension,0,
GOLD,bp,bp_medication,79171,Amlodipine 10mg/5ml oral solution sugar free (DE Pharmaceuticals),0,
GOLD,bp,bp_medication,79206,Lisinopril 2.5mg tablets (Phoenix Healthcare Distribution Ltd),0,
GOLD,bp,bp_medication,79241,Irbesartan 150mg tablets (Viatris UK Healthcare Ltd),0,
GOLD,bp,bp_medication,793,Adizem xl 240mg Capsule (Napp Pharmaceuticals Ltd),0,
GOLD,bp,bp_medication,79322,Cozaar 50mg tablets (DE Pharmaceuticals),0,
GOLD,bp,bp_medication,79334,Captopril 500micrograms/5ml oral solution,0,
GOLD,bp,bp_medication,79347,Atenolol 50mg Tablet (Celltech Pharma Europe Ltd),0,
GOLD,bp,bp_medication,79349,Atenolol 100mg Tablet (Celltech Pharma Europe Ltd),0,
GOLD,bp,bp_medication,79361,Lisinopril 2.5mg Tablet (Niche Generics Ltd),0,
GOLD,bp,bp_medication,79377,Oxprenolol 80mg Tablet (Actavis UK Ltd),0,
GOLD,bp,bp_medication,79380,Ramipril 1.25mg Capsule (Sovereign Medical Ltd),0,
GOLD,bp,bp_medication,79406,Quinapril 10mg tablets (Actavis UK Ltd),0,
GOLD,bp,bp_medication,79428,Candesartan 4mg tablets (Sun Pharma UK Ltd),0,
GOLD,bp,bp_medication,79467,Candesartan 2mg tablets (DE Pharmaceuticals),0,
GOLD,bp,bp_medication,79484,Ramipril 1.25mg capsules (Sigma Pharmaceuticals Plc),0,
GOLD,bp,bp_medication,79485,Perindopril erbumine 8mg tablets (Kent Pharma (UK) Ltd),0,
GOLD,bp,bp_medication,7952,Aldactone 100mg tablets (Pfizer Ltd),0,
GOLD,bp,bp_medication,79531,Perindopril tosilate 5mg tablets (Teva UK Ltd),0,
GOLD,bp,bp_medication,79546,Amlodipine 10mg/5ml oral solution sugar free (Rosemont Pharmaceuticals Ltd),0,
GOLD,bp,bp_medication,79559,Hytrin 1mg tablets (Advanz Pharma),0,
GOLD,bp,bp_medication,79574,Diltiazem 60mg modified-release tablets (Crescent Pharma Ltd),0,
GOLD,bp,bp_medication,7961,Spironolactone 50mg with hydroflumethiazide 50mg tablet,0,
GOLD,bp,bp_medication,79622,Propranolol 40mg tablets (DE Pharmaceuticals),0,
GOLD,bp,bp_medication,79699,Amlodipine 1.5mg/5ml oral suspension,0,
GOLD,bp,bp_medication,79723,Losartan 20mg/5ml oral suspension,0,
GOLD,bp,bp_medication,7974,Celiprolol 400mg tablets,0,
GOLD,bp,bp_medication,79828,Perindopril 4mg Tablet (Servier Laboratories Ltd),0,
GOLD,bp,bp_medication,79849,Ramipril 1.25mg capsules (Wockhardt UK Ltd),0,
GOLD,bp,bp_medication,7991,Spiroctan 100mg Capsule (Roche Products Ltd),0,
GOLD,bp,bp_medication,80,Ramipril 5mg capsules,0,
GOLD,bp,bp_medication,80051,Enalapril 25mg/5ml oral suspension,0,
GOLD,bp,bp_medication,80104,Doxazosin 8mg tablets (A A H Pharmaceuticals Ltd),0,
GOLD,bp,bp_medication,80159,Nebivolol 2.5mg tablets (Advanz Pharma),0,
GOLD,bp,bp_medication,80163,Candesartan 8mg/5ml oral suspension,0,
GOLD,bp,bp_medication,80208,Coversyl Arginine 10mg tablets (DE Pharmaceuticals),0,
GOLD,bp,bp_medication,8023,Sectral 400mg tablets (Sanofi),0,
GOLD,bp,bp_medication,8024,DILTIAZEM HCl XL 300 MG CAP,0,
GOLD,bp,bp_medication,80244,Propranolol 40mg/5ml oral solution sugar free (Ennogen Healthcare Ltd),0,
GOLD,bp,bp_medication,80246,Candesartan 4mg tablets (Crescent Pharma Ltd),0,
GOLD,bp,bp_medication,8025,Gopten 1mg capsules (Abbott Laboratories Ltd),0,
GOLD,bp,bp_medication,8026,Gopten 2mg capsules (Abbott Laboratories Ltd),0,
GOLD,bp,bp_medication,80265,Bisoprolol 3.75mg tablets (Almus Pharmaceuticals Ltd),0,
GOLD,bp,bp_medication,80269,Carvedilol 25mg tablets (Bristol Laboratories Ltd),0,
GOLD,bp,bp_medication,80270,Atenolol 100mg tablets (Crescent Pharma Ltd),0,
GOLD,bp,bp_medication,80447,Metoprolol 100mg/5ml oral solution,0,
GOLD,bp,bp_medication,80448,Eprosartan 600mg tablets (Viatris UK Healthcare Ltd),0,
GOLD,bp,bp_medication,80451,Ramipril 1.25mg capsules (Ennogen Pharma Ltd),0,
GOLD,bp,bp_medication,80458,Sotalol 160mg tablets (A A H Pharmaceuticals Ltd),0,
GOLD,bp,bp_medication,80498,Enalapril oral liquid,0,
GOLD,bp,bp_medication,80520,Ramipril 1.25mg capsules (Brown & Burk UK Ltd),0,
GOLD,bp,bp_medication,80522,Lisinopril 5mg/5ml oral solution sugar free (Alliance Healthcare (Distribution) Ltd),0,
GOLD,bp,bp_medication,80587,Diltiazem 90mg/5ml oral suspension,0,
GOLD,bp,bp_medication,80588,Diltiazem 100mg/5ml oral solution,0,
GOLD,bp,bp_medication,8061,Sotalol 80mg with hydrochlorothiazide 12.5mg tablet,0,
GOLD,bp,bp_medication,80673,Lacidipine 6mg tablets,0,
GOLD,bp,bp_medication,8068,Metoprolol 200mg modified-release tablets,0,
GOLD,bp,bp_medication,8071,Betaloc 50mg tablets (AstraZeneca UK Ltd),0,
GOLD,bp,bp_medication,80738,Losartan 25mg/5ml oral solution,0,
GOLD,bp,bp_medication,8077,Hytrin 2mg Tablet (Abbott Laboratories Ltd),0,
GOLD,bp,bp_medication,80786,Amlodipine 5mg tablets (Drugsrus Ltd),0,
GOLD,bp,bp_medication,80833,Irbesartan 300mg tablets (Zentiva Pharma UK Ltd),0,
GOLD,bp,bp_medication,80838,Amlodipine 10mg tablets (Milpharm Ltd),0,
GOLD,bp,bp_medication,80841,Irbesartan 150mg tablets (Accord-UK Ltd),0,
GOLD,bp,bp_medication,80853,Perindopril erbumine 2mg tablets (Tillomed Laboratories Ltd),0,
GOLD,bp,bp_medication,80858,Candesartan 4mg/5ml oral solution,0,
GOLD,bp,bp_medication,8086,Cardura 4mg Tablet (Pfizer Ltd),0,
GOLD,bp,bp_medication,80876,Propranolol 80mg tablets (Alliance Healthcare (Distribution) Ltd),0,
GOLD,bp,bp_medication,80958,Propranolol 80mg Tablet (Celltech Pharma Europe Ltd),0,
GOLD,bp,bp_medication,80995,Olmesartan medoxomil 10mg tablets (Milpharm Ltd),0,
GOLD,bp,bp_medication,8102,Furosemide 40mg / Potassium chloride 600mg (potassium 8mmol) modified-release tablets,0,
GOLD,bp,bp_medication,81042,Propranolol 40mg/5ml oral solution sugar free (Thame Laboratories Ltd),0,
GOLD,bp,bp_medication,81047,Candesartan 16mg/5ml oral solution,0,
GOLD,bp,bp_medication,81049,Perindopril erbumine 2mg/5ml oral suspension,0,
GOLD,bp,bp_medication,8105,innovace 20mg tablets (merck sharp & dohme ltd),0,
GOLD,bp,bp_medication,8106,innovace 2.5mg tablets (merck sharp & dohme ltd),0,
GOLD,bp,bp_medication,8113,Acebutolol 200mg capsules,0,
GOLD,bp,bp_medication,81148,Lisinopril 10mg tablets (Mawdsley-Brooks & Company Ltd),0,
GOLD,bp,bp_medication,81164,Kentipine MR 10 tablets (Kent Pharma (UK) Ltd),0,
GOLD,bp,bp_medication,81175,Ecopace 50mg tablets (Advanz Pharma),0,
GOLD,bp,bp_medication,81207,Tildiem Retard 90mg tablets (Mawdsley-Brooks & Company Ltd),0,
GOLD,bp,bp_medication,81238,Candesartan 32mg tablets (A A H Pharmaceuticals Ltd),0,
GOLD,bp,bp_medication,81241,Adalat LA 30 tablets (Pilsco Ltd),0,
GOLD,bp,bp_medication,81247,Losartan 100mg tablets (Milpharm Ltd),0,
GOLD,bp,bp_medication,81319,Bendroflumethiazide 2.5mg tablets (Crescent Pharma Ltd),0,
GOLD,bp,bp_medication,81326,Lorvacs XL 1.5mg tablets (Torrent Pharma (UK) Ltd),0,
GOLD,bp,bp_medication,81340,Candesartan 32mg tablets (DE Pharmaceuticals),0,
GOLD,bp,bp_medication,81406,Atenolol 25mg tablets (Phoenix Healthcare Distribution Ltd),0,
GOLD,bp,bp_medication,81449,Enalapril 1mg/5ml oral solution,0,
GOLD,bp,bp_medication,8147,Lopresoretic Tablet (Novartis Pharmaceuticals UK Ltd),0,
GOLD,bp,bp_medication,81557,Carvedilol 3.125mg tablets (Milpharm Ltd),0,
GOLD,bp,bp_medication,81590,Co-zidocapt 25mg/50mg tablets (Tillomed Laboratories Ltd),0,
GOLD,bp,bp_medication,81595,Propranolol 16mg/5ml oral suspension,0,
GOLD,bp,bp_medication,81601,Losartan 50mg tablets (Sigma Pharmaceuticals Plc),0,
GOLD,bp,bp_medication,81603,Losartan 25mg tablets (Krka UK Ltd),0,
GOLD,bp,bp_medication,81607,Labetalol 200mg Tablet (Approved Prescription Services Ltd),0,
GOLD,bp,bp_medication,81619,Prazosin 2mg tablets (IVAX Pharmaceuticals UK Ltd),0,
GOLD,bp,bp_medication,81627,Diltiazem 120mg modified-release capsules (Ennogen Healthcare Ltd),0,
GOLD,bp,bp_medication,81632,Prazosin 2mg tablets (A A H Pharmaceuticals Ltd),0,
GOLD,bp,bp_medication,81641,Bendroflumethiazide 2.5mg tablets (Phoenix Healthcare Distribution Ltd),0,
GOLD,bp,bp_medication,81659,Diltiazem 180mg modified-release capsules (Ennogen Healthcare Ltd),0,
GOLD,bp,bp_medication,81668,Bendroflumethiazide 2.5mg tablets (Sigma Pharmaceuticals Plc),0,
GOLD,bp,bp_medication,817,Carvedilol 3.125mg tablets,0,
GOLD,bp,bp_medication,8172,Acebutolol 100mg capsules,0,
GOLD,bp,bp_medication,81732,Nebivolol 1.25mg tablets,0,
GOLD,bp,bp_medication,81768,Losartan 50mg tablets (Brown & Burk UK Ltd),0,
GOLD,bp,bp_medication,81772,Losartan 100mg / Hydrochlorothiazide 25mg tablets (Alliance Healthcare (Distribution) Ltd),0,
GOLD,bp,bp_medication,81825,Ramipril 2.5mg tablets (Viatris UK Healthcare Ltd),0,
GOLD,bp,bp_medication,81877,Zestril 20mg tablets (CST Pharma Ltd),0,
GOLD,bp,bp_medication,81887,Bisoprolol 2.5mg tablets (Milpharm Ltd),0,
GOLD,bp,bp_medication,8189,Secadrex 200mg/12.5mg tablets (Sanofi),0,
GOLD,bp,bp_medication,81924,Amlodipine 2.5mg tablets (Bristol Laboratories Ltd),0,
GOLD,bp,bp_medication,81936,Enalapril 20mg/5ml oral suspension,0,
GOLD,bp,bp_medication,81979,Amlodipine 10mg tablets (Drugsrus Ltd),0,
GOLD,bp,bp_medication,8198,Hypovase 5mg Tablet (Pfizer Ltd),0,
GOLD,bp,bp_medication,81985,Carvedilol 6.25mg tablets (A A H Pharmaceuticals Ltd),0,
GOLD,bp,bp_medication,82,Ramipril 10mg capsules,0,
GOLD,bp,bp_medication,8201,Nicardipine 30mg capsules,0,
GOLD,bp,bp_medication,82033,Trandolapril 4mg capsules (Viatris UK Healthcare Ltd),0,
GOLD,bp,bp_medication,82036,Lisinopril 10mg / Hydrochlorothiazide 12.5mg tablets (A A H Pharmaceuticals Ltd),0,
GOLD,bp,bp_medication,82117,Doxazosin 4mg tablets (Ennogen Pharma Ltd),0,
GOLD,bp,bp_medication,8213,Nifedipine 24 20mg Modified-release tablet,0,
GOLD,bp,bp_medication,822,Bisoprolol 1.5mg/5ml oral suspension,0,
GOLD,bp,bp_medication,82267,Amlodipine 50mg/5ml oral solution,0,
GOLD,bp,bp_medication,82271,Losartan 12.5mg/5ml oral suspension,0,
GOLD,bp,bp_medication,82275,Angiopine 20mg Capsule (Ashbourne Pharmaceuticals Ltd),0,
GOLD,bp,bp_medication,82305,Carvedilol 6.25mg tablets (DE Pharmaceuticals),0,
GOLD,bp,bp_medication,82312,Valsartan 160mg / Hydrochlorothiazide 12.5mg tablets (Arrow Generics Ltd),0,
GOLD,bp,bp_medication,82316,Adalat LA 60 tablets (Lexon (UK) Ltd),0,
GOLD,bp,bp_medication,82319,Co-tenidone 100mg/25mg tablets (Medreich Plc),0,
GOLD,bp,bp_medication,82321,Carvedilol 3.125mg tablets (DE Pharmaceuticals),0,
GOLD,bp,bp_medication,82328,Co-tenidone 50mg/12.5mg tablets (Medreich Plc),0,
GOLD,bp,bp_medication,82330,Losartan 100mg / Hydrochlorothiazide 25mg tablets (Sandoz Ltd),0,
GOLD,bp,bp_medication,82337,Zanidip 20mg tablets (Necessity Supplies Ltd),0,
GOLD,bp,bp_medication,82343,Irbesartan 300mg tablets (Dr Reddy's Laboratories (UK) Ltd),0,
GOLD,bp,bp_medication,82348,Trandolapril 500microgram capsules (Accord-UK Ltd),0,
GOLD,bp,bp_medication,82363,Enalapril 5mg tablets (Accord-UK Ltd),0,
GOLD,bp,bp_medication,82369,Candesartan 16mg tablets (Zentiva Pharma UK Ltd),0,
GOLD,bp,bp_medication,82375,Exforge 5mg/80mg tablets (Waymade Healthcare Plc),0,
GOLD,bp,bp_medication,82378,Valsartan 80mg / Hydrochlorothiazide 12.5mg tablets (Arrow Generics Ltd),0,
GOLD,bp,bp_medication,82387,Valsartan 40mg capsules (Arrow Generics Ltd),0,
GOLD,bp,bp_medication,82390,Slozem 120mg capsules (Waymade Healthcare Plc),0,
GOLD,bp,bp_medication,82399,Carvedilol 25mg tablets (DE Pharmaceuticals),0,
GOLD,bp,bp_medication,82413,Losartan 50mg / Hydrochlorothiazide 12.5mg tablets (Sandoz Ltd),0,
GOLD,bp,bp_medication,82423,Amias 16mg tablets (Lexon (UK) Ltd),0,
GOLD,bp,bp_medication,82424,Exforge 5mg/160mg tablets (Waymade Healthcare Plc),0,
GOLD,bp,bp_medication,82427,Amias 4mg tablets (Lexon (UK) Ltd),0,
GOLD,bp,bp_medication,82455,Trandolapril 2mg capsules (Accord-UK Ltd),0,
GOLD,bp,bp_medication,82476,Istin 5mg tablets (Dowelhurst Ltd),0,
GOLD,bp,bp_medication,82478,Aprovel 300mg tablets (Waymade Healthcare Plc),0,
GOLD,bp,bp_medication,82481,Aldactone 100mg tablets (Waymade Healthcare Plc),0,
GOLD,bp,bp_medication,82488,CoAprovel 300mg/12.5mg tablets (Waymade Healthcare Plc),0,
GOLD,bp,bp_medication,82490,CoAprovel 150mg/12.5mg tablets (Waymade Healthcare Plc),0,
GOLD,bp,bp_medication,82494,Aprovel 150mg tablets (Waymade Healthcare Plc),0,
GOLD,bp,bp_medication,82496,Tildiem LA 300mg capsules (Waymade Healthcare Plc),0,
GOLD,bp,bp_medication,82499,Innovace 5mg tablets (Dowelhurst Ltd),0,
GOLD,bp,bp_medication,82505,Capozide 25mg/50mg tablets (Waymade Healthcare Plc),0,
GOLD,bp,bp_medication,82507,Cardura 2mg tablets (Waymade Healthcare Plc),0,
GOLD,bp,bp_medication,82509,Emcor LS 5mg tablets (Dowelhurst Ltd),0,
GOLD,bp,bp_medication,82515,Innovace 20mg tablets (Dowelhurst Ltd),0,
GOLD,bp,bp_medication,82557,Accupro 5mg tablets (Waymade Healthcare Plc),0,
GOLD,bp,bp_medication,82563,Aldactone 50mg tablets (Mawdsley-Brooks & Company Ltd),0,
GOLD,bp,bp_medication,82567,Generic Kalten capsules,0,
GOLD,bp,bp_medication,8257,Prescal 2.5mg tablets (Novartis Pharmaceuticals UK Ltd),0,
GOLD,bp,bp_medication,82579,Trasicor 80mg tablets (Sigma Pharmaceuticals Plc),0,
GOLD,bp,bp_medication,82584,Tildiem Retard 90mg tablets (Waymade Healthcare Plc),0,
GOLD,bp,bp_medication,82586,Cardene 20mg capsules (Dowelhurst Ltd),0,
GOLD,bp,bp_medication,82606,Lisinopril 20mg tablets (Arrow Generics Ltd),0,
GOLD,bp,bp_medication,8262,Celiprolol 200mg tablets,0,
GOLD,bp,bp_medication,82646,Amlodipine 5mg/5ml oral suspension sugar free (A A H Pharmaceuticals Ltd),0,
GOLD,bp,bp_medication,8268,zestril 20mg tablets (astrazeneca uk ltd),0,
GOLD,bp,bp_medication,82701,Amlodipine 5mg tablets (FDC Pharma),0,
GOLD,bp,bp_medication,82785,Candesartan 4mg tablets (Almus Pharmaceuticals Ltd),0,
GOLD,bp,bp_medication,828,Irbesartan 75mg tablets,0,
GOLD,bp,bp_medication,82811,Propranolol 10mg tablets (Relonchem Ltd),0,
GOLD,bp,bp_medication,82813,Ramipril 2.5mg capsules (Crescent Pharma Ltd),0,
GOLD,bp,bp_medication,82838,Propranolol 80mg tablets (Relonchem Ltd),0,
GOLD,bp,bp_medication,82848,Amlodipine 2.5mg tablets (A A H Pharmaceuticals Ltd),0,
GOLD,bp,bp_medication,82861,Bisoprolol 2.5mg tablets (Medihealth (Northern) Ltd),0,
GOLD,bp,bp_medication,8290,Trasicor 40mg Tablet (Novartis Pharmaceuticals UK Ltd),0,
GOLD,bp,bp_medication,8303,Tenavoid Tablet (Edwin Burgess Ltd),0,
GOLD,bp,bp_medication,8310,Isradipine 2.5mg tablets,0,
GOLD,bp,bp_medication,83117,Adizem-XL 200mg capsules (Lexon (UK) Ltd),0,
GOLD,bp,bp_medication,83207,Atenolol 100mg tablets (Bristol Laboratories Ltd),0,
GOLD,bp,bp_medication,83234,Propranolol 20mg/5ml oral solution,0,
GOLD,bp,bp_medication,83244,Doxazosin 1mg tablets (Ennogen Pharma Ltd),0,
GOLD,bp,bp_medication,8331,Inderal 160mg Tablet (AstraZeneca UK Ltd),0,
GOLD,bp,bp_medication,83312,Plendil 10mg modified-release tablets (Dowelhurst Ltd),0,
GOLD,bp,bp_medication,83399,Adizem-XL 180mg capsules (Lexon (UK) Ltd),0,
GOLD,bp,bp_medication,83449,Spironolactone 50mg tablets (Almus Pharmaceuticals Ltd),0,
GOLD,bp,bp_medication,83451,Enalapril 5mg tablets (Almus Pharmaceuticals Ltd),0,
GOLD,bp,bp_medication,83454,Metoprolol 100mg tablets (Almus Pharmaceuticals Ltd),0,
GOLD,bp,bp_medication,83467,Amiloride 5mg tablets (Sun Pharma UK Ltd),0,
GOLD,bp,bp_medication,83469,Metoprolol 50mg tablets (Almus Pharmaceuticals Ltd),0,
GOLD,bp,bp_medication,83478,Sotalol 80mg tablets (Almus Pharmaceuticals Ltd),0,
GOLD,bp,bp_medication,83484,Spironolactone 100mg tablets (Dr Reddy's Laboratories (UK) Ltd),0,
GOLD,bp,bp_medication,83491,Nicardipine 30mg capsules (Tillomed Laboratories Ltd),0,
GOLD,bp,bp_medication,83544,Spironolactone oral solution,0,
GOLD,bp,bp_medication,83557,Amiloride Hcl oral solution,0,
GOLD,bp,bp_medication,83578,Doxazosin 1mg tablets (Milpharm Ltd),0,
GOLD,bp,bp_medication,8369,Inderex 160mg/5mg modified-release capsules (AstraZeneca UK Ltd),0,
GOLD,bp,bp_medication,83704,Spironolactone 12.5mg tablets,0,
GOLD,bp,bp_medication,83762,Propranolol 10mg tablets (Phoenix Healthcare Distribution Ltd),0,
GOLD,bp,bp_medication,83763,Telmisartan 80mg tablets (Teva UK Ltd),0,
GOLD,bp,bp_medication,83779,Doxazosin 500micrograms/5ml oral suspension,0,
GOLD,bp,bp_medication,83809,Labetalol 400mg tablets (Viatris UK Healthcare Ltd),0,
GOLD,bp,bp_medication,83831,Co-amilozide 5mg/50mg tablets (RX Farma),0,
GOLD,bp,bp_medication,83864,Doxazosin 2mg tablets (Ennogen Pharma Ltd),0,
GOLD,bp,bp_medication,83888,Losartan 50mg tablets (Relonchem Ltd),0,
GOLD,bp,bp_medication,83889,Bendroflumethiazide 2.5mg tablets (Bristol Laboratories Ltd),0,
GOLD,bp,bp_medication,84019,Amlodipine 10mg tablets (FDC Pharma),0,
GOLD,bp,bp_medication,84020,Bisoprolol 5mg tablets (Milpharm Ltd),0,
GOLD,bp,bp_medication,84039,Lisinopril 2.5mg tablets (Medihealth (Northern) Ltd),0,
GOLD,bp,bp_medication,84058,Valsartan 160mg/5ml oral suspension,0,
GOLD,bp,bp_medication,84133,Candesartan 8mg tablets (Alliance Healthcare (Distribution) Ltd),0,
GOLD,bp,bp_medication,84153,Ramipril 1.25mg capsules (Medihealth (Northern) Ltd),0,
GOLD,bp,bp_medication,84202,Losartan 25mg tablets (Relonchem Ltd),0,
GOLD,bp,bp_medication,84294,Lisinopril 5mg/5ml oral solution sugar free (Rosemont Pharmaceuticals Ltd),0,
GOLD,bp,bp_medication,84351,Chlortalidone 12.5mg tablets,0,
GOLD,bp,bp_medication,84354,Candesartan 2mg tablets (Crescent Pharma Ltd),0,
GOLD,bp,bp_medication,84501,Amlodipine 5mg tablets (Sterwin Medicines),0,
GOLD,bp,bp_medication,84532,Atenolol 25mg tablets (Medihealth (Northern) Ltd),0,
GOLD,bp,bp_medication,84650,Dexipress MR 20mg tablets (Dexcel-Pharma Ltd),0,
GOLD,bp,bp_medication,84711,Terazosin 2mg tablets (Actavis UK Ltd),0,
GOLD,bp,bp_medication,84716,Bisoprolol 5mg Tablet (Neo Laboratories Ltd),0,
GOLD,bp,bp_medication,84750,Lisinopril 10mg tablets (Lupin Healthcare (UK) Ltd),0,
GOLD,bp,bp_medication,84859,Soloc 5mg tablets (Mercury Pharma Group Ltd),0,
GOLD,bp,bp_medication,84946,Atenolol 25mg tablets (Genesis Pharmaceuticals Ltd),0,
GOLD,bp,bp_medication,84982,Metoprolol 25mg tablets,0,
GOLD,bp,bp_medication,85046,Lisinopril 10mg tablets (Medihealth (Northern) Ltd),0,
GOLD,bp,bp_medication,85100,Chlortalidone 50mg tablets (Sovereign Medical Ltd),0,
GOLD,bp,bp_medication,85130,Atenolol 10mg/5ml oral suspension,0,
GOLD,bp,bp_medication,85147,Indapamide 2.5mg tablets (Sigma Pharmaceuticals Plc),0,
GOLD,bp,bp_medication,85208,Amlodipine 5mg tablets (Mawdsley-Brooks & Company Ltd),0,
GOLD,bp,bp_medication,8521,Spironolactone 25mg with hydroflumethiazide 25mg tablet,0,
GOLD,bp,bp_medication,8526,Aprinox 2.5mg tablets (AMCo),0,
GOLD,bp,bp_medication,85331,Valsartan 80mg capsules (Viatris UK Healthcare Ltd),0,
GOLD,bp,bp_medication,85392,Quinapril 40mg tablets (Teva UK Ltd),0,
GOLD,bp,bp_medication,85458,Atenolol 25mg/5ml oral solution sugar free (Thame Laboratories Ltd),0,
GOLD,bp,bp_medication,85546,Lisinopril 20mg/5ml oral solution,0,
GOLD,bp,bp_medication,8555,Sectral 200mg capsules (Sanofi),0,
GOLD,bp,bp_medication,85565,Amlodipine 5mg/5ml oral suspension sugar free (Alliance Healthcare (Distribution) Ltd),0,
GOLD,bp,bp_medication,8558,Adizem xl 120mg Capsule (Napp Pharmaceuticals Ltd),0,
GOLD,bp,bp_medication,85586,Amlodipine 5mg tablets (Crescent Pharma Ltd),0,
GOLD,bp,bp_medication,85607,Terazosin 1mg tablets,0,
GOLD,bp,bp_medication,85631,Lisoretic 10mg/12.5mg tablets (Bristol Laboratories Ltd),0,
GOLD,bp,bp_medication,85693,Amlodipine 10mg tablets (Dowelhurst Ltd),0,
GOLD,bp,bp_medication,85767,Amlodipine 10mg tablets (Crescent Pharma Ltd),0,
GOLD,bp,bp_medication,85777,Losartan 25mg tablets (Medreich Plc),0,
GOLD,bp,bp_medication,85845,Propranolol 3.5mg/5ml oral solution,0,
GOLD,bp,bp_medication,85904,Nifedipine 1mg/5ml oral suspension,0,
GOLD,bp,bp_medication,85917,Amlodipine 50mg/5ml oral suspension,0,
GOLD,bp,bp_medication,8602,Metenix 5mg tablets (Sanofi),0,
GOLD,bp,bp_medication,86055,Hylaton 12.5mg tablets (Morningside Healthcare Ltd),0,
GOLD,bp,bp_medication,86076,Ramipril 2.5mg tablets (Zentiva Pharma UK Ltd),0,
GOLD,bp,bp_medication,86142,Istin 5mg tablets (Sigma Pharmaceuticals Plc),0,
GOLD,bp,bp_medication,86151,Hydrochlorothiazide 12.5mg/5ml oral suspension,0,
GOLD,bp,bp_medication,86208,Hylaton 50mg tablets (Morningside Healthcare Ltd),0,
GOLD,bp,bp_medication,8623,Prestim Tablet (ICN Pharmaceuticals France S.A.),0,
GOLD,bp,bp_medication,86255,Olmesartan medoxomil 10mg tablets (A A H Pharmaceuticals Ltd),0,
GOLD,bp,bp_medication,86263,Spironolactone 25mg tablets (Alliance Healthcare (Distribution) Ltd),0,
GOLD,bp,bp_medication,86291,Propranolol 10mg/5ml oral solution sugar free (Rosemont Pharmaceuticals Ltd),0,
GOLD,bp,bp_medication,86292,Propranolol 40mg/5ml oral solution sugar free (Rosemont Pharmaceuticals Ltd),0,
GOLD,bp,bp_medication,86323,Minipress 2mg tablets (Imported (Australia)),0,
GOLD,bp,bp_medication,86341,Labetalol 200mg/5ml oral suspension,0,
GOLD,bp,bp_medication,8642,Tenif 50mg/20mg modified-release capsules (AstraZeneca UK Ltd),0,
GOLD,bp,bp_medication,86517,Hydrochlorothiazide 25mg/5ml oral suspension,0,
GOLD,bp,bp_medication,86523,Metoprolol tartrate 25mg/5ml Oral suspension,0,
GOLD,bp,bp_medication,86559,Losartan 100mg tablets (Krka UK Ltd),0,
GOLD,bp,bp_medication,86571,Amlodipine 2.5mg tablets (Alliance Healthcare (Distribution) Ltd),0,
GOLD,bp,bp_medication,86596,Atenolol 25mg tablets (Ipca Laboratories UK Ltd),0,
GOLD,bp,bp_medication,86648,Ramipril 2.5mg capsules (Milpharm Ltd),0,
GOLD,bp,bp_medication,86659,Lercanidipine 20mg tablets (Phoenix Healthcare Distribution Ltd),0,
GOLD,bp,bp_medication,86680,Folpik XL 2.5mg tablets (NorthStar Healthcare Unlimited Company),0,
GOLD,bp,bp_medication,8673,Oxprenolol with cyclopenthiazide 160mg+0.25mg Modified-release tablet,0,
GOLD,bp,bp_medication,86805,Metoprolol 12.5mg/5ml oral suspension (Drug Tariff Special Order),0,
GOLD,bp,bp_medication,86962,Xaqua 5mg tablets (Renascience Pharma Ltd),0,
GOLD,bp,bp_medication,86992,Lacidipine 2mg/5ml oral suspension,0,
GOLD,bp,bp_medication,8707,Trandate 200mg tablets (Focus Pharmaceuticals Ltd),0,
GOLD,bp,bp_medication,87078,Perindopril erbumine 2mg tablets (Phoenix Healthcare Distribution Ltd),0,
GOLD,bp,bp_medication,87080,Ramipril 10mg capsules (Crescent Pharma Ltd),0,
GOLD,bp,bp_medication,87108,Lisinopril 2.5mg tablets (Sigma Pharmaceuticals Plc),0,
GOLD,bp,bp_medication,87266,Delofine XL 2.5mg tablets (Morningside Healthcare Ltd),0,
GOLD,bp,bp_medication,87476,Spironolactone 100mg tablets (DE Pharmaceuticals),0,
GOLD,bp,bp_medication,87573,Indapamide 2.5mg tablets (Accord-UK Ltd),0,
GOLD,bp,bp_medication,87580,Tolucombi 80mg/12.5mg tablets (Krka UK Ltd),0,
GOLD,bp,bp_medication,87593,Losartan 25mg tablets (Medical Valley Invest AB),0,
GOLD,bp,bp_medication,87598,Propranolol 40mg tablets (Bristol Laboratories Ltd),0,
GOLD,bp,bp_medication,87625,Propranolol 10mg tablets (Bristol Laboratories Ltd),0,
GOLD,bp,bp_medication,87638,Bisoprolol 5mg tablets (Medihealth (Northern) Ltd),0,
GOLD,bp,bp_medication,87646,Amlodipine 5mg tablets (Zentiva Pharma UK Ltd),0,
GOLD,bp,bp_medication,8765,ATENOLOL/CHLORTHALIDONE 50 MG TAB,0,
GOLD,bp,bp_medication,87675,Valsartan 40mg capsules (Alliance Healthcare (Distribution) Ltd),0,
GOLD,bp,bp_medication,87678,Doxazosin 8mg tablets (Medihealth (Northern) Ltd),0,
GOLD,bp,bp_medication,87679,Losartan 50mg / Hydrochlorothiazide 12.5mg tablets (Milpharm Ltd),0,
GOLD,bp,bp_medication,87812,Perindopril erbumine 4mg tablets (Tillomed Laboratories Ltd),0,
GOLD,bp,bp_medication,8788,TIMOLOL 10MG/BENDROFLUAZIDE 2.5MG TAB,0,
GOLD,bp,bp_medication,87945,Olmesartan medoxomil 20mg / Hydrochlorothiazide 12.5mg tablets (Thornton & Ross Ltd),0,
GOLD,bp,bp_medication,8800,innovace 5mg tablets (merck sharp & dohme ltd),0,
GOLD,bp,bp_medication,88002,Atenolol 25mg/5ml oral solution sugar free (Phoenix Healthcare Distribution Ltd),0,
GOLD,bp,bp_medication,8807,Trandate 400mg tablets (Focus Pharmaceuticals Ltd),0,
GOLD,bp,bp_medication,88097,Delofine XL 5mg tablets (Morningside Healthcare Ltd),0,
GOLD,bp,bp_medication,88121,Doxazosin 8mg tablets (Alliance Healthcare (Distribution) Ltd),0,
GOLD,bp,bp_medication,88228,Candesartan 8mg tablets (DE Pharmaceuticals),0,
GOLD,bp,bp_medication,88276,Amlodipine 10mg tablets (Amarox Ltd),0,
GOLD,bp,bp_medication,88296,Candesartan 8mg tablets (Medreich Plc),0,
GOLD,bp,bp_medication,8830,innovace 10mg tablets (merck sharp & dohme ltd),0,
GOLD,bp,bp_medication,8836,Chlorothiazide 500mg tablets,0,
GOLD,bp,bp_medication,88368,Perindopril erbumine 8mg tablets (Alliance Healthcare (Distribution) Ltd),0,
GOLD,bp,bp_medication,88378,Candesartan 8mg/5ml oral solution,0,
GOLD,bp,bp_medication,88402,Prazosin 2mg/5ml oral suspension,0,
GOLD,bp,bp_medication,88414,Candesartan 2mg tablets (Torrent Pharma (UK) Ltd),0,
GOLD,bp,bp_medication,88430,Ramipril 5mg capsules (Crescent Pharma Ltd),0,
GOLD,bp,bp_medication,88463,Atenolol 100mg tablets (Accord-UK Ltd),0,
GOLD,bp,bp_medication,88499,Irbesartan 75mg tablets (Waymade Healthcare Plc),0,
GOLD,bp,bp_medication,88509,Candesartan 4mg tablets (Medihealth (Northern) Ltd),0,
GOLD,bp,bp_medication,88605,Propranolol 40mg tablets (Genesis Pharmaceuticals Ltd),0,
GOLD,bp,bp_medication,88612,Co-tenidone 50mg/12.5mg tablets (Wockhardt UK Ltd),0,
GOLD,bp,bp_medication,8863,Hypovase benign prostatic hyperplasia 1mg Tablet (Pfizer Ltd),0,
GOLD,bp,bp_medication,88679,Labetalol 200mg/5ml oral solution,0,
GOLD,bp,bp_medication,88765,Lisinopril 5mg tablets (Crescent Pharma Ltd),0,
GOLD,bp,bp_medication,88811,Prazosin 500micrograms/5ml oral solution,0,
GOLD,bp,bp_medication,88815,Propranolol 10mg tablets (Milpharm Ltd),0,
GOLD,bp,bp_medication,88900,Propranolol 5mg/5ml oral solution sugar free (A A H Pharmaceuticals Ltd),0,
GOLD,bp,bp_medication,8891,Hygroton -k Tablet (Novartis Pharmaceuticals UK Ltd),0,
GOLD,bp,bp_medication,88926,Bisoprolol 1.25mg tablets (Phoenix Healthcare Distribution Ltd),0,
GOLD,bp,bp_medication,88945,Delofine XL 10mg tablets (Morningside Healthcare Ltd),0,
GOLD,bp,bp_medication,88972,Indapamide 2.5mg tablets (RX Farma),0,
GOLD,bp,bp_medication,89091,Amlodipine 5mg tablets (Ipca Laboratories UK Ltd),0,
GOLD,bp,bp_medication,89108,Nifedipine 30mg modified-release tablets (Morningside Healthcare Ltd),0,
GOLD,bp,bp_medication,89130,Lisinopril 20mg tablets (Crescent Pharma Ltd),0,
GOLD,bp,bp_medication,89179,Zeyam 60mg modified-release tablets (Ennogen Pharma Ltd),0,
GOLD,bp,bp_medication,8923,CAPTOPRIL 100 MG TAB,0,
GOLD,bp,bp_medication,8935,Nadolol 40mg tablets,0,
GOLD,bp,bp_medication,89381,Lercanidipine 10mg tablets (Zentiva Pharma UK Ltd),0,
GOLD,bp,bp_medication,89472,Losartan 25mg tablets (Rudipharm Ltd),0,
GOLD,bp,bp_medication,89513,Lacidipine 2mg tablets (Zentiva Pharma UK Ltd),0,
GOLD,bp,bp_medication,89526,Doxazosin 4mg tablets (Milpharm Ltd),0,
GOLD,bp,bp_medication,89536,Amlodipine 2.5mg tablets (Medihealth (Northern) Ltd),0,
GOLD,bp,bp_medication,89652,Spironolactone 100mg tablets (Bristol Laboratories Ltd),0,
GOLD,bp,bp_medication,89690,Bisoprolol 3.75mg tablets (Waymade Healthcare Plc),0,
GOLD,bp,bp_medication,89694,Lisinopril 10mg tablets (IVAX Pharmaceuticals UK Ltd),0,
GOLD,bp,bp_medication,89696,Aprovel 150mg tablets (Sigma Pharmaceuticals Plc),0,
GOLD,bp,bp_medication,89700,Losartan 50mg tablets (Alissa Healthcare Research Ltd),0,
GOLD,bp,bp_medication,89708,Bisoprolol 1.25mg tablets (DE Pharmaceuticals),0,
GOLD,bp,bp_medication,89711,Propranolol 80mg tablets (Boston Healthcare Ltd),0,
GOLD,bp,bp_medication,89730,Gopten 2mg capsules (Dowelhurst Ltd),0,
GOLD,bp,bp_medication,89731,Losartan 100mg tablets (Sovereign Medical Ltd),0,
GOLD,bp,bp_medication,89740,Bisoprolol 7.5mg tablets (Alliance Healthcare (Distribution) Ltd),0,
GOLD,bp,bp_medication,89750,Ramipril 2.5mg tablets (Sun Pharma UK Ltd),0,
GOLD,bp,bp_medication,89756,Perindopril erbumine 2mg tablets (Medihealth (Northern) Ltd),0,
GOLD,bp,bp_medication,89770,Ramipril 10mg tablets (Sigma Pharmaceuticals Plc),0,
GOLD,bp,bp_medication,8978,Propanix 160mg Modified-release capsule (Ashbourne Pharmaceuticals Ltd),0,
GOLD,bp,bp_medication,89800,Lisinopril 20mg / Hydrochlorothiazide 12.5mg tablets (Alliance Healthcare (Distribution) Ltd),0,
GOLD,bp,bp_medication,89801,Losartan 50mg / Hydrochlorothiazide 12.5mg tablets (Crescent Pharma Ltd),0,
GOLD,bp,bp_medication,89806,Co-tenidone 100mg/25mg tablets (Waymade Healthcare Plc),0,
GOLD,bp,bp_medication,89811,Labetalol 200mg tablets (Waymade Healthcare Plc),0,
GOLD,bp,bp_medication,89820,Metoprolol 100mg tablets (Kent Pharma (UK) Ltd),0,
GOLD,bp,bp_medication,89867,Valsartan 40mg capsules (Kent Pharma (UK) Ltd),0,
GOLD,bp,bp_medication,8987,Propranolol 160mg modified-release / Bendroflumethiazide 5mg capsules,0,
GOLD,bp,bp_medication,89875,Doxazosin 500micrograms/5ml oral suspension (Special Order),0,
GOLD,bp,bp_medication,89886,Carvedilol 12.5mg tablets (Bristol Laboratories Ltd),0,
GOLD,bp,bp_medication,89928,Ramipril 2.5mg capsules (Dowelhurst Ltd),0,
GOLD,bp,bp_medication,89935,Lercanidipine 20mg tablets (Amarox Ltd),0,
GOLD,bp,bp_medication,89953,Nifedipine 5mg capsules (Relonchem Ltd),0,
GOLD,bp,bp_medication,90008,Lisinopril 2.5mg tablets (Brown & Burk UK Ltd),0,
GOLD,bp,bp_medication,90052,Ramipril 5mg capsules (Focus Pharmaceuticals Ltd),0,
GOLD,bp,bp_medication,90124,Spironolactone 50mg tablets (Waymade Healthcare Plc),0,
GOLD,bp,bp_medication,90125,Spironolactone 50mg/5ml oral suspension sugar free (Rosemont Pharmaceuticals Ltd),0,
GOLD,bp,bp_medication,90132,Candesartan 32mg tablets (Actavis UK Ltd),0,
GOLD,bp,bp_medication,9016,Trandate 100mg tablets (Focus Pharmaceuticals Ltd),0,
GOLD,bp,bp_medication,90181,Amlodipine 10mg tablets (AAH Hillcross),0,
GOLD,bp,bp_medication,90212,Candesartan 4mg tablets (Torrent Pharma (UK) Ltd),0,
GOLD,bp,bp_medication,90266,Amiloride 5mg Tablet (Celltech Pharma Europe Ltd),0,
GOLD,bp,bp_medication,90269,Sotalol 160mg tablets (Viatris UK Healthcare Ltd),0,
GOLD,bp,bp_medication,90274,Propranolol 40mg tablets (Relonchem Ltd),0,
GOLD,bp,bp_medication,90467,Bisoprolol 5mg tablets (AAH Hillcross),0,
GOLD,bp,bp_medication,90487,Sacubitril 15mg / Valsartan 16mg granules in capsules for opening,0,
GOLD,bp,bp_medication,90582,Micardis 20mg tablets (Sigma Pharmaceuticals Plc),0,
GOLD,bp,bp_medication,90587,Lisinopril 10mg tablets (Medreich Plc),0,
GOLD,bp,bp_medication,90653,Metoprolol 25mg tablets (A A H Pharmaceuticals Ltd),0,
GOLD,bp,bp_medication,90671,Enalapril 20mg tablets (Zanza Specials International Ltd),0,
GOLD,bp,bp_medication,90680,Ramipril 5mg capsules (Milpharm Ltd),0,
GOLD,bp,bp_medication,90690,Propranolol 80mg tablets (Bristol Laboratories Ltd),0,
GOLD,bp,bp_medication,9094,DILTIAZEM HCl SR 300 MG CAP,0,
GOLD,bp,bp_medication,9143,viskaldix tablets (amco),0,
GOLD,bp,bp_medication,9178,Atenolol 25mg / Bendroflumethiazide 1.25mg capsules,0,
GOLD,bp,bp_medication,9185,propranolol 80mg/5ml oral solution,0,
GOLD,bp,bp_medication,9196,Aprovel 150mg tablets (Sanofi),0,
GOLD,bp,bp_medication,9211,ADIZEM-XL 180 MG CAP,0,
GOLD,bp,bp_medication,9223,Triamterene with hydrochlorothiazide 50mg + 25mg Tablet,0,
GOLD,bp,bp_medication,923,Co-amilozide 5mg/50mg tablets,0,
GOLD,bp,bp_medication,924,Co-amilozide 2.5mg/25mg tablets,0,
GOLD,bp,bp_medication,9240,Adizem xl 180mg Capsule (Napp Pharmaceuticals Ltd),0,
GOLD,bp,bp_medication,9269,Nifedipine 40mg modified-release tablets,0,
GOLD,bp,bp_medication,9273,Trandate 50mg tablets (Focus Pharmaceuticals Ltd),0,
GOLD,bp,bp_medication,9292,sotalol 160mg tablets,0,
GOLD,bp,bp_medication,9334,Plendil 2.5mg modified-release tablets (AstraZeneca UK Ltd),0,
GOLD,bp,bp_medication,9374,Adizem 60mg Modified-release tablet (Napp Pharmaceuticals Ltd),0,
GOLD,bp,bp_medication,9386,Nicardipine 45mg modified-release capsules,0,
GOLD,bp,bp_medication,939,Tildiem Retard 90mg tablets (Sanofi),0,
GOLD,bp,bp_medication,940,propranolol 80mg tablets,0,
GOLD,bp,bp_medication,9410,Angitil SR 120 capsules (Ethypharm UK Ltd),0,
GOLD,bp,bp_medication,9437,Plendil 5mg modified-release tablets (AstraZeneca UK Ltd),0,
GOLD,bp,bp_medication,9485,Hypolar Retard 20 tablets (Sandoz Ltd),0,
GOLD,bp,bp_medication,9553,Slofedipine XL 60 tablets (Zentiva),0,
GOLD,bp,bp_medication,9573,Slofedipine XL 30mg tablets (Zentiva),0,
GOLD,bp,bp_medication,9646,Tritace 1.25mg capsules (Aventis Pharma),0,
GOLD,bp,bp_medication,9670,Motens 4mg tablets (GlaxoSmithKline UK Ltd),0,
GOLD,bp,bp_medication,9693,Tritace 10mg capsules (Sanofi),0,
GOLD,bp,bp_medication,97,Perindopril erbumine 4mg tablets,0,
GOLD,bp,bp_medication,9708,Diltiazem 24hr 120mg modified-release capsules,0,
GOLD,bp,bp_medication,9723,Calcicard CR 90mg tablets (Teva UK Ltd),0,
GOLD,bp,bp_medication,9731,Quinapril 40mg tablets,0,
GOLD,bp,bp_medication,9745,Teveten 300mg tablets (Mylan Ltd),0,
GOLD,bp,bp_medication,9750,Nifedipine 60mg modified-release capsules,0,
GOLD,bp,bp_medication,9764,Carace 20 Tablet (Bristol-Myers Squibb Pharmaceuticals Ltd),0,
GOLD,bp,bp_medication,9783,Co-tenidone 50mg/12.5mg tablets,0,
GOLD,bp,bp_medication,9915,Tritace 10mg tablets (Sanofi),0,
GOLD,bp,bp_medication,9919,Diltiazem 2% cream,0,
GOLD,bp,bp_medication,9935,Amiloride 5mg/5ml oral solution sugar free,0,
GOLD,bp,bp_medication,9948,Trandolapril 4mg capsules,0,
GOLD,lipid,alirocumab,70673,,0,alirocumab
GOLD,lipid,alirocumab,71793,,0,alirocumab
GOLD,lipid,alirocumab,78284,,0,alirocumab
GOLD,lipid,alirocumab,78285,,0,alirocumab
GOLD,lipid,alirocumab,86714,,0,alirocumab
GOLD,lipid,bempedoic_acid,83020,,0,bempedoic acid
GOLD,lipid,bempedoic_acid,83625,,0,bempedoic acid
GOLD,lipid,bempedoic_acid,83684,,1,bempedoic acid|ezetimibe
GOLD,lipid,bempedoic_acid,84489,,1,bempedoic acid|ezetimibe
GOLD,lipid,evolocumab,70397,,0,evolocumab
GOLD,lipid,evolocumab,70580,,0,evolocumab
GOLD,lipid,evolocumab,74067,,0,evolocumab
GOLD,lipid,evolocumab,74346,,0,evolocumab
GOLD,lipid,ezetimibe,6120,,0,ezetimibe
GOLD,lipid,ezetimibe,653,,0,ezetimibe
GOLD,lipid,fibrates,1214,,0,bezafibrate
GOLD,lipid,fibrates,1215,,0,fenofibrate
GOLD,lipid,fibrates,1217,,0,fenofibrate
GOLD,lipid,fibrates,1324,,0,bezafibrate
GOLD,lipid,fibrates,14379,,0,fenofibrate
GOLD,lipid,fibrates,17614,,0,bezafibrate
GOLD,lipid,fibrates,184,,0,bezafibrate
GOLD,lipid,fibrates,2215,,0,gemfibrozil
GOLD,lipid,fibrates,23153,,0,bezafibrate
GOLD,lipid,fibrates,2435,,0,fenofibrate
GOLD,lipid,fibrates,29213,,0,bezafibrate
GOLD,lipid,fibrates,29328,,0,bezafibrate
GOLD,lipid,fibrates,3089,,0,ciprofibrate
GOLD,lipid,fibrates,31221,,0,bezafibrate
GOLD,lipid,fibrates,3159,,0,fenofibrate
GOLD,lipid,fibrates,31783,,0,fenofibrate
GOLD,lipid,fibrates,3318,,0,gemfibrozil
GOLD,lipid,fibrates,33603,,0,bezafibrate
GOLD,lipid,fibrates,33944,,0,bezafibrate
GOLD,lipid,fibrates,34181,,0,bezafibrate
GOLD,lipid,fibrates,34277,,0,gemfibrozil
GOLD,lipid,fibrates,39420,,0,bezafibrate
GOLD,lipid,fibrates,39576,,0,bezafibrate
GOLD,lipid,fibrates,4062,,0,gemfibrozil
GOLD,lipid,fibrates,41396,,0,fenofibrate
GOLD,lipid,fibrates,42801,,0,bezafibrate
GOLD,lipid,fibrates,47935,,0,fenofibrate
GOLD,lipid,fibrates,4920,,0,fenofibrate
GOLD,lipid,fibrates,4928,,0,fenofibrate
GOLD,lipid,fibrates,49609,,0,bezafibrate
GOLD,lipid,fibrates,50071,,0,fenofibrate
GOLD,lipid,fibrates,5216,,0,bezafibrate
GOLD,lipid,fibrates,52814,,0,bezafibrate
GOLD,lipid,fibrates,53250,,0,ciprofibrate
GOLD,lipid,fibrates,5390,,0,fenofibrate
GOLD,lipid,fibrates,57219,,0,fenofibrate
GOLD,lipid,fibrates,57489,,0,ciprofibrate
GOLD,lipid,fibrates,58635,,0,bezafibrate
GOLD,lipid,fibrates,59002,,0,bezafibrate
GOLD,lipid,fibrates,602,,0,bezafibrate
GOLD,lipid,fibrates,60385,,0,bezafibrate
GOLD,lipid,fibrates,60788,,0,fenofibrate
GOLD,lipid,fibrates,63737,,0,fenofibrate
GOLD,lipid,fibrates,64503,,0,bezafibrate
GOLD,lipid,fibrates,64933,,0,fenofibrate
GOLD,lipid,fibrates,64984,,0,fenofibrate
GOLD,lipid,fibrates,65572,,0,fenofibrate
GOLD,lipid,fibrates,66087,,0,ciprofibrate
GOLD,lipid,fibrates,66425,,0,bezafibrate
GOLD,lipid,fibrates,66564,,0,bezafibrate
GOLD,lipid,fibrates,7540,,0,fenofibrate
GOLD,lipid,fibrates,8082,,0,gemfibrozil
GOLD,lipid,fibrates,8706,,0,ciprofibrate
GOLD,lipid,fibrates,9491,,0,fenofibrate
GOLD,lipid,fibrates,9639,,0,fenofibrate
GOLD,lipid,fibrates,9716,,0,fenofibrate
GOLD,lipid,statins,10172,,1,ezetimibe|statin
GOLD,lipid,statins,10183,,1,ezetimibe|statin
GOLD,lipid,statins,10206,,1,ezetimibe|statin
GOLD,lipid,statins,11627,,0,
GOLD,lipid,statins,11815,,1,ezetimibe|statin
GOLD,lipid,statins,1219,,0,
GOLD,lipid,statins,1221,,0,
GOLD,lipid,statins,1223,,0,
GOLD,lipid,statins,13041,,0,
GOLD,lipid,statins,14219,,1,ezetimibe|statin
GOLD,lipid,statins,15252,,0,
GOLD,lipid,statins,16186,,1,ezetimibe|statin
GOLD,lipid,statins,17059,,1,ezetimibe|statin
GOLD,lipid,statins,17683,,0,
GOLD,lipid,statins,17688,,0,
GOLD,lipid,statins,18442,,0,
GOLD,lipid,statins,21020,,1,ezetimibe|statin
GOLD,lipid,statins,2137,,0,
GOLD,lipid,statins,22579,,0,
GOLD,lipid,statins,25,,0,
GOLD,lipid,statins,2718,,0,
GOLD,lipid,statins,28,,0,
GOLD,lipid,statins,2955,,0,
GOLD,lipid,statins,31658,,0,
GOLD,lipid,statins,31930,,0,
GOLD,lipid,statins,32909,,0,
GOLD,lipid,statins,32921,,0,
GOLD,lipid,statins,33082,,0,
GOLD,lipid,statins,3411,,0,
GOLD,lipid,statins,34312,,0,
GOLD,lipid,statins,34316,,0,
GOLD,lipid,statins,34353,,0,
GOLD,lipid,statins,34366,,0,
GOLD,lipid,statins,34376,,0,
GOLD,lipid,statins,34381,,0,
GOLD,lipid,statins,34476,,0,
GOLD,lipid,statins,34481,,0,
GOLD,lipid,statins,34502,,0,
GOLD,lipid,statins,34535,,0,
GOLD,lipid,statins,34545,,0,
GOLD,lipid,statins,34560,,0,
GOLD,lipid,statins,34746,,0,
GOLD,lipid,statins,34814,,0,
GOLD,lipid,statins,34820,,0,
GOLD,lipid,statins,34879,,0,
GOLD,lipid,statins,34891,,0,
GOLD,lipid,statins,34907,,0,
GOLD,lipid,statins,34955,,0,
GOLD,lipid,statins,34969,,0,
GOLD,lipid,statins,36377,,0,
GOLD,lipid,statins,3690,,0,
GOLD,lipid,statins,37434,,0,
GOLD,lipid,statins,379,,0,
GOLD,lipid,statins,39060,,0,
GOLD,lipid,statins,39652,,1,
GOLD,lipid,statins,39675,,1,
GOLD,lipid,statins,39870,,0,
GOLD,lipid,statins,40340,,0,
GOLD,lipid,statins,40382,,0,
GOLD,lipid,statins,40601,,0,
GOLD,lipid,statins,41657,,0,
GOLD,lipid,statins,42,,0,
GOLD,lipid,statins,420,,0,
GOLD,lipid,statins,43218,,0,
GOLD,lipid,statins,44528,,1,
GOLD,lipid,statins,44650,,0,
GOLD,lipid,statins,44878,,0,
GOLD,lipid,statins,45219,,0,
GOLD,lipid,statins,45235,,0,
GOLD,lipid,statins,45245,,0,
GOLD,lipid,statins,45346,,0,
GOLD,lipid,statins,46878,,0,
GOLD,lipid,statins,46956,,0,
GOLD,lipid,statins,47065,,0,
GOLD,lipid,statins,47090,,0,
GOLD,lipid,statins,47630,,0,
GOLD,lipid,statins,47721,,0,
GOLD,lipid,statins,47774,,0,
GOLD,lipid,statins,47948,,0,
GOLD,lipid,statins,47988,,0,
GOLD,lipid,statins,48018,,0,
GOLD,lipid,statins,48051,,0,
GOLD,lipid,statins,48058,,0,
GOLD,lipid,statins,48078,,0,
GOLD,lipid,statins,48097,,0,
GOLD,lipid,statins,48221,,1,
GOLD,lipid,statins,48346,,0,
GOLD,lipid,statins,48431,,1,
GOLD,lipid,statins,48518,,1,
GOLD,lipid,statins,48867,,0,
GOLD,lipid,statins,48973,,0,
GOLD,lipid,statins,490,,0,
GOLD,lipid,statins,49061,,0,
GOLD,lipid,statins,49062,,0,
GOLD,lipid,statins,49558,,0,
GOLD,lipid,statins,49587,,0,
GOLD,lipid,statins,4961,,0,
GOLD,lipid,statins,49751,,0,
GOLD,lipid,statins,5009,,0,
GOLD,lipid,statins,50236,,0,
GOLD,lipid,statins,50272,,0,
GOLD,lipid,statins,50483,,0,
GOLD,lipid,statins,50564,,0,
GOLD,lipid,statins,50670,,0,
GOLD,lipid,statins,50703,,0,
GOLD,lipid,statins,50754,,0,
GOLD,lipid,statins,50788,,0,
GOLD,lipid,statins,50790,,0,
GOLD,lipid,statins,50882,,0,
GOLD,lipid,statins,50925,,0,
GOLD,lipid,statins,50963,,0,
GOLD,lipid,statins,51,,0,
GOLD,lipid,statins,51085,,0,
GOLD,lipid,statins,51134,,0,
GOLD,lipid,statins,51166,,0,
GOLD,lipid,statins,51200,,0,
GOLD,lipid,statins,51233,,0,
GOLD,lipid,statins,51359,,0,
GOLD,lipid,statins,5148,,0,
GOLD,lipid,statins,51483,,0,
GOLD,lipid,statins,51622,,0,
GOLD,lipid,statins,51676,,0,
GOLD,lipid,statins,51715,,0,
GOLD,lipid,statins,51876,,0,
GOLD,lipid,statins,51890,,0,
GOLD,lipid,statins,52097,,0,
GOLD,lipid,statins,52098,,0,
GOLD,lipid,statins,52168,,0,
GOLD,lipid,statins,52211,,0,
GOLD,lipid,statins,52257,,0,
GOLD,lipid,statins,52397,,0,
GOLD,lipid,statins,52398,,0,
GOLD,lipid,statins,52459,,0,
GOLD,lipid,statins,52460,,0,
GOLD,lipid,statins,5251,,0,
GOLD,lipid,statins,52625,,0,
GOLD,lipid,statins,52676,,1,
GOLD,lipid,statins,52755,,0,
GOLD,lipid,statins,5278,,0,
GOLD,lipid,statins,52812,,0,
GOLD,lipid,statins,52821,,0,
GOLD,lipid,statins,52953,,0,
GOLD,lipid,statins,52962,,0,
GOLD,lipid,statins,53087,,0,
GOLD,lipid,statins,53340,,0,
GOLD,lipid,statins,53415,,0,
GOLD,lipid,statins,53460,,0,
GOLD,lipid,statins,53594,,0,
GOLD,lipid,statins,53676,,0,
GOLD,lipid,statins,53770,,0,
GOLD,lipid,statins,53772,,0,
GOLD,lipid,statins,53822,,0,
GOLD,lipid,statins,53887,,0,
GOLD,lipid,statins,53890,,0,
GOLD,lipid,statins,53908,,0,
GOLD,lipid,statins,53966,,0,
GOLD,lipid,statins,54240,,0,
GOLD,lipid,statins,54266,,1,
GOLD,lipid,statins,54435,,0,
GOLD,lipid,statins,54493,,0,
GOLD,lipid,statins,54535,,0,
GOLD,lipid,statins,54606,,1,
GOLD,lipid,statins,54607,,0,
GOLD,lipid,statins,54655,,0,
GOLD,lipid,statins,54819,,1,
GOLD,lipid,statins,54947,,0,
GOLD,lipid,statins,54976,,0,
GOLD,lipid,statins,54985,,1,
GOLD,lipid,statins,54992,,1,
GOLD,lipid,statins,55032,,0,
GOLD,lipid,statins,55034,,1,
GOLD,lipid,statins,55444,,0,
GOLD,lipid,statins,55452,,0,
GOLD,lipid,statins,55727,,0,
GOLD,lipid,statins,55912,,0,
GOLD,lipid,statins,56016,,0,
GOLD,lipid,statins,56065,,1,
GOLD,lipid,statins,56097,,0,
GOLD,lipid,statins,56146,,0,
GOLD,lipid,statins,56165,,0,
GOLD,lipid,statins,56182,,0,
GOLD,lipid,statins,56248,,0,
GOLD,lipid,statins,56481,,0,
GOLD,lipid,statins,56494,,0,
GOLD,lipid,statins,56564,,0,
GOLD,lipid,statins,56607,,0,
GOLD,lipid,statins,56735,,0,
GOLD,lipid,statins,56841,,0,
GOLD,lipid,statins,56893,,0,
GOLD,lipid,statins,56916,,0,
GOLD,lipid,statins,57108,,0,
GOLD,lipid,statins,57117,,0,
GOLD,lipid,statins,57137,,0,
GOLD,lipid,statins,57296,,0,
GOLD,lipid,statins,57329,,1,
GOLD,lipid,statins,57348,,0,
GOLD,lipid,statins,57397,,0,
GOLD,lipid,statins,57568,,0,
GOLD,lipid,statins,5775,,0,
GOLD,lipid,statins,57763,,0,
GOLD,lipid,statins,57834,,0,
GOLD,lipid,statins,57836,,0,
GOLD,lipid,statins,57999,,0,
GOLD,lipid,statins,58041,,0,
GOLD,lipid,statins,58110,,0,
GOLD,lipid,statins,58315,,0,
GOLD,lipid,statins,58394,,0,
GOLD,lipid,statins,58418,,0,
GOLD,lipid,statins,58617,,1,
GOLD,lipid,statins,58742,,0,
GOLD,lipid,statins,58755,,0,
GOLD,lipid,statins,58834,,0,
GOLD,lipid,statins,58868,,0,
GOLD,lipid,statins,59272,,0,
GOLD,lipid,statins,59278,,0,
GOLD,lipid,statins,59331,,0,
GOLD,lipid,statins,59357,,0,
GOLD,lipid,statins,59446,,0,
GOLD,lipid,statins,59447,,0,
GOLD,lipid,statins,59452,,0,
GOLD,lipid,statins,59508,,0,
GOLD,lipid,statins,59776,,0,
GOLD,lipid,statins,5985,,0,
GOLD,lipid,statins,59859,,0,
GOLD,lipid,statins,60160,,0,
GOLD,lipid,statins,60251,,0,
GOLD,lipid,statins,60464,,1,
GOLD,lipid,statins,60511,,0,
GOLD,lipid,statins,60607,,0,
GOLD,lipid,statins,60989,,0,
GOLD,lipid,statins,61134,,0,
GOLD,lipid,statins,61149,,0,
GOLD,lipid,statins,61155,,1,
GOLD,lipid,statins,61321,,0,
GOLD,lipid,statins,61360,,0,
GOLD,lipid,statins,61665,,0,
GOLD,lipid,statins,6168,,0,
GOLD,lipid,statins,6213,,0,
GOLD,lipid,statins,62137,,0,
GOLD,lipid,statins,62148,,0,
GOLD,lipid,statins,62219,,0,
GOLD,lipid,statins,62429,,0,
GOLD,lipid,statins,62476,,0,
GOLD,lipid,statins,62979,,0,
GOLD,lipid,statins,63074,,0,
GOLD,lipid,statins,63140,,0,
GOLD,lipid,statins,63249,,0,
GOLD,lipid,statins,63469,,0,
GOLD,lipid,statins,63787,,0,
GOLD,lipid,statins,64067,,1,
GOLD,lipid,statins,64104,,0,
GOLD,lipid,statins,64180,,0,
GOLD,lipid,statins,64307,,0,
GOLD,lipid,statins,64702,,0,
GOLD,lipid,statins,64810,,0,
GOLD,lipid,statins,64825,,0,
GOLD,lipid,statins,64868,,0,
GOLD,lipid,statins,64968,,0,
GOLD,lipid,statins,65181,,0,
GOLD,lipid,statins,65193,,0,
GOLD,lipid,statins,65679,,0,
GOLD,lipid,statins,65901,,0,
GOLD,lipid,statins,65925,,1,
GOLD,lipid,statins,66963,,0,
GOLD,lipid,statins,713,,0,
GOLD,lipid,statins,7196,,0,
GOLD,lipid,statins,730,,0,
GOLD,lipid,statins,7347,,0,
GOLD,lipid,statins,7374,,0,
GOLD,lipid,statins,745,,0,
GOLD,lipid,statins,75,,0,
GOLD,lipid,statins,7552,,1,ezetimibe|statin
GOLD,lipid,statins,7554,,0,
GOLD,lipid,statins,802,,0,
GOLD,lipid,statins,818,,1,
GOLD,lipid,statins,8380,,1,
GOLD,lipid,statins,9153,,1,
GOLD,lipid,statins,9315,,0,
GOLD,lipid,statins,9316,,0,
GOLD,lipid,statins,9897,,0,
GOLD,lipid,statins,9920,,0,
GOLD,lipid,statins,9930,,0,
GOLD,t2d,dpp4i,35022,Sitagliptin 100mg tablets,0,
GOLD,t2d,dpp4i,35462,Januvia 100mg tablets (Merck Sharp & Dohme Ltd),0,
GOLD,t2d,dpp4i,37875,Vildagliptin 50mg tablets,0,
GOLD,t2d,dpp4i,39149,Galvus 50mg tablets (Novartis Pharmaceuticals UK Ltd),0,
GOLD,t2d,dpp4i,41204,Saxagliptin 5mg tablets,0,
GOLD,t2d,dpp4i,41431,Onglyza 5mg tablets (AstraZeneca UK Ltd),0,
GOLD,t2d,dpp4i,45775,Saxagliptin 2.5mg tablets,0,
GOLD,t2d,dpp4i,45821,Onglyza 2.5mg tablets (AstraZeneca UK Ltd),0,
GOLD,t2d,dpp4i,46665,Linagliptin 5mg tablets,0,
GOLD,t2d,dpp4i,46716,Trajenta 5mg tablets (Boehringer Ingelheim Ltd),0,
GOLD,t2d,dpp4i,48401,Sitagliptin 50mg tablets,0,
GOLD,t2d,dpp4i,48533,Sitagliptin 25mg tablets,0,
GOLD,t2d,dpp4i,50087,Januvia 50mg tablets (Merck Sharp & Dohme Ltd),0,
GOLD,t2d,dpp4i,50124,Januvia 25mg tablets (Merck Sharp & Dohme Ltd),0,
GOLD,t2d,dpp4i,59177,Alogliptin 25mg tablets,0,
GOLD,t2d,dpp4i,59809,Alogliptin 6.25mg tablets,0,
GOLD,t2d,dpp4i,60328,Alogliptin 12.5mg tablets,0,
GOLD,t2d,dpp4i,60681,Vipidia 12.5mg tablets (Takeda UK Ltd),0,
GOLD,t2d,dpp4i,60682,Vipidia 25mg tablets (Takeda UK Ltd),0,
GOLD,t2d,dpp4i,62326,Vipidia 6.25mg tablets (Takeda UK Ltd),0,
GOLD,t2d,dpp4i,68258,Alogliptin 25mg tablets (Colorama Pharmaceuticals Ltd),0,
GOLD,t2d,dpp4i,69459,Alogliptin 25mg tablets (Ennogen Healthcare Ltd),0,
GOLD,t2d,dpp4i,72539,Sitagliptin 50mg/5ml oral solution,0,
GOLD,t2d,dpp4i,73150,Sitagliptin 100mg tablets (Waymade Healthcare Plc),0,
GOLD,t2d,dpp4i,74051,Onglyza 5mg tablets (Sigma Pharmaceuticals Plc),0,
GOLD,t2d,dpp4i,77978,Januvia 50mg tablets (Pharmaram Ltd),0,
GOLD,t2d,dpp4i,82985,Sitagliptin 50mg/5ml oral suspension,0,
GOLD,t2d,dpp4i,88019,Sitagliptin 100mg/5ml oral solution sugar free,0,
GOLD,t2d,dpp4i,88993,Sitagliptin 25mg/ml oral solution sugar free (A A H Pharmaceuticals Ltd),0,
GOLD,t2d,dpp4i,89021,Sitagliptin 100mg tablets (Dr Reddy's Laboratories (UK) Ltd),0,
GOLD,t2d,dpp4i,90375,Sitagliptin 125mg/5ml oral solution sugar free,0,
GOLD,t2d,glinide,11316,NovoNorm 500microgram tablets (Novo Nordisk Ltd),0,
GOLD,t2d,glinide,11321,NovoNorm 1mg tablets (Novo Nordisk Ltd),0,
GOLD,t2d,glinide,11366,NovoNorm 2mg tablets (Novo Nordisk Ltd),0,
GOLD,t2d,glinide,11483,Nateglinide 60mg tablets,0,
GOLD,t2d,glinide,15955,Starlix 120mg tablets (Novartis Pharmaceuticals UK Ltd),0,
GOLD,t2d,glinide,23945,Starlix 60mg tablets (Novartis Pharmaceuticals UK Ltd),0,
GOLD,t2d,glinide,27125,Starlix 180mg tablets (Novartis Pharmaceuticals UK Ltd),0,
GOLD,t2d,glinide,35561,Prandin 2mg tablets (Novo Nordisk Ltd),0,
GOLD,t2d,glinide,36774,Prandin 1mg tablets (Novo Nordisk Ltd),0,
GOLD,t2d,glinide,36948,Prandin 0.5mg tablets (Novo Nordisk Ltd),0,
GOLD,t2d,glinide,52203,Enyglid 0.5mg tablets (Consilient Health Ltd),0,
GOLD,t2d,glinide,5678,Nateglinide 120mg tablets,0,
GOLD,t2d,glinide,5989,Nateglinide 180mg tablets,0,
GOLD,t2d,glinide,61925,NovoNorm 500microgram tablets (Waymade Healthcare Plc),0,
GOLD,t2d,glinide,74860,NovoNorm 1mg tablets (Waymade Healthcare Plc),0,
GOLD,t2d,glinide,9707,Repaglinide 1mg tablets,0,
GOLD,t2d,glinide,9748,Repaglinide 2mg tablets,0,
GOLD,t2d,glinide,9865,Repaglinide 500microgram tablets,0,
GOLD,t2d,glp1ra,35144,Byetta 5micrograms/0.02ml solution for injection 1.2ml pre-filled pens (AstraZeneca UK Ltd),0,
GOLD,t2d,glp1ra,35149,Exenatide 10micrograms/0.04ml solution for injection 2.4ml pre-filled disposable devices,0,
GOLD,t2d,glp1ra,35150,Byetta 10micrograms/0.04ml solution for injection 2.4ml pre-filled pens (AstraZeneca UK Ltd),0,
GOLD,t2d,glp1ra,35251,Exenatide 5micrograms/0.02ml solution for injection 1.2ml pre-filled disposable devices,0,
GOLD,t2d,glp1ra,40642,Victoza 6mg/ml solution for injection 3ml pre-filled pens (Novo Nordisk Ltd),0,
GOLD,t2d,glp1ra,40693,Liraglutide 6mg/ml solution for injection 3ml pre-filled disposable devices,0,
GOLD,t2d,glp1ra,46458,Exenatide 2mg powder and solvent for prolonged-release suspension for injection vials,0,
GOLD,t2d,glp1ra,46469,Bydureon 2mg powder and solvent for prolonged-release suspension for injection vials (AstraZeneca UK Ltd),0,
GOLD,t2d,glp1ra,55413,Lixisenatide 20micrograms/0.2ml solution for injection 3ml pre-filled disposable devices,0,
GOLD,t2d,glp1ra,55459,Lixisenatide 10micrograms/0.2ml solution for injection 3ml pre-filled disposable devices,0,
GOLD,t2d,glp1ra,55723,Lixisenatide 10micrograms/0.2ml solution for injection 3ml pre-filled disposable devices and Lixisenatide 20micrograms/0.2ml solution for injection 3ml pre-filled disposable devices,0,
GOLD,t2d,glp1ra,55728,Lyxumia 10micrograms/0.2ml solution for injection 3ml pre-filled pens (Sanofi),0,
GOLD,t2d,glp1ra,55729,Lyxumia 20micrograms/0.2ml solution for injection 3ml pre-filled pens (Sanofi),0,
GOLD,t2d,glp1ra,55767,Lyxumia 10micrograms/20micrograms treatment initiation pack (Sanofi),0,
GOLD,t2d,glp1ra,62661,Bydureon 2mg powder and solvent for prolonged-release suspension for injection pre-filled pens (AstraZeneca UK Ltd),0,
GOLD,t2d,glp1ra,62904,Exenatide 2mg powder and solvent for prolonged-release suspension for injection pre-filled disposable devices,0,
GOLD,t2d,glp1ra,63336,Trulicity 1.5mg/0.5ml solution for injection pre-filled pen (Eli Lilly and Company Ltd),0,
GOLD,t2d,glp1ra,63401,Trulicity 0.75mg/0.5ml solution for injection pre-filled pens (Eli Lilly and Company Ltd),0,
GOLD,t2d,glp1ra,63785,Dulaglutide 0.75mg/0.5ml solution for injection pre-filled disposable devices,0,
GOLD,t2d,glp1ra,63823,Dulaglutide 1.5mg/0.5ml solution for injection pre-filled disposable devices,0,
GOLD,t2d,glp1ra,64622,Bydureon 2mg powder and solvent for prolonged-release suspension for injection vials (Lexon (UK) Ltd),0,
GOLD,t2d,glp1ra,75397,Semaglutide 0.25mg/0.19ml solution for injection 1.5ml pre-filled disposable devices,0,
GOLD,t2d,glp1ra,75740,Ozempic 0.25mg/0.19ml solution for injection 1.5ml pre-filled pens (Novo Nordisk Ltd),0,
GOLD,t2d,glp1ra,75938,Ozempic 0.5mg/0.37ml solution for injection 1.5ml pre-filled pens (Novo Nordisk Ltd),0,
GOLD,t2d,glp1ra,75987,Semaglutide 0.5mg/0.37ml solution for injection 1.5ml pre-filled disposable device,0,
GOLD,t2d,glp1ra,76021,Ozempic 1mg/0.74ml solution for injection 3ml pre-filled pens (Novo Nordisk Ltd),0,
GOLD,t2d,glp1ra,76624,Semaglutide 1mg/0.74ml solution for injection 3ml pre-filled disposable device,0,
GOLD,t2d,glp1ra,80810,Bydureon BCise 2mg/0.85ml prolonged-release suspension for injection pre-filled pens (AstraZeneca UK Ltd),0,
GOLD,t2d,glp1ra,80987,Exenatide 2mg/0.85ml prolonged-release suspension for injection pre-filled disposable devices,0,
GOLD,t2d,glp1ra,81073,Victoza 6mg/ml solution for injection 3ml pre-filled pens (Mawdsley-Brooks & Company Ltd),0,
GOLD,t2d,glp1ra,82174,Semaglutide 3mg tablets,0,
GOLD,t2d,glp1ra,82258,Rybelsus 3mg tablets (Novo Nordisk Ltd),0,
GOLD,t2d,glp1ra,82697,Rybelsus 7mg tablets (Novo Nordisk Ltd),0,
GOLD,t2d,glp1ra,82709,Semaglutide 7mg tablets,0,
GOLD,t2d,glp1ra,82909,Semaglutide 14mg tablets,0,
GOLD,t2d,glp1ra,83130,Dulaglutide 3mg/0.5ml solution for injection pre-filled disposable devices,0,
GOLD,t2d,glp1ra,83262,Trulicity 3mg/0.5ml solution for injection pre-filled pens (Eli Lilly and Company Ltd),0,
GOLD,t2d,glp1ra,83632,Dulaglutide 4.5mg/0.5ml solution for injection pre-filled disposable devices,0,
GOLD,t2d,glp1ra,83706,Rybelsus 14mg tablets (Novo Nordisk Ltd),0,
GOLD,t2d,glp1ra,83847,Trulicity 4.5mg/0.5ml solution for injection pre-filled pens (Eli Lilly and Company Ltd),0,
GOLD,t2d,glp1ra,85945,Bydureon 2mg powder and solvent for prolonged-release suspension for injection pre-filled pens (CST Pharma Ltd),0,
GOLD,t2d,glp1ra,89317,Semaglutide 0.25mg/0.37ml solution for injection 1.5ml pre-filled disposable devices,0,
GOLD,t2d,glp1ra,89481,Semaglutide 1mg/0.75ml solution for injection 3ml pre-filled disposable devices,0,
GOLD,t2d,glp1ra,90626,Ozempic 1mg/0.74ml solution for injection 3ml pre-filled pens (Novo Nordisk Ltd),0,
GOLD,t2d,insulin,10001,Humalog Mix50 pens 100units/ml suspenssion for injection 3ml pre-filled pens (Eli Lilly and Company Ltd),0,
GOLD,t2d,insulin,10067,Insulin biphasic aspart human pyr 30:70; 100 units/ml Injection,0,
GOLD,t2d,insulin,10175,Insulin isophane human 100units/ml suspension for injection 1.5ml cartridges,0,
GOLD,t2d,insulin,10184,Insulin detemir 100 iu/ml Solution for injection,0,
GOLD,t2d,insulin,10207,Insulin isophane human 100units/ml suspension for injection 3ml cartridges,0,
GOLD,t2d,insulin,10208,Insulatard InnoLet 100units/ml suspenssion for injection 3ml pre-filled pens (Novo Nordisk Ltd),0,
GOLD,t2d,insulin,10225,Lantus 100units/ml solution for injection 3ml OptiClik cartridges (Sanofi),0,
GOLD,t2d,insulin,10229,Humulin I pens 100units/ml suspenssion for injection 3ml pre-filled pens (Eli Lilly and Company Ltd),0,
GOLD,t2d,insulin,10243,Humalog Mix25 100units/ml suspension for injection 3ml cartridges (Eli Lilly and Company Ltd),0,
GOLD,t2d,insulin,10244,Mixtard 40 Penfill 100units/ml suspension for injection 3ml cartridges (Novo Nordisk Ltd),0,
GOLD,t2d,insulin,10245,Mixtard 10 Penfill 100units/ml suspension for injection 3ml cartridges (Novo Nordisk Ltd),0,
GOLD,t2d,insulin,10259,Insulin glargine 100units/ml solution for injection 10ml vials,0,
GOLD,t2d,insulin,10264,Humalog pens 100units/ml solution for injection 3ml pre-filled pens (Eli Lilly and Company Ltd),0,
GOLD,t2d,insulin,10277,Humulin M3 100units/ml suspension for injection 3ml cartridges (Eli Lilly and Company Ltd),0,
GOLD,t2d,insulin,10484,Penmix 20/80 Penfill (Novo Nordisk Ltd),0,
GOLD,t2d,insulin,10545,INSULIN HUMULIN M4 CARTRIDGE 100 I/U,0,
GOLD,t2d,insulin,10546,INSULIN HUMULIN M4 100 I/U INJ,0,
GOLD,t2d,insulin,10547,Humulin Lente 100units/ml suspension for injection 10ml vials (Eli Lilly and Company Ltd),0,
GOLD,t2d,insulin,10566,INSULIN HUMULIN M CARTRIDGE 100 I/U,0,
GOLD,t2d,insulin,10572,Insulin soluble bovine 100unit/ml Injection,0,
GOLD,t2d,insulin,10691,INSULIN ISOPHANE (NPH) 100 I/U INJ,0,
GOLD,t2d,insulin,10887,Penmix 40/60 100iu/ml Penfill (Novo Nordisk Ltd),0,
GOLD,t2d,insulin,10910,Humaject m2 100iu/ml M2 pen (Eli Lilly and Company Ltd),0,
GOLD,t2d,insulin,10915,Humaject m1 100iu/ml M1 pen (Eli Lilly and Company Ltd),0,
GOLD,t2d,insulin,11055,Insulin biphasic isophane human pyr 20:80; 100 units/ml Injection,0,
GOLD,t2d,insulin,11056,Insulin biphasic isophane human pyr 30:70; 100 units/ml Injection,0,
GOLD,t2d,insulin,11080,Insulin isophane human prb 100iu/ml Injection,0,
GOLD,t2d,insulin,11107,Humulin m4 100unit/ml M4 injection (Eli Lilly and Company Ltd),0,
GOLD,t2d,insulin,11337,NovoRapid Novolet 100units/ml solution for injection (Novo Nordisk Ltd),0,
GOLD,t2d,insulin,12035,Insulin zinc mixed bovine 100units/ml suspension for injection 10ml vials,0,
GOLD,t2d,insulin,12060,INSULIN QUICKSOL (SOLUBLE NEUTRAL) 100 I/U INJ,0,
GOLD,t2d,insulin,12244,INSULIN ZINC BOVINE susp 100 I/U INJ,0,
GOLD,t2d,insulin,12297,Hypurin bovine neutral 100unit/ml Injection (C P Pharmaceuticals Ltd),0,
GOLD,t2d,insulin,12299,Semitard mc 100unit/ml Injection (Novo Nordisk Ltd),0,
GOLD,t2d,insulin,12638,Insulin soluble human pyr 100unit/ml Injection,0,
GOLD,t2d,insulin,12654,Insulin soluble human prb 100unit/ml Injection,0,
GOLD,t2d,insulin,12818,Human Mixtard 50 100units/ml suspension for injection 10ml vials (Novo Nordisk Ltd),0,
GOLD,t2d,insulin,13277,Mixtard 50 Penfill 100units/ml suspension for injection 3ml cartridges (Novo Nordisk Ltd),0,
GOLD,t2d,insulin,13416,Insulin biphasic 100 units/ml Injection,0,
GOLD,t2d,insulin,13516,Hypurin bovine isophane 100unit/ml Injection (C P Pharmaceuticals Ltd),0,
GOLD,t2d,insulin,13550,INSULIN BP 100 I/U,0,
GOLD,t2d,insulin,13622,Hypurin porcine neutral 100unit/ml Injection (C P Pharmaceuticals Ltd),0,
GOLD,t2d,insulin,13729,Insulin isophane human emp 100unit/ml Injection,0,
GOLD,t2d,insulin,13819,Hypurin Porcine Isophane 100units/ml suspension for injection 1.5ml cartridges (C P Pharmaceuticals Ltd),0,
GOLD,t2d,insulin,13837,Insulin biphasic isophane human prb 10:90; 100 units/ml Injection,0,
GOLD,t2d,insulin,14270,Humalog Mix25 pens 100units/ml suspenssion for injection 3ml pre-filled pens (Eli Lilly and Company Ltd),0,
GOLD,t2d,insulin,14290,Insulatard Penfill 100units/ml suspension for injection 3ml cartridges (Novo Nordisk Ltd),0,
GOLD,t2d,insulin,14299,Insulin glulisine 100units/ml solution for injection 3ml cartridges,0,
GOLD,t2d,insulin,14301,Insulin detemir 100units/ml solution for injection 3ml cartridges,0,
GOLD,t2d,insulin,14313,Insulin lispro 100units/ml solution for injection 3ml cartridges,0,
GOLD,t2d,insulin,14330,Insulin detemir 100units/ml solution for injection 3ml pre-filled disposable devices,0,
GOLD,t2d,insulin,14339,Hypurin Bovine Neutral 100units/ml solution for injection 10ml vials (Wockhardt UK Ltd),0,
GOLD,t2d,insulin,14340,Hypurin Bovine Isophane 100units/ml suspension for injection 10ml vials (Wockhardt UK Ltd),0,
GOLD,t2d,insulin,14345,Apidra 100units/ml solution for injection 3ml cartridges (Sanofi),0,
GOLD,t2d,insulin,14357,Humulin I 100units/ml suspension for injection 3ml cartridges (Eli Lilly and Company Ltd),0,
GOLD,t2d,insulin,14362,Insulin lispro 100units/ml solution for injection 3ml pre-filled disposable devices,0,
GOLD,t2d,insulin,14504,INSULIN HYPURIN PROTAMINE ZINC 100 I/U INJ,0,
GOLD,t2d,insulin,14505,Insulin protamine zinc bovine 100units/ml suspension for injection 10ml vials,0,
GOLD,t2d,insulin,14506,INSULIN BOVINE PROTAMINE ZINC 100 I/U INJ,0,
GOLD,t2d,insulin,14619,Insulin isophane biphasic porcine 30/70 100units/ml suspension for injection 1.5ml cartridges,0,
GOLD,t2d,insulin,14644,Insulin biphasic isophane human prb 20:80; 100 units/ml Injection,0,
GOLD,t2d,insulin,14649,Insulin biphasic isophane human pyr 10:90; 100 units/ml Injection,0,
GOLD,t2d,insulin,14918,Humulin I 100units/ml suspension for injection 10ml vials (Eli Lilly and Company Ltd),0,
GOLD,t2d,insulin,14925,Insulin isophane human vial 100unit/ml Sterile suspension injection,0,
GOLD,t2d,insulin,14928,Insulatard 100units/ml suspension for injection 10ml vials (Novo Nordisk Ltd),0,
GOLD,t2d,insulin,14930,Hypurin Porcine Neutral 100units/ml solution for injection 3ml cartridges (Wockhardt UK Ltd),0,
GOLD,t2d,insulin,14933,Hypurin Porcine Isophane 100units/ml suspension for injection 3ml cartridges (Wockhardt UK Ltd),0,
GOLD,t2d,insulin,14938,Insulin soluble bovine cartridge 100unit/ml Solution for injection,0,
GOLD,t2d,insulin,14944,Humulin S 100units/ml solution for injection 3ml cartridges (Eli Lilly and Company Ltd),0,
GOLD,t2d,insulin,15040,INSULIN MONOPHANE (ISOPHANE) 100 I/U INJ,0,
GOLD,t2d,insulin,15199,Insuman comb 25 100iu/ml Injection (Aventis Pharma),0,
GOLD,t2d,insulin,15484,Insulin isophane bovine 100units/ml suspension for injection 1.5ml cartridges,0,
GOLD,t2d,insulin,15624,INSULIN ISOPHANE (HIGHLY PURIFIED) 100 I/U INJ,0,
GOLD,t2d,insulin,15710,Insulin soluble human emp 100unit/ml Injection,0,
GOLD,t2d,insulin,1587,Monotard 100units/ml suspension for injection 10ml vials (Novo Nordisk Ltd),0,
GOLD,t2d,insulin,1588,Actrapid 100iu/ml Injection (Novo Nordisk Ltd),0,
GOLD,t2d,insulin,1592,Actrapid penfill 100 100iu/ml Penfill (Novo Nordisk Ltd),0,
GOLD,t2d,insulin,1593,Insulatard Penfill 100units/ml suspension for injection 3ml cartridges (Novo Nordisk Ltd),0,
GOLD,t2d,insulin,1594,Actrapid NovoLet 100units/ml solution for injection (Novo Nordisk Ltd),0,
GOLD,t2d,insulin,1595,Insulatard NovoLet 100units/ml suspension for injection (Novo Nordisk Ltd),0,
GOLD,t2d,insulin,15961,Insulin isophane human crb 100iu/ml Injection,0,
GOLD,t2d,insulin,16129,Insulin soluble human 100units/ml solution for injection 3ml cartridges,0,
GOLD,t2d,insulin,16142,Insulin aspart 100units/ml solution for injection 3ml cartridges,0,
GOLD,t2d,insulin,16152,Insulin isophane biphasic human 30/70 100units/ml suspension for injection 3ml cartridges,0,
GOLD,t2d,insulin,16160,Humulin M3 pens 100units/ml suspenssion for injection 3ml pre-filled pens (Eli Lilly and Company Ltd),0,
GOLD,t2d,insulin,16209,INSULIN HYPURIN SOLUBLE 100 I/U INJ,0,
GOLD,t2d,insulin,1643,INSULIN NOVO MONOTARD MC 100 I/U INJ,0,
GOLD,t2d,insulin,1645,INSULIN NOVO ACTRAPID MC 100 I/U INJ,0,
GOLD,t2d,insulin,1649,Human actraphane 100iu/ml Injection (Novo Nordisk Ltd),0,
GOLD,t2d,insulin,16682,Tempulin 100unit/ml Injection (Knoll Ltd),0,
GOLD,t2d,insulin,16700,Insulin zinc mixed bovine vial 100unit/ml Sterile suspension injection,0,
GOLD,t2d,insulin,17336,Novopen 100unit/ml Injection device (Novo Nordisk Ltd),0,
GOLD,t2d,insulin,17712,Hypurin Bovine Lente 100units/ml suspension for injection 10ml vials (Wockhardt UK Ltd),0,
GOLD,t2d,insulin,17731,Penmix 50/50 100iu/ml Injection (Novo Nordisk Ltd),0,
GOLD,t2d,insulin,17809,Humaject m4 100iu/ml M4 pen (Eli Lilly and Company Ltd),0,
GOLD,t2d,insulin,1805,Mixtard 30/70 100unit/ml Injection (Novo Nordisk Ltd),0,
GOLD,t2d,insulin,1806,Penmix 30/70 100iu/ml Penfill (Novo Nordisk Ltd),0,
GOLD,t2d,insulin,18224,Humalog 100units/ml solution for injection 10ml vials (Eli Lilly and Company Ltd),0,
GOLD,t2d,insulin,18301,INSULIN SOLUBLE INJ I/U^2,0,
GOLD,t2d,insulin,1839,INSULIN HUMULIN I (ISOPHANE) 100 I/U INJ,0,
GOLD,t2d,insulin,1840,Humulin s 100unit/ml Injection (Eli Lilly and Company Ltd),0,
GOLD,t2d,insulin,1842,Pork velosulin 100unit/ml Injection (Novo Nordisk Ltd),0,
GOLD,t2d,insulin,1843,Pork Insulatard 100units/ml suspension for injection 10ml vials (Novo Nordisk Ltd),0,
GOLD,t2d,insulin,1844,Ultratard 100units/ml suspension for injection 10ml vials (Novo Nordisk Ltd),0,
GOLD,t2d,insulin,18461,Insulin zinc mixed human 100units/ml suspension for injection 10ml vials,0,
GOLD,t2d,insulin,18590,Insulin isophane bovine 100units/ml suspension for injection 10ml vials,0,
GOLD,t2d,insulin,18592,Insulin soluble bovine 100units/ml solution for injection 10ml vials,0,
GOLD,t2d,insulin,18593,Humalog Mix50 100units/ml suspension for injection 3ml cartridges (Eli Lilly and Company Ltd),0,
GOLD,t2d,insulin,18645,INSULIN NEUTRAL (PURIFIED) 100 I/U INJ,0,
GOLD,t2d,insulin,1886,Insulatard 100iu/ml GE injection (Novo Nordisk Ltd),0,
GOLD,t2d,insulin,18931,Insulin zinc crystalline human 100units/ml suspension for injection 10ml vials,0,
GOLD,t2d,insulin,19491,Apidra 100units/ml solution for injection 10ml vials (Sanofi),0,
GOLD,t2d,insulin,19513,Humulin M3 100units/ml suspension for injection 10ml vials (Eli Lilly and Company Ltd),0,
GOLD,t2d,insulin,19707,INSULIN HUMULIN S (NEUTRAL SOLUBLE),0,
GOLD,t2d,insulin,19829,INSULIN NOVO MONOTARD MC,0,
GOLD,t2d,insulin,19877,Insulin aspart 100units/ml solution for injection 3ml pre-filled disposable devices,0,
GOLD,t2d,insulin,19878,Insulin isophane biphasic human 30/70 100units/ml suspension for injection 3ml pre-filled disposable devices,0,
GOLD,t2d,insulin,20195,INSULIN BOVINE PROTAMINE ZINC 40 I/U INJ,0,
GOLD,t2d,insulin,20196,INSULIN SOLUBLE 40 I/U INJ,0,
GOLD,t2d,insulin,20422,Insuman comb 15 100iu/ml Injection (Aventis Pharma),0,
GOLD,t2d,insulin,20671,INSULIN HUM/ACTRAPHANE,0,
GOLD,t2d,insulin,20672,INSULIN HUM/ACTRAPID,0,
GOLD,t2d,insulin,20995,Hypurin Porcine 30/70 Mix 100units/ml suspension for injection 3ml cartridges (Wockhardt UK Ltd),0,
GOLD,t2d,insulin,21110,Insulin biphasic isophane human prb 50:50; 100 units/ml Injection,0,
GOLD,t2d,insulin,21232,Insulin isophane biphasic human 30/70 100units/ml suspension for injection 10ml vials,0,
GOLD,t2d,insulin,21235,Humulin S 100units/ml solution for injection 10ml vials (Eli Lilly and Company Ltd),0,
GOLD,t2d,insulin,21347,Penmix 40/60 100iu/ml Injection (Novo Nordisk Ltd),0,
GOLD,t2d,insulin,21374,Insulin biphasic isophane human prb 40:60; 100 units/ml Injection,0,
GOLD,t2d,insulin,21395,Insulin biphasic isophane human pyr 40:60; 100 units/ml Injection,0,
GOLD,t2d,insulin,21422,Insulin isophane biphasic human 40/60 100units/ml suspension for injection 3ml cartridges,0,
GOLD,t2d,insulin,21554,Insuman comb 50 100iu/ml Injection (Aventis Pharma),0,
GOLD,t2d,insulin,21583,Apidra 100units/ml solution for injection 3ml pre-filled OptiSet pens (Sanofi),0,
GOLD,t2d,insulin,21590,Insulin glulisine 100units/ml solution for injection 3ml pre-filled disposable devices,0,
GOLD,t2d,insulin,21945,INSULIN PORK INSULATARD,0,
GOLD,t2d,insulin,22058,Pur-in mix 15/85 Injection (C P Pharmaceuticals Ltd),0,
GOLD,t2d,insulin,22094,INSULIN HUMULIN M2 VIAL,0,
GOLD,t2d,insulin,22155,Humaject m5 100iu/ml M5 pen (Eli Lilly and Company Ltd),0,
GOLD,t2d,insulin,22161,INSULIN HUMULIN M1 VIAL,0,
GOLD,t2d,insulin,2220,Penmix 20/80 Pen (Novo Nordisk Ltd),0,
GOLD,t2d,insulin,2221,Mixtard 30 NovoLet 100units/ml suspension for injection (Novo Nordisk Ltd),0,
GOLD,t2d,insulin,22496,INSULIN ZINC LENTE PURIFIED SUSPENSION,0,
GOLD,t2d,insulin,22697,Insulin isophane biphasic human 50/50 100units/ml suspension for injection 1.5ml cartridges,0,
GOLD,t2d,insulin,22806,INSULIN PORK ACTRAPID,0,
GOLD,t2d,insulin,22823,INSULIN ISOPHANE (PURIFIED) 100 I/U INJ,0,
GOLD,t2d,insulin,22945,Insuman rapid 100iu/ml Injection (Aventis Pharma),0,
GOLD,t2d,insulin,22983,Insuman Rapid 100units/ml solution for injection 3ml cartridges (Sanofi),0,
GOLD,t2d,insulin,23003,INSULIN ISOPHANE (NPH) 40 I/U,0,
GOLD,t2d,insulin,23099,Insulin aspart biphasic 30/70 100units/ml suspension for injection 3ml pre-filled disposable devices,0,
GOLD,t2d,insulin,23231,Hypurin Bovine Neutral 100units/ml solution for injection 3ml cartridges (Wockhardt UK Ltd),0,
GOLD,t2d,insulin,2373,INSULIN HUMAN VELOSULIN 100 I/U INJ,0,
GOLD,t2d,insulin,23992,Insuman Basal 100units/ml suspension for injection 3ml pre-filled OptiSet pens(Sanofi),0,
GOLD,t2d,insulin,23993,Insuman Rapid 100units/ml solution for injection 3ml pre-filled OptiSet pens(Sanofi),0,
GOLD,t2d,insulin,24002,Insuman Comb 25 100units/ml suspension for injection 5ml vials (Sanofi),0,
GOLD,t2d,insulin,24485,INSULIN ZINC ANIMAL SUSPENSION,0,
GOLD,t2d,insulin,2454,Mixtard 30 Penfill 100units/ml suspension for injection 3ml cartridges (Novo Nordisk Ltd),0,
GOLD,t2d,insulin,2455,Mixtard 20 NovoLet 100units/ml suspension for injection (Novo Nordisk Ltd),0,
GOLD,t2d,insulin,2456,Mixtard 10 NovoLet 100units/ml suspension for injection (Novo Nordisk Ltd),0,
GOLD,t2d,insulin,2459,Pork Mixtard 30 100units/ml suspension for injection 10ml vials (Novo Nordisk Ltd),0,
GOLD,t2d,insulin,24593,Neutral insulin bovine 100unit/ml Injection,0,
GOLD,t2d,insulin,24722,INSULIN ISOPHANE 50%/NEUTRAL 50% 100 I/U INJ,0,
GOLD,t2d,insulin,24795,Insulin aspart biphasic 30/70 100units/ml suspension for injection 3ml cartridges,0,
GOLD,t2d,insulin,24800,Hypurin Porcine 30/70 Mix 100units/ml suspension for injection 10ml vials (Wockhardt UK Ltd),0,
GOLD,t2d,insulin,24845,INSULIN PUR-IN ISOPHANE 100 I/U INJ,0,
GOLD,t2d,insulin,24846,Pur-in neutral 100unit/ml Injection (C P Pharmaceuticals Ltd),0,
GOLD,t2d,insulin,24866,INSULIN INSULATARD (LEO RETARD) 40 I/U INJ,0,
GOLD,t2d,insulin,24993,Insuman Comb 25 100units/ml suspension for injection 3ml cartridges (Sanofi),0,
GOLD,t2d,insulin,25006,INSULIN HUMAN ACTRAPID (NEUTRAL),0,
GOLD,t2d,insulin,25133,Insuman Comb 25 100units/ml suspenssion for injection 3ml pre-filled OptiSet pens (Sanofi),0,
GOLD,t2d,insulin,25479,Insulin soluble porcine 100units/ml solution for injection 3ml cartridges,0,
GOLD,t2d,insulin,25735,Insulin isophane biphasic human 20/80 100units/ml suspension for injection 3ml cartridges,0,
GOLD,t2d,insulin,25736,Insulin isophane biphasic human 10/90 100units/ml suspension for injection 3ml cartridges,0,
GOLD,t2d,insulin,25812,Insulin isophane human 100units/ml suspension for injection 3ml pre-filled disposable devices,0,
GOLD,t2d,insulin,26060,Insulin lispro 100units/ml solution for injection 10ml vials,0,
GOLD,t2d,insulin,26098,Hypurin Porcine Neutral 100units/ml solution for injection 10ml vials (Wockhardt UK Ltd),0,
GOLD,t2d,insulin,26403,Pur-in mix 25/75 Injection (C P Pharmaceuticals Ltd),0,
GOLD,t2d,insulin,26498,Insulin zinc suspension mixed bovine and porcine 100unit/ml Injection,0,
GOLD,t2d,insulin,26621,Insulin soluble human crb 100iu/ml Injection,0,
GOLD,t2d,insulin,26784,INSULIN ZINC SEMILENTE SUSP BP 100 I/U INJ,0,
GOLD,t2d,insulin,27177,Insulin biphasic lispro human prb 50:50; 100 units/ml Injection,0,
GOLD,t2d,insulin,27280,Insulin isophane biphasic porcine 30/70 100units/ml suspension for injection 10ml vials,0,
GOLD,t2d,insulin,27396,Insulin soluble porcine 100units/ml solution for injection 10ml vials,0,
GOLD,t2d,insulin,27402,Insulin soluble human 100units/ml solution for injection 10ml vials,0,
GOLD,t2d,insulin,27461,Insuman Basal 100units/ml suspension for injection 3ml cartridges (Sanofi),0,
GOLD,t2d,insulin,27614,Penmix 30/70 100iu/ml Injection (Novo Nordisk Ltd),0,
GOLD,t2d,insulin,27911,INSULIN HUMAN ACTRAPID PENFILL,0,
GOLD,t2d,insulin,2808,INSULIN LENTARD INJ,0,
GOLD,t2d,insulin,28096,Insulin isophane biphasic human 50/50 100units/ml suspension for injection 3ml cartridges,0,
GOLD,t2d,insulin,28101,Insulin glulisine 100units/ml solution for injection 10ml vials,0,
GOLD,t2d,insulin,2812,Mixtard 40 NovoLet 100units/ml suspension for injection (Novo Nordisk Ltd),0,
GOLD,t2d,insulin,28183,Hypurin Porcine Isophane 100units/ml suspension for injection 10ml vials (Wockhardt UK Ltd),0,
GOLD,t2d,insulin,28185,Insulin lispro biphasic 25/75 100units/ml suspension for injection 3ml cartridges,0,
GOLD,t2d,insulin,28442,Insulin glulisine 100unit/ml Solution for injection,0,
GOLD,t2d,insulin,28588,Hypurin Bovine Isophane 100units/ml suspension for injection 3ml cartridges (Wockhardt UK Ltd),0,
GOLD,t2d,insulin,28723,INSULIN ZINC BOVINE SUSPENSION,0,
GOLD,t2d,insulin,28978,INSULIN PUR-IN MIX 15/85 100 I/U INJ,0,
GOLD,t2d,insulin,2929,Mixtard 30 100iu/ml GE injection (Novo Nordisk Ltd),0,
GOLD,t2d,insulin,29567,Insulin aspart 100units/ml solution for injection 10ml vials,0,
GOLD,t2d,insulin,29837,Insulin biphasic isophane human prb 25:75; 100 units/ml Injection,0,
GOLD,t2d,insulin,29953,Apidra 100units/ml solution for injection 3ml OptiClik cartridges (Sanofi),0,
GOLD,t2d,insulin,30209,Actrapid mc 100unit/ml Injection (Arun Products Ltd),0,
GOLD,t2d,insulin,30236,Isophane insulin 100iu/ml Injection,0,
GOLD,t2d,insulin,30686,Insulin isophane porcine 100units/ml suspension for injection 3ml cartridges,0,
GOLD,t2d,insulin,30819,Insuman Comb 15 100units/ml suspenssion for injection 3ml pre-filled OptiSet pens (Sanofi),0,
GOLD,t2d,insulin,30861,INSULIN ZINC HUMAN SUSPENSION,0,
GOLD,t2d,insulin,31205,Insuman Comb 50 100units/ml suspension for injection 3ml pre-filled OptiSet pens(Sanofi),0,
GOLD,t2d,insulin,31258,Insulin lispro biphasic 25/75 100units/ml suspension for injection 3ml pre-filled disposable devices,0,
GOLD,t2d,insulin,31267,INSULIN PUR-IN MIX 50/50 100 I/U INJ,0,
GOLD,t2d,insulin,32053,INSULIN HUMALOG MIX 25,0,
GOLD,t2d,insulin,321,INSULIN HUMAN ACTRAPID (NEUTRAL) 40 I/U INJ,0,
GOLD,t2d,insulin,322,Humalog 100units/ml solution for injection 1.5ml cartridges (Eli Lilly and Company Ltd),0,
GOLD,t2d,insulin,33167,Insulin biphasic isophane human crb 25:75; 100 units/ml Injection,0,
GOLD,t2d,insulin,33232,Insulin isophane biphasic human 50/50 100units/ml suspension for injection 5ml vials,0,
GOLD,t2d,insulin,3396,Penmix 10/90 Penfill (Novo Nordisk Ltd),0,
GOLD,t2d,insulin,33966,Insulatard 100unit/ml Injection (Novo Nordisk Ltd),0,
GOLD,t2d,insulin,34031,Monotard mc 100unit/ml Injection (Novo Nordisk Ltd),0,
GOLD,t2d,insulin,34097,Human initard 50/50 100unit/ml Injection (Novo Nordisk Ltd),0,
GOLD,t2d,insulin,3439,Penmix 10/90 Pen (Novo Nordisk Ltd),0,
GOLD,t2d,insulin,35017,Optipenspro 1 white insulin pens3ml/1-60 units 3ml/1-60 units Insulin pens(Aventis Pharma),0,
GOLD,t2d,insulin,35218,Optipenspro 1 yellow insulin pens3ml/1-60 units 3ml/1-60 units Insulin pens(Aventis Pharma),0,
GOLD,t2d,insulin,35253,Insuman Comb 50 100units/ml suspension for injection 3ml cartridges (Sanofi),0,
GOLD,t2d,insulin,35260,Levemir InnoLet 100units/ml solution for injection 3ml pre-filled pens (Novo Nordisk Ltd),0,
GOLD,t2d,insulin,35468,Insuman Basal 100units/ml suspension for injection 5ml vials (Sanofi),0,
GOLD,t2d,insulin,3550,Mixtard 40 penfill 100 100iu/ml Penfill (Novo Nordisk Ltd),0,
GOLD,t2d,insulin,3551,Mixtard 20 penfill 100 100iu/ml Penfill (Novo Nordisk Ltd),0,
GOLD,t2d,insulin,35701,Insulin lispro biphasic 50/50 100units/ml suspension for injection 3ml pre-filled disposable devices,0,
GOLD,t2d,insulin,36031,Insulin isophane biphasic porcine 30/70 100units/ml suspension for injection 3ml cartridges,0,
GOLD,t2d,insulin,36066,Insulin isophane bovine 100units/ml suspension for injection 3ml cartridges,0,
GOLD,t2d,insulin,36146,Insulin lispro biphasic 50/50 100units/ml suspension for injection 3ml cartridges,0,
GOLD,t2d,insulin,36194,Insulin isophane biphasic human 25/75 100units/ml suspension for injection 3ml cartridges,0,
GOLD,t2d,insulin,36355,Insulin human 1mg inhalation powder blisters,0,
GOLD,t2d,insulin,36356,Insulin human 3mg inhalation powder blisters,0,
GOLD,t2d,insulin,36430,Insulin soluble human 100units/ml solution for injection 3ml pre-filled disposable devices,0,
GOLD,t2d,insulin,36513,Velosulin cartridge 100unit/ml Injection (Novo Nordisk Ltd),0,
GOLD,t2d,insulin,36853,Lantus 100units/ml solution for injection 3ml pre-filled SoloStar pens (Sanofi),0,
GOLD,t2d,insulin,36920,Apidra 100units/ml solution for injection 3ml pre-filled SoloStar pens (Sanofi),0,
GOLD,t2d,insulin,38422,Isophane 100iu/ml Injection (Celltech Pharma Europe Ltd),0,
GOLD,t2d,insulin,38986,Humalog Kwikpens 100units/ml solution for injection 3ml pre-filled pens (Eli Lilly and Company Ltd),0,
GOLD,t2d,insulin,39006,Humalog Mix25 Kwikpens 100units/ml suspenssion for injection 3ml pre-filled pens (Eli Lilly and Company Ltd),0,
GOLD,t2d,insulin,39086,Humalog Mix50 Kwikpens 100units/ml suspenssion for injection 3ml pre-filled pens (Eli Lilly and Company Ltd),0,
GOLD,t2d,insulin,4093,Humulin M2 100units/ml suspension for injection 3ml cartridges (Eli Lilly and Company Ltd),0,
GOLD,t2d,insulin,41120,Insulin isophane biphasic human 50/50 100units/ml suspension for injection 3ml pre-filled disposable devices,0,
GOLD,t2d,insulin,4129,Insulin soluble porcine 100units/ml solution for injection 1.5ml cartridges,0,
GOLD,t2d,insulin,4163,Rapitard MC 100unit/ml Injection (Novo Nordisk Ltd),0,
GOLD,t2d,insulin,41834,Insulin zinc suspension lente 100iu/ml Injection (Celltech Pharma Europe Ltd),0,
GOLD,t2d,insulin,41959,Penject 100unit/ml Injection device (Hypoguard Ltd),0,
GOLD,t2d,insulin,4198,Humulin m3 100unit/ml M3 injection (Eli Lilly and Company Ltd),0,
GOLD,t2d,insulin,4199,Humulin m1 100unit/ml M1 injection (Eli Lilly and Company Ltd),0,
GOLD,t2d,insulin,42395,Humalog Mix25 100units/ml suspension for injection 10ml vials (Eli Lilly and Company Ltd),0,
GOLD,t2d,insulin,4247,Insulin isophane porcine 100units/ml suspension for injection 1.5ml cartridges,0,
GOLD,t2d,insulin,4248,INSULIN NOVO ULTRATARD MC 100 I/U INJ,0,
GOLD,t2d,insulin,42954,Insulin isophane biphasic human 25/75 100units/ml suspension for injection 5ml vials,0,
GOLD,t2d,insulin,43950,Humulin M3 KwikPen 100units/ml suspension for injection 3ml pre-filled pens (Eli Lilly and Company Ltd),0,
GOLD,t2d,insulin,43953,Insulin lispro biphasic 25/75 100units/ml suspension for injection 10ml vials,0,
GOLD,t2d,insulin,43991,Humulin M3 KwikPen 100units/ml suspension for injection 3ml pre-filled pens (Eli Lilly and Company Ltd),0,
GOLD,t2d,insulin,44251,Insulin zinc suspension mixed porcine 100unit/ml Injection,0,
GOLD,t2d,insulin,44378,Insulin isophane biphasic human 25/75 100units/ml suspension for injection 3ml pre-filled disposable devices,0,
GOLD,t2d,insulin,44480,Insuman Comb 25 100units/ml suspenssion for injection 3ml pre-filled SoloStar pens (Sanofi),0,
GOLD,t2d,insulin,45158,Insuman Comb 15 100units/ml suspension for injection 3ml cartridges (Sanofi),0,
GOLD,t2d,insulin,46001,Insuman Basal 100units/ml suspenssion for injection 3ml pre-filled SoloStar pens (Sanofi),0,
GOLD,t2d,insulin,46666,NovoRapid FlexTouch 100units/ml solution for injection 3ml pre-filled pens (Novo Nordisk Ltd),0,
GOLD,t2d,insulin,4706,Velosulin 100units/ml solution for injection 10ml vials (Novo Nordisk Ltd),0,
GOLD,t2d,insulin,4715,Humalog mix 25 25/75 100units/ml Injection (Eli Lilly and Company Ltd),0,
GOLD,t2d,insulin,47360,Neutral insulin 100unit/ml Injection (Celltech Pharma Europe Ltd),0,
GOLD,t2d,insulin,4760,Humulin i 100unit/ml Injection (Eli Lilly and Company Ltd),0,
GOLD,t2d,insulin,4784,Lentard mc 100unit/ml Injection (Novo Nordisk Ltd),0,
GOLD,t2d,insulin,47856,Neuphane 100unit/ml Injection (Wellcome Medical Division),0,
GOLD,t2d,insulin,4790,Mixtard 50 penfill 100 100iu/ml Penfill (Novo Nordisk Ltd),0,
GOLD,t2d,insulin,49108,NovoRapid Penfill 100units/ml solution for injection 3ml cartridges (Necessity Supplies Ltd),0,
GOLD,t2d,insulin,49831,Lantus 100units/ml solution for injection 3ml pre-filled SoloStar pens(Necessity Supplies Ltd),0,
GOLD,t2d,insulin,5021,NovoRapid Penfill 100units/ml solution for injection 3ml cartridges (Novo Nordisk Ltd),0,
GOLD,t2d,insulin,50633,Lantus 100units/ml solution for injection 3ml cartridges (Necessity Supplies Ltd),0,
GOLD,t2d,insulin,50691,Human Mixtard 20 Penfill 100units/ml suspension for injection 1.5ml cartridges (Novo Nordisk Ltd),0,
GOLD,t2d,insulin,51743,NovoRapid Penfill 100units/ml solution for injection 3ml cartridges (Sigma Pharmaceuticals Plc),0,
GOLD,t2d,insulin,5214,Insulin lispro 100units/ml solution for injection 1.5ml cartridges,0,
GOLD,t2d,insulin,5250,Insulin biphasic lispro human prb 25:75; 100 units/ml Injection,0,
GOLD,t2d,insulin,52522,Humalog Mix50 Kwikpens100units/ml suspension for injection 3ml pre-filled pens(DE Pharmaceuticals),0,
GOLD,t2d,insulin,5255,Mixtard 10 penfill 100 100iu/ml Penfill (Novo Nordisk Ltd),0,
GOLD,t2d,insulin,52722,Human Mixtard 30 Penfill 100units/ml suspension for injection 1.5ml cartridges (Novo Nordisk Ltd),0,
GOLD,t2d,insulin,52748,Insulatard Penfill 100units/ml suspension for injection 3ml cartridges (Waymade Healthcare Plc),0,
GOLD,t2d,insulin,53118,NovoRapid Flexpens100units/ml solution for injection 3ml pre-filled pens(Mawdsley-Brooks & Company Ltd),0,
GOLD,t2d,insulin,53251,NovoRapid Penfill 100units/ml solution for injection 3ml cartridges (DE Pharmaceuticals),0,
GOLD,t2d,insulin,53710,Insulin human 500units/ml solution for injection 20ml vials,0,
GOLD,t2d,insulin,54462,Insulin biphasic isophane human emp 25:75; 100 units/ml Injection,0,
GOLD,t2d,insulin,5501,Insuman basal 100iu/ml Injection (Aventis Pharma),0,
GOLD,t2d,insulin,55234,Tresiba FlexTouch 200units/ml solution for injection 3ml pre-filled pens (Novo Nordisk Ltd),0,
GOLD,t2d,insulin,55462,Tresiba FlexTouch 100units/ml solution for injection 3ml pre-filled pens (Novo Nordisk Ltd),0,
GOLD,t2d,insulin,55517,Insulin isophane human 100units/ml suspension for injection 10ml vials,0,
GOLD,t2d,insulin,55603,Humalog Kwikpens100units/ml solution for injection 3ml pre-filled pens(DE Pharmaceuticals),0,
GOLD,t2d,insulin,55618,Levemir Flexpens100units/ml solution for injection 3ml pre-filled pens(Waymade Healthcare Plc),0,
GOLD,t2d,insulin,55687,Insulin degludec 100units/ml solution for injection 3ml pre-filled disposable devices,0,
GOLD,t2d,insulin,55907,Insulin degludec 100units/ml solution for injection 3ml cartridges,0,
GOLD,t2d,insulin,55910,Tresiba Penfill 100units/ml solution for injection 3ml cartridges (Novo Nordisk Ltd),0,
GOLD,t2d,insulin,56115,Human Actrapid Penfill 100units/ml solution for injection 1.5ml cartridges (Novo Nordisk Ltd),0,
GOLD,t2d,insulin,56489,NovoMix 30 Penfill 100units/ml suspension for injection 3ml cartridges (Waymade Healthcare Plc),0,
GOLD,t2d,insulin,56495,Lantus 100units/ml solution for injection 3ml pre-filled OptiSet pen (Waymade Healthcare Plc),0,
GOLD,t2d,insulin,56502,Actrapid Penfill 100units/ml solution for injection 3ml cartridges (Novo Nordisk Ltd),0,
GOLD,t2d,insulin,56691,Insulin degludec 200units/ml solution for injection 3ml pre-filled disposable devices,0,
GOLD,t2d,insulin,56857,Insulin isophane biphasic human 15/85 100units/ml suspension for injection 3ml cartridges,0,
GOLD,t2d,insulin,57529,Humalog 100units/ml solution for injection 10ml vials (Dowelhurst Ltd),0,
GOLD,t2d,insulin,57564,Humalog Kwikpens100units/ml solution for injection 3ml pre-filled pens(Waymade Healthcare Plc),0,
GOLD,t2d,insulin,57620,Humulin M3 100units/ml suspension for injection 10ml vials (Mawdsley-Brooks & Company Ltd),0,
GOLD,t2d,insulin,57622,Humalog Mix50 Kwikpens100units/ml suspension for injection 3ml pre-filled pens(Waymade Healthcare Plc),0,
GOLD,t2d,insulin,5845,Mixtard 30 InnoLet 100units/ml suspenssion for injection 3ml pre-filled pens (Novo Nordisk Ltd),0,
GOLD,t2d,insulin,5891,Insulatard FlexPen 100units/ml suspension for injection (Novo Nordisk Ltd),0,
GOLD,t2d,insulin,5892,NovoRapid FlexPen 100units/ml solution for injection 3ml pre-filled pens (Novo Nordisk Ltd),0,
GOLD,t2d,insulin,5933,Mixtard 50 NovoLet 100units/ml suspension for injection (Novo Nordisk Ltd),0,
GOLD,t2d,insulin,59500,Insulin isophane human 100units/ml suspension for injection 5ml vials,0,
GOLD,t2d,insulin,5953,Insulin glargine 100iu/ml Injection,0,
GOLD,t2d,insulin,59533,NovoRapid Flexpens100units/ml solution for injection 3ml pre-filled pens(Sigma Pharmaceuticals Plc),0,
GOLD,t2d,insulin,6057,Lantus 100iu/ml Injection (Aventis Pharma),0,
GOLD,t2d,insulin,6061,Novomix 30 30/70 100units/ml Injection (Novo Nordisk Ltd),0,
GOLD,t2d,insulin,60933,Humulin M3 100units/ml suspension for injection 10ml vials (Sigma Pharmaceuticals Plc),0,
GOLD,t2d,insulin,60938,Mixtard 30 100units/ml suspension for injection 10ml vials (Waymade Healthcare Plc),0,
GOLD,t2d,insulin,60951,Insulin human 100units/ml solution for injection 10ml vials,0,
GOLD,t2d,insulin,61845,NovoRapid PumpCart 100units/ml solution for injection 1.6ml cartridges (Novo Nordisk Ltd),0,
GOLD,t2d,insulin,6209,NovoRapid 100units/ml solution for injection 10ml vials (Novo Nordisk Ltd),0,
GOLD,t2d,insulin,62180,Insulin aspart 100units/ml solution for injection 1.6ml cartridges,0,
GOLD,t2d,insulin,62276,Humulin R 500units/ml solution for injection 20ml vials (Imported (United States)),0,
GOLD,t2d,insulin,63464,Humalog Kwikpens 200units/ml solution for injection 3ml pre-filled pens (Eli Lilly and Company Ltd),0,
GOLD,t2d,insulin,63679,Hypurin soluble 100iu/ml Injection (C P Pharmaceuticals Ltd),0,
GOLD,t2d,insulin,64354,Toujeo 300units/ml solution for injection 1.5ml pre-filled SoloStar pens (Sanofi),0,
GOLD,t2d,insulin,64460,Insulin glargine 300units/ml solution for injection 1.5ml pre-filled disposable devices,0,
GOLD,t2d,insulin,6447,Insulin aspart human pyr 100 iu/ml Injection,0,
GOLD,t2d,insulin,64723,Abasaglar Kwikpens 100units/ml solution for injection 3ml pre-filled pens (Eli Lilly and Company Ltd),0,
GOLD,t2d,insulin,64987,Abasaglar 100units/ml solution for injection 3ml cartridges (Eli Lilly and Company Ltd),0,
GOLD,t2d,insulin,66316,Lantus 100units/ml solution for injection 10ml vials (Mawdsley-Brooks & Company Ltd),0,
GOLD,t2d,insulin,66335,Insulin biphasic isophane porcine 50:50; 100 units/ml Injection,0,
GOLD,t2d,insulin,67230,Lantus 100units/ml solution for injection 3ml pre-filled SoloStar pen (Waymade Healthcare Plc),0,
GOLD,t2d,insulin,67231,NovoRapid Flexpens 100units/ml solution for injection 3ml pre-filled pens (Dowelhurst Ltd),0,
GOLD,t2d,insulin,67266,Mixtard 50 Penfill 100units/ml suspension for injection 3ml cartridges (Waymade Healthcare Plc),0,
GOLD,t2d,insulin,67267,Mixtard 30 InnoLet 100units/ml suspenssion for injection 3ml pre-filled pens (Waymade Healthcare Plc),0,
GOLD,t2d,insulin,67279,Pork Insulatard 100units/ml suspension for injection 10ml vials (Waymade Healthcare Plc),0,
GOLD,t2d,insulin,67313,NovoRapid 100units/ml solution for injection 10ml vials (Sigma Pharmaceuticals Plc),0,
GOLD,t2d,insulin,67324,Humulin M3 100units/ml suspension for injection 3ml cartridges (Waymade Healthcare Plc),0,
GOLD,t2d,insulin,67429,Insulin human 100units/ml solution for injection 3.15ml cartridges,0,
GOLD,t2d,insulin,68031,Humalog Mix25 Kwikpens100units/ml suspension for injection 3ml pre-filled pens(Sigma Pharmaceuticals Plc),0,
GOLD,t2d,insulin,6958,Levemir FlexPen 100units/ml solution for injection 3ml pre-filled pens (Novo Nordisk Ltd),0,
GOLD,t2d,insulin,69583,Humalog Mix25 100units/ml suspension for injection 3ml cartridges (Waymade Healthcare Plc),0,
GOLD,t2d,insulin,6965,Levemir Penfill 100units/ml solution for injection 3ml cartridges (Novo Nordisk Ltd),0,
GOLD,t2d,insulin,69715,Fiasp 100units/ml solution for injection 10ml vials (Novo Nordisk Ltd),0,
GOLD,t2d,insulin,69823,Fiasp FlexTouch 100units/ml solution for injection 3ml pre-filled pens (Novo Nordisk Ltd),0,
GOLD,t2d,insulin,70055,Fiasp Penfill 100units/ml solution for injection 3ml cartridges (Novo Nordisk Ltd),0,
GOLD,t2d,insulin,71118,Insulatard 100units/ml suspension for injection 10ml vials (Waymade Healthcare Plc),0,
GOLD,t2d,insulin,71137,Hypurin Bovine Isophane 100units/ml suspension for injection 10ml vials (Waymade Healthcare Plc),0,
GOLD,t2d,insulin,71340,Mixtard 30 Penfill 100units/ml suspension for injection 3ml cartridges (Waymade Healthcare Plc),0,
GOLD,t2d,insulin,71351,Lantus 100units/ml solution for injection 3ml cartridges (Waymade Healthcare Plc),0,
GOLD,t2d,insulin,71361,Humulin I 100units/ml suspension for injection 3ml cartridges (Waymade Healthcare Plc),0,
GOLD,t2d,insulin,71369,NovoMix 30 Flexpens100units/ml suspension for injection 3ml pre-filled pens(Sigma Pharmaceuticals Plc),0,
GOLD,t2d,insulin,71395,Humalog Mix25 100units/ml suspension for injection 3ml cartridges (Sigma Pharmaceuticals Plc),0,
GOLD,t2d,insulin,71428,Insulatard InnoLet 100units/ml suspension for injection 3ml pre-filled pens(Waymade Healthcare Plc),0,
GOLD,t2d,insulin,71430,Humalog Mix25 pens100units/ml suspension for injection 3ml pre-filled pens(Waymade Healthcare Plc),0,
GOLD,t2d,insulin,7228,NovoMix 30 FlexPen 100units/ml suspension for injection 3ml pre-filled pens (Novo Nordisk Ltd),0,
GOLD,t2d,insulin,7231,Mixtard 30 Penfill 100units/ml suspension for injection 3ml cartridges (Novo Nordisk Ltd),0,
GOLD,t2d,insulin,7237,Lantus 100units/ml solution for injection 3ml pre-filled OptiSet pens (Sanofi),0,
GOLD,t2d,insulin,72479,Humulin R Kwikpens500units/ml solution for injection 3ml pre-filled pens (Imported (United States)),0,
GOLD,t2d,insulin,72559,Human Insulatard Penfill 100units/ml suspension for injection 1.5ml cartridges (Novo Nordisk Ltd),0,
GOLD,t2d,insulin,7266,Lantus 100units/ml solution for injection 3ml cartridges (Sanofi),0,
GOLD,t2d,insulin,7267,NovoMix 30 Penfill 100units/ml suspension for injection 3ml cartridges (Novo Nordisk Ltd),0,
GOLD,t2d,insulin,7300,Mixtard 30 100units/ml suspension for injection 10ml vials (Novo Nordisk Ltd),0,
GOLD,t2d,insulin,7318,Humalog 100units/ml solution for injection 3ml cartridges (Eli Lilly and Company Ltd),0,
GOLD,t2d,insulin,7319,Mixtard 20 Penfill 100units/ml suspension for injection 3ml cartridges (Novo Nordisk Ltd),0,
GOLD,t2d,insulin,73282,Humalog Junior KwikPen 100units/ml solution for injection 3ml pre-filled pens (Eli Lilly and Company Ltd),0,
GOLD,t2d,insulin,7349,Actrapid 100units/ml solution for injection 10ml vials (Novo Nordisk Ltd),0,
GOLD,t2d,insulin,7350,Insulin isophane porcine 100units/ml suspension for injection 10ml vials,0,
GOLD,t2d,insulin,7393,Insulin glargine 100units/ml solution for injection 3ml cartridges,0,
GOLD,t2d,insulin,7400,Insulin glargine 100units/ml solution for injection 3ml pre-filled disposable devices,0,
GOLD,t2d,insulin,7402,Lantus 100units/ml solution for injection 10ml vials (Sanofi),0,
GOLD,t2d,insulin,74020,NovoMix 30 Penfill 100units/ml suspension for injection 3ml cartridges (Mawdsley-Brooks & Company Ltd),0,
GOLD,t2d,insulin,74071,Humalog Mix25 Kwikpens100units/ml suspension for injection 3ml pre-filled pens (Waymade Healthcare Plc),0,
GOLD,t2d,insulin,74179,NovoRapid FlexPen 100units/ml solution for injection 3ml pre-filled pens (Waymade Healthcare Plc),0,
GOLD,t2d,insulin,74388,Humalog Mix50 100units/ml suspension for injection 3ml cartridges (Sigma Pharmaceuticals Plc),0,
GOLD,t2d,insulin,74391,Humalog Mix50 Kwikpens100units/ml suspension for injection 3ml pre-filled pens (Sigma Pharmaceuticals Plc),0,
GOLD,t2d,insulin,74392,Apidra 100units/ml solution for injection 3ml pre-filled SoloStar pens (Lexon (UK) Ltd),0,
GOLD,t2d,insulin,74479,Insulin lispro 100units/ml solution for injection 3ml pre-filled pens(Sanofi),0,
GOLD,t2d,insulin,74680,NovoMix 30 Penfill 100units/ml suspension for injection 3ml cartridges (DE Pharmaceuticals),0,
GOLD,t2d,insulin,74824,Actrapid 100units/ml solution for injection 10ml vials (Waymade Healthcare Plc),0,
GOLD,t2d,insulin,74842,Humulin M3 100units/ml suspension for injection 3ml cartridges (Mawdsley-Brooks & Company Ltd),0,
GOLD,t2d,insulin,74845,Humulin I 100units/ml suspension for injection 10ml vials (Waymade Healthcare Plc),0,
GOLD,t2d,insulin,74862,Lantus 100units/ml solution for injection 3ml pre-filled OptiSet pens (Mawdsley-Brooks & Company Ltd),0,
GOLD,t2d,insulin,75329,Insulin lispro Sanofi 100units/ml solution for injection 3ml pre-filled pens (Sanofi),0,
GOLD,t2d,insulin,7537,Humulin Zn 100units/ml suspension for injection 10ml vials (Eli Lilly and Company Ltd),0,
GOLD,t2d,insulin,75550,Insulin isophane biphasic human 15/85 100units/ml suspension for injection 5ml vials,0,
GOLD,t2d,insulin,76162,Humulin I 100units/ml suspension for injection 3ml cartridges (Sigma Pharmaceuticals Plc),0,
GOLD,t2d,insulin,76163,Lantus 100units/ml solution for injection 3ml cartridges (Sigma Pharmaceuticals Plc),0,
GOLD,t2d,insulin,76164,Humalog 100units/ml solution for injection 3ml cartridges (Sigma Pharmaceuticals Plc),0,
GOLD,t2d,insulin,76512,Insulin biphasic isophane human emp 30:70; 100 units/ml Injection,0,
GOLD,t2d,insulin,76533,Insulin lispro Sanofi 100units/ml solution for injection 10ml vials (Sanofi),0,
GOLD,t2d,insulin,76660,Insulin lispro Sanofi 100units/ml solution for injection 3ml cartridges (Sanofi),0,
GOLD,t2d,insulin,76728,Semglee 100units/ml solution for injection 3ml pre-filled pens (Biosimilar Collaborations Ireland Ltd),0,
GOLD,t2d,insulin,76922,Insulin isophane biphasic human 15/85 100units/ml suspension for injection 3ml pre-filled disposable devices,0,
GOLD,t2d,insulin,76975,Humalog 100units/ml solution for injection 10ml vials (Sigma Pharmaceuticals Plc),0,
GOLD,t2d,insulin,76988,NovoMix 30 Penfill 100units/ml suspension for injection 3ml cartridges (Sigma Pharmaceuticals Plc),0,
GOLD,t2d,insulin,76991,Humalog 100units/ml solution for injection 10ml vials (Waymade Healthcare Plc),0,
GOLD,t2d,insulin,77012,Humalog 100units/ml solution for injection 10ml vials (DE Pharmaceuticals),0,
GOLD,t2d,insulin,77059,Pork Actrapid 100units/ml solution for injection 10ml vials (Waymade Healthcare Plc),0,
GOLD,t2d,insulin,77284,Insulin isophane human 100iu/ml Injection,0,
GOLD,t2d,insulin,7757,INSULIN NEULENTE (ZINC SUSP)(PURIFIED) 100 I/U INJ,0,
GOLD,t2d,insulin,7763,INSULIN NEUPHANE (ISOPHANE)(PURIFIED) 100 I/U INJ,0,
GOLD,t2d,insulin,7764,INSULIN NEUSULIN (NEUTRAL)(PURIFIED) 100 I/U INJ,0,
GOLD,t2d,insulin,7765,INSULIN NEUTRAL (HUMAN) 100 I/U INJ,0,
GOLD,t2d,insulin,7771,Human protaphane penfill 100 100unit/ml Penfill (Novo Nordisk Ltd),0,
GOLD,t2d,insulin,7772,Human protaphane 100unit/ml Injection (Novo Nordisk Ltd),0,
GOLD,t2d,insulin,77794,Toujeo 300units/ml solution for injection 3ml pre-filled DoubleStar pens (Sanofi),0,
GOLD,t2d,insulin,77805,Insulin lispro 200units/ml solution for injection 3ml pre-filled disposable devices,0,
GOLD,t2d,insulin,7783,INSULIN ISOPHANE (HUMAN) 100 I/U INJ,0,
GOLD,t2d,insulin,7793,HumaJect M3 Pen 100units/ml suspension for injection (Eli Lilly and Company Ltd),0,
GOLD,t2d,insulin,7861,INSULIN HUMULIN S (NEUTRAL) CARTRIDGE 100 I/U,0,
GOLD,t2d,insulin,79254,Insulin human 500units/ml solution for injection 3ml pre-filled disposable devices,0,
GOLD,t2d,insulin,79358,Insulin biphasic isophane porcine 100 units/ml Injection,0,
GOLD,t2d,insulin,7959,INSULIN MIXTARD 30/70 40 I/U INJ,0,
GOLD,t2d,insulin,79700,Insuman Comb 15 100units/ml suspension for injection 5ml vials (Aventis Pharma),0,
GOLD,t2d,insulin,80678,Humalog KwikPen 100units/ml solution for injection 3ml pre-filled pens (CST Pharma Ltd),0,
GOLD,t2d,insulin,8118,Humaject i 100iu/ml Pen (Eli Lilly and Company Ltd),0,
GOLD,t2d,insulin,81368,Insulin glargine 300units/ml solution for injection 3ml pre-filled disposable devices,0,
GOLD,t2d,insulin,8203,Penmix 50/50 100iu/ml Penfill (Novo Nordisk Ltd),0,
GOLD,t2d,insulin,82124,Lyumjev 100units/ml solution for injection 3ml cartridges (Eli Lilly and Company Ltd),0,
GOLD,t2d,insulin,82172,Lyumjev KwikPen 100units/ml solution for injection 3ml pre-filled pens (Eli Lilly and Company Ltd),0,
GOLD,t2d,insulin,82473,Pork Mixtard 30 100units/ml suspension for injection 10ml vials (Waymade Healthcare Plc),0,
GOLD,t2d,insulin,82475,NovoMix 30 FlexPen 100units/ml suspension for injection 3ml pre-filled pens (Waymade Healthcare Plc),0,
GOLD,t2d,insulin,82533,Humulin S 100units/ml solution for injection 10ml vials (Waymade Healthcare Plc),0,
GOLD,t2d,insulin,82595,Lantus 100units/ml solution for injection 10ml vials (Waymade Healthcare Plc),0,
GOLD,t2d,insulin,82816,Lyumjev 100units/ml solution for injection 10ml vials (Eli Lilly and Company Ltd),0,
GOLD,t2d,insulin,83010,Insulin soluble bovine 100units/ml solution for injection 3ml cartridges,0,
GOLD,t2d,insulin,83186,Neulente 100unit/ml Injection (Wellcome Medical Division),0,
GOLD,t2d,insulin,8322,Insulin zinc suspension mixed human pyr 100unit/ml Injection,0,
GOLD,t2d,insulin,8354,INSULIN ISOPHANE 70%/NEUTRAL 30% 100 I/U INJ,0,
GOLD,t2d,insulin,8376,INSULIN ISOPHANE 100 I/U,0,
GOLD,t2d,insulin,83875,Insulin glargine 100units/ml / Lixisenatide 33micrograms/ml solution for injection 3ml pre-filled disposable devices,0,
GOLD,t2d,insulin,84037,Lyumjev Junior KwikPen 100units/ml solution for injection 3ml pre-filled pens (Eli Lilly and Company Ltd),0,
GOLD,t2d,insulin,84314,Lyumjev KwikPen 200units/ml solution for injection 3ml pre-filled pens (Eli Lilly and Company Ltd),0,
GOLD,t2d,insulin,85931,Trurapi 100units/ml solution for injection 3ml pre-filled Solostar pens (Sanofi),0,
GOLD,t2d,insulin,8646,INSULIN ZINC CRYSTALLINE susp 100 I/U INJ,0,
GOLD,t2d,insulin,86484,Humalog Tempo Pen 100units/ml solution for injection 3ml pre-filled pens (Eli Lilly and Company Ltd),0,
GOLD,t2d,insulin,86706,Admelog 100units/ml solution for injection 3ml cartridges (Sanofi),0,
GOLD,t2d,insulin,86725,Admelog 100units/ml solution for injection 3ml pre-filled pens (Sanofi),0,
GOLD,t2d,insulin,87716,Humalog Mix50 Pen 100units/ml suspension for injection 3ml pre-filled pens (Sigma Pharmaceuticals Plc),0,
GOLD,t2d,insulin,8838,INSULIN SEMITARD 40 I/U INJ,0,
GOLD,t2d,insulin,8839,INSULIN SEMITARD 100 I/U INJ,0,
GOLD,t2d,insulin,8841,Humulin M5 100units/ml suspension for injection 10ml vials (Eli Lilly and Company Ltd),0,
GOLD,t2d,insulin,88756,Trurapi 100units/ml solution for injection 3ml cartridges (Sanofi),0,
GOLD,t2d,insulin,88860,Trurapi 100units/ml solution for injection 10ml vials (Sanofi),0,
GOLD,t2d,insulin,8895,Initard 50/50 100unit/ml Injection (Novo Nordisk Ltd),0,
GOLD,t2d,insulin,89410,Lyumjev Tempo Pen 100units/ml solution for injection 3ml pre-filled pens (Eli Lilly and Company Ltd),0,
GOLD,t2d,insulin,90569,Admelog 100units/ml solution for injection 10ml vials (Sanofi),0,
GOLD,t2d,insulin,9079,INSULIN SOLUBLE 100 I/U INJ,0,
GOLD,t2d,insulin,9341,Insulin biphasic isophane human prb 30:70; 100 units/ml Injection,0,
GOLD,t2d,insulin,9376,Insulin zinc suspension crystalline human pyr 100unit/ml long acting Injection,0,
GOLD,t2d,insulin,9503,Hypurin Bovine Protamine Zinc 100units/ml suspension for injection 10ml vials (Wockhardt UK Ltd),0,
GOLD,t2d,insulin,9521,Pork Actrapid 100units/ml solution for injection 10ml vials (Novo Nordisk Ltd),0,
GOLD,t2d,insulin,9565,HumaJect S Pen 100units/ml solution for injection (Eli Lilly and Company Ltd),0,
GOLD,t2d,insulin,9618,Hypurin Porcine 30/70 Mix 100units/ml suspension for injection 1.5ml cartridges (C P Pharmaceuticals Ltd),0,
GOLD,t2d,insulin,9737,Insulatard innolet 100iu/ml Injection (Novo Nordisk Ltd),0,
GOLD,t2d,met,11990,Metformin 500mg/5ml oral solution sugar free,0,
GOLD,t2d,met,16044,Glucophage SR 500mg tablets (Merck Serono Ltd),0,
GOLD,t2d,met,16213,Metformin 250mg tablets,0,
GOLD,t2d,met,20810,Metformin,0,
GOLD,t2d,met,23,Metformin 500mg tablets,0,
GOLD,t2d,met,25678,Glucamet 500mg Tablet (Opus Pharmaceuticals Ltd),0,
GOLD,t2d,met,26258,Glucamet 850mg Tablet (Opus Pharmaceuticals Ltd),0,
GOLD,t2d,met,27501,Orabet 500mg Tablet (Lagap),0,
GOLD,t2d,met,2928,Metformin hydrochloride  850mg tablets,0,
GOLD,t2d,met,31146,Metsol 500mg/5ml oral solution (Kappin Ltd),0,
GOLD,t2d,met,3252,Metformin hydrochloride  500mg tablets,0,
GOLD,t2d,met,33087,Metformin 500mg tablets (Actavis UK Ltd),0,
GOLD,t2d,met,33674,Metformin 850mg tablets (A A H Pharmaceuticals Ltd),0,
GOLD,t2d,met,34004,Metformin 500mg tablets (IVAX Pharmaceuticals UK Ltd),0,
GOLD,t2d,met,34020,Metformin 850mg tablets (IVAX Pharmaceuticals UK Ltd),0,
GOLD,t2d,met,34135,Metformin 500mg Tablet (M & A Pharmachem Ltd),0,
GOLD,t2d,met,34323,Metformin 500mg tablets (A A H Pharmaceuticals Ltd),0,
GOLD,t2d,met,34504,Metformin 500mg tablets (Wockhardt UK Ltd),0,
GOLD,t2d,met,34598,Metformin 500mg tablets (Mylan),0,
GOLD,t2d,met,34697,Metformin 850mg tablets (Wockhardt UK Ltd),0,
GOLD,t2d,met,34742,Metformin 850mg tablets (Teva UK Ltd),0,
GOLD,t2d,met,34836,Metformin 850mg tablets (Actavis UK Ltd),0,
GOLD,t2d,met,34917,Metformin 500mg tablets (Teva UK Ltd),0,
GOLD,t2d,met,38355,Metformin 750mg modified-release tablets,0,
GOLD,t2d,met,38400,Glucophage SR 750mg tablets (Merck Serono Ltd),0,
GOLD,t2d,met,39560,Bolamyn SR 500mg tablets (Teva UK Ltd),0,
GOLD,t2d,met,39598,Metformin 1g modified-release tablets,0,
GOLD,t2d,met,39729,Glucophage SR 1000mg tablets (Merck Serono Ltd),0,
GOLD,t2d,met,39988,Metformin 500mg oral powder sachets sugar free,0,
GOLD,t2d,met,40007,Glucophage 1000mg oral powder sachets (Merck Serono Ltd),0,
GOLD,t2d,met,40110,Glucophage 500mg oral powder sachets (Merck Serono Ltd),0,
GOLD,t2d,met,40233,Metformin 1g oral powder sachets sugar free,0,
GOLD,t2d,met,42161,Orabet 500mg Tablet (Sandoz Ltd),0,
GOLD,t2d,met,43270,Metformin 500mg/5ml oral solution sugar free (Rosemont Pharmaceuticals Ltd),0,
GOLD,t2d,met,44250,Metformin 500mg/5ml Oral solution (Hillcross Pharmaceuticals Ltd),0,
GOLD,t2d,met,45581,Metabet SR 500mg tablets (Morningside Healthcare Ltd),0,
GOLD,t2d,met,46989,Metabet SR 1000mg tablets (Morningside Healthcare Ltd),0,
GOLD,t2d,met,47939,Glucient SR 500mg tablets (Consilient Health Ltd),0,
GOLD,t2d,met,48149,Metformin 500mg tablets (Almus Pharmaceuticals Ltd),0,
GOLD,t2d,met,49502,Glucophage SR 500mg tablets (Mawdsley-Brooks & Company Ltd),0,
GOLD,t2d,met,49738,Metformin 1g modified-release tablets (A A H Pharmaceuticals Ltd),0,
GOLD,t2d,met,50570,Glucophage SR 500mg tablets (Lexon (UK) Ltd),0,
GOLD,t2d,met,50821,Metformin 850mg tablets (Pfizer Ltd),0,
GOLD,t2d,met,50970,Metformin 500mg tablets (Bristol Laboratories Ltd),0,
GOLD,t2d,met,51080,Metabet SR 1000mg tablets (Actavis UK Ltd),0,
GOLD,t2d,met,51135,Metformin 500mg modified-release tablets (A A H Pharmaceuticals Ltd),0,
GOLD,t2d,met,51527,Metformin 500mg tablets (Boston Healthcare Ltd),0,
GOLD,t2d,met,52221,Diagemet XL 500mg tablets (Genus Pharmaceuticals Ltd),0,
GOLD,t2d,met,52442,Metformin 500mg tablets (Pfizer Ltd),0,
GOLD,t2d,met,52634,Glucophage SR 500mg tablets (DE Pharmaceuticals),0,
GOLD,t2d,met,53478,Metformin 500mg modified-release tablets (Kent Pharmaceuticals Ltd),0,
GOLD,t2d,met,53774,Metabet SR 500mg tablets (Actavis UK Ltd),0,
GOLD,t2d,met,53867,Metformin 500mg tablets (Zentiva),0,
GOLD,t2d,met,54442,Metformin (roi) 1000mg Tablet,0,
GOLD,t2d,met,54898,Metformin 850mg tablets (Almus Pharmaceuticals Ltd),0,
GOLD,t2d,met,55270,Duformin 500mg Tablet (Dumex Ltd),0,
GOLD,t2d,met,55711,Metformin 500mg tablets (Alliance Healthcare (Distribution) Ltd),0,
GOLD,t2d,met,55739,Metformin 500mg tablets (Tillomed Laboratories Ltd),0,
GOLD,t2d,met,57147,Bolamyn SR 1000mg tablets (Teva UK Ltd),0,
GOLD,t2d,met,57457,Metformin 500mg tablets (Aurobindo Pharma Ltd),0,
GOLD,t2d,met,58051,Metformin 500mg/5ml oral solution,0,
GOLD,t2d,met,58607,Metformin 500mg/5ml oral solution sugar free (Zentiva),0,
GOLD,t2d,met,59620,Glucophage SR 500mg tablets (Waymade Healthcare Plc),0,
GOLD,t2d,met,60074,Metformin 1g modified-release tablets (Waymade Healthcare Plc),0,
GOLD,t2d,met,60286,Metformin 500mg/5ml oral suspension,0,
GOLD,t2d,met,60968,Metformin 500mg modified-release tablets (Actavis UK Ltd),0,
GOLD,t2d,met,61043,Sukkarto SR 1000mg tablets (Morningside Healthcare Ltd),0,
GOLD,t2d,met,61559,Sukkarto SR 500mg tablets (Morningside Healthcare Ltd),0,
GOLD,t2d,met,62144,Metformin 500mg modified-release tablets (DE Pharmaceuticals),0,
GOLD,t2d,met,62265,Metformin 500mg modified-release tablets (Mawdsley-Brooks & Company Ltd),0,
GOLD,t2d,met,62605,Metformin 850mg tablets (Kent Pharmaceuticals Ltd),0,
GOLD,t2d,met,62824,Metformin 1g modified-release tablets (Actavis UK Ltd),0,
GOLD,t2d,met,63045,Metformin 850mg tablets (Relonchem Ltd),0,
GOLD,t2d,met,63307,Metformin 1g/5ml oral solution,0,
GOLD,t2d,met,64939,Glucient SR 1000mg tablets (Consilient Health Ltd),0,
GOLD,t2d,met,65694,Metformin 500mg modified-release tablets (Waymade Healthcare Plc),0,
GOLD,t2d,met,65923,Metformin 1g modified-release tablets (Mawdsley-Brooks & Company Ltd),0,
GOLD,t2d,met,66136,Glucophage SR 1000mg tablets (Waymade Healthcare Plc),0,
GOLD,t2d,met,68203,Metformin 500mg modified-release tablets (Almus Pharmaceuticals Ltd),0,
GOLD,t2d,met,68214,Metformin 500mg/5ml oral solution sugar free (A A H Pharmaceuticals Ltd),0,
GOLD,t2d,met,68389,Metformin 500mg/5ml oral solution sugar free (Pinewood Healthcare),0,
GOLD,t2d,met,68589,Metformin 1g/5ml oral solution sugar free,0,
GOLD,t2d,met,68636,Metformin 850mg/5ml oral solution sugar free,0,
GOLD,t2d,met,69221,Metformin 1g oral powder sachets sugar free (J M McGill Ltd),0,
GOLD,t2d,met,70477,Glucient SR 750mg tablets (Consilient Health Ltd),0,
GOLD,t2d,met,7048,Metformin 500mg modified-release tablets,0,
GOLD,t2d,met,70744,Metformin 500mg/5ml oral solution sugar free (Focus Pharmaceuticals Ltd),0,
GOLD,t2d,met,71012,Metformin 500mg tablets (Phoenix Healthcare Distribution Ltd),0,
GOLD,t2d,met,71198,Metformin 500mg tablets (Zanza Laboratories Ltd),0,
GOLD,t2d,met,7166,Glucophage 500mg tablets (Merck Serono Ltd),0,
GOLD,t2d,met,71890,Metformin 500mg/5ml oral solution sugar free (Almus Pharmaceuticals Ltd),0,
GOLD,t2d,met,72001,Metformin 1g modified-release tablets (DE Pharmaceuticals),0,
GOLD,t2d,met,72046,Metformin 500mg tablets (DE Pharmaceuticals),0,
GOLD,t2d,met,72052,Metformin 500mg Tablet (Lagap),0,
GOLD,t2d,met,72107,Meijumet 500mg modified-release tablets (Medreich Plc),0,
GOLD,t2d,met,72695,Metformin 500mg Tablet (Celltech Pharma Europe Ltd),0,
GOLD,t2d,met,73252,Yaltormin SR 500mg tablets (Wockhardt UK Ltd),0,
GOLD,t2d,met,73254,Yaltormin SR 1000mg tablets (Wockhardt UK Ltd),0,
GOLD,t2d,met,73285,Metformin 500mg tablets (Waymade Healthcare Plc),0,
GOLD,t2d,met,73303,Metformin 500mg/5ml oral solution sugar free (Colonis Pharma Ltd),0,
GOLD,t2d,met,73460,Metformin 500mg/5ml oral solution sugar free (Accord-UK Ltd),0,
GOLD,t2d,met,735,Metformin 100mg/ml Oral solution,0,
GOLD,t2d,met,73511,Yaltormin SR 750mg tablets (Wockhardt UK Ltd),0,
GOLD,t2d,met,73525,Metformin 500mg/5ml oral solution sugar free (Alliance Healthcare (Distribution) Ltd),0,
GOLD,t2d,met,73673,Metformin 500mg/5ml oral solution sugar free (Sigma Pharmaceuticals Plc),0,
GOLD,t2d,met,73808,Metformin 500mg/5ml oral solution sugar free (Accord-UK Ltd),0,
GOLD,t2d,met,73892,Metformin 500mg tablets (Relonchem Ltd),0,
GOLD,t2d,met,74021,Metformin 250mg/5ml oral solution,0,
GOLD,t2d,met,74734,Metformin 850mg capsules,0,
GOLD,t2d,met,75700,Metformin 500mg/5ml oral solution sugar free (Waymade Healthcare Plc),0,
GOLD,t2d,met,75778,Metformin 500mg tablets (Crescent Pharma Ltd),0,
GOLD,t2d,met,7610,Glucophage 850mg tablets (Merck Serono Ltd),0,
GOLD,t2d,met,77753,Meijumet 1000mg modified-release tablets (Medreich Plc),0,
GOLD,t2d,met,7815,Metformin 800mg tablets,0,
GOLD,t2d,met,78392,Metformin 850mg tablets (Zentiva Pharma UK Ltd),0,
GOLD,t2d,met,78537,Metformin 850mg/5ml oral suspension,0,
GOLD,t2d,met,79017,Metformin 850mg tablets (Viatris UK Healthcare Ltd),0,
GOLD,t2d,met,80647,Metuxtan SR 500mg tablets (Accord-UK Ltd),0,
GOLD,t2d,met,81428,Sukkarto SR 750mg tablets (Morningside Healthcare Ltd),0,
GOLD,t2d,met,81864,Metformin 500mg modified-release tablets (Morningside Healthcare Ltd),0,
GOLD,t2d,met,82085,Metformin 500mg tablets (RX Farma),0,
GOLD,t2d,met,82349,Metformin 850mg tablets (Phoenix Healthcare Distribution Ltd),0,
GOLD,t2d,met,82855,Metformin 500mg modified-release tablets (Medihealth (Northern) Ltd),0,
GOLD,t2d,met,82890,Metformin 850mg tablets (Milpharm Ltd),0,
GOLD,t2d,met,83088,Glucorex SR 500mg tablets (GlucoRx Ltd),0,
GOLD,t2d,met,83608,Metformin 500mg modified-release tablets (Consilient Health Ltd),0,
GOLD,t2d,met,83841,Metformin 500mg tablets (Sigma Pharmaceuticals Plc),0,
GOLD,t2d,met,83988,Metformin 1g modified-release tablets (Morningside Healthcare Ltd),0,
GOLD,t2d,met,84014,Metformin 1g tablets,0,
GOLD,t2d,met,84627,Metformin 1g modified-release tablets (Accord-UK Ltd),0,
GOLD,t2d,met,84717,Metformin 500mg Tablet (Ratiopharm UK Ltd),0,
GOLD,t2d,met,84743,Metformin Oral solution,0,
GOLD,t2d,met,85047,Metformin 1g modified-release tablets (Medihealth (Northern) Ltd),0,
GOLD,t2d,met,85064,Metformin 500mg modified-release tablets (A A H Pharmaceuticals Ltd),0,
GOLD,t2d,met,86710,Metformin 750mg modified-release tablets (DE Pharmaceuticals),0,
GOLD,t2d,met,87325,Glucophage SR 1000mg tablets (Pilsco Ltd),0,
GOLD,t2d,met,87341,Metformin 1g/5ml oral solution sugar free (Colonis Pharma Ltd),0,
GOLD,t2d,met,87808,Metformin 1g modified-release tablets (A A H Pharmaceuticals Ltd),0,
GOLD,t2d,met,87891,Metformin 500mg modified-release tablets (Amarox Ltd),0,
GOLD,t2d,met,88758,Metformin 500mg tablets (Ipca Laboratories UK Ltd),0,
GOLD,t2d,met,89414,Metformin 500mg modified-release tablets (Somex Pharma),0,
GOLD,t2d,met,89656,Metformin 500mg modified-release tablets (Brown & Burk UK Ltd),0,
GOLD,t2d,met,89850,Metformin 1g modified-release tablets (Amarox Ltd),0,
GOLD,t2d,met,90065,Metformin 850mg/5ml oral solution sugar free (Medihealth (Northern) Ltd),0,
GOLD,t2d,met,90226,Jesacrin 1000mg modified-release tablets (Key Pharmaceuticals Ltd),0,
GOLD,t2d,met,93,Metformin 850mg tablets,0,
GOLD,t2d,mixed_inj,62899,Xultophy 100units/ml / 3.6mg/ml solution for injection 3ml pre-filled pens (Novo Nordisk Ltd),0,
GOLD,t2d,mixed_inj,63562,Insulin degludec 100units/ml / Liraglutide 3.6mg/ml solution for injection 3ml pre-filled disposable devices,0,
GOLD,t2d,mixed_inj,76776,Suliqua 100units/ml / 33micrograms/ml solution for injection 3ml pre-filled SoloStar pens (Sanofi),0,
GOLD,t2d,mixed_inj,76777,Suliqua 100units/ml / 50micrograms/ml solution for injection 3ml pre-filled SoloStar pens (Sanofi),0,
GOLD,t2d,mixed_inj,83875,Insulin glargine 100units/ml / Lixisenatide 33micrograms/ml solution for injection 3ml pre-filled disposable devices,0,
GOLD,t2d,mixed_oral,11601,Rosiglitazone 2mg / Metformin 500mg tablets,0,
GOLD,t2d,mixed_oral,11604,Rosiglitazone 1mg / Metformin 500mg tablets,0,
GOLD,t2d,mixed_oral,11717,Rosiglitazone 2mg / Metformin 1g tablets,0,
GOLD,t2d,mixed_oral,14164,Avandamet 2mg/1000mg tablets (GlaxoSmithKline UK Ltd),0,
GOLD,t2d,mixed_oral,17580,Avandamet 1mg/500mg tablets (GlaxoSmithKline UK Ltd),0,
GOLD,t2d,mixed_oral,18220,Pioglitazone 15mg / Metformin 850mg tablets,0,
GOLD,t2d,mixed_oral,30316,Metformin with pioglitazone 850mg + 15mg Tablet,0,
GOLD,t2d,mixed_oral,31077,Competact 15mg/850mg tablets (Takeda UK Ltd),0,
GOLD,t2d,mixed_oral,37874,Vildagliptin 50mg / Metformin 850mg tablets,0,
GOLD,t2d,mixed_oral,37902,Vildagliptin 50mg / Metformin 1g tablets,0,
GOLD,t2d,mixed_oral,38551,Eucreas 50mg/1000mg tablets (Novartis Pharmaceuticals UK Ltd),0,
GOLD,t2d,mixed_oral,39203,Eucreas 50mg/850mg tablets (Novartis Pharmaceuticals UK Ltd),0,
GOLD,t2d,mixed_oral,43619,Metformin 1g / Sitagliptin 50mg tablets,0,
GOLD,t2d,mixed_oral,43684,Janumet 50mg/1000mg tablets (Merck Sharp & Dohme Ltd),0,
GOLD,t2d,mixed_oral,50682,Jentadueto 2.5mg/1000mg tablets (Boehringer Ingelheim Ltd),0,
GOLD,t2d,mixed_oral,52445,Linagliptin 2.5mg / Metformin 1g tablets,0,
GOLD,t2d,mixed_oral,52449,Linagliptin 2.5mg / Metformin 850mg tablets,0,
GOLD,t2d,mixed_oral,54150,Jentadueto 2.5mg/850mg tablets (Boehringer Ingelheim Ltd),0,
GOLD,t2d,mixed_oral,54891,Saxagliptin 2.5mg / Metformin 1g tablets,0,
GOLD,t2d,mixed_oral,54973,Saxagliptin 2.5mg / Metformin 850mg tablets,0,
GOLD,t2d,mixed_oral,56376,Rosiglitazone 4mg with glimepiride 4mg tablet,0,
GOLD,t2d,mixed_oral,56965,Komboglyze 2.5mg/1000mg tablets (AstraZeneca UK Ltd),0,
GOLD,t2d,mixed_oral,58865,Komboglyze 2.5mg/850mg tablets (AstraZeneca UK Ltd),0,
GOLD,t2d,mixed_oral,59385,Vipdomet 12.5mg/1000mg tablets (Takeda UK Ltd),0,
GOLD,t2d,mixed_oral,60012,Dapagliflozin 5mg / Metformin 1g tablets,0,
GOLD,t2d,mixed_oral,60497,Alogliptin 12.5mg / Metformin 1g tablets,0,
GOLD,t2d,mixed_oral,60643,Xigduo 5mg/1000mg tablets (AstraZeneca UK Ltd),0,
GOLD,t2d,mixed_oral,63031,Dapagliflozin 5mg / Metformin 850mg tablets,0,
GOLD,t2d,mixed_oral,63929,Canagliflozin 50mg / Metformin 1g tablets,0,
GOLD,t2d,mixed_oral,64743,Canagliflozin 50mg / Metformin 850mg tablets,0,
GOLD,t2d,mixed_oral,65057,Empagliflozin 5mg / Metformin 1g tablets,0,
GOLD,t2d,mixed_oral,65059,Xigduo 5mg/850mg tablets (AstraZeneca UK Ltd),0,
GOLD,t2d,mixed_oral,65066,Empagliflozin 12.5mg / Metformin 1g tablets,0,
GOLD,t2d,mixed_oral,65083,Synjardy 5mg/1000mg tablets (Boehringer Ingelheim Ltd),0,
GOLD,t2d,mixed_oral,65344,Empagliflozin 5mg / Metformin 850mg tablets,0,
GOLD,t2d,mixed_oral,66008,Synjardy 12.5mg/1000mg tablets (Boehringer Ingelheim Ltd),0,
GOLD,t2d,mixed_oral,66854,Vokanamet 50mg/1000mg tablets (Napp Pharmaceuticals Ltd),0,
GOLD,t2d,mixed_oral,66855,Empagliflozin 12.5mg / Metformin 850mg tablets,0,
GOLD,t2d,mixed_oral,6855,Avandamet 2mg/500mg tablets (GlaxoSmithKline UK Ltd),0,
GOLD,t2d,mixed_oral,69370,Synjardy 5mg/850mg tablets (Boehringer Ingelheim Ltd),0,
GOLD,t2d,mixed_oral,69540,Saxagliptin 5mg / Dapagliflozin 10mg tablets,0,
GOLD,t2d,mixed_oral,69654,Qtern 5mg/10mg tablets (AstraZeneca UK Ltd),0,
GOLD,t2d,mixed_oral,70463,Synjardy 12.5mg/850mg tablets (Boehringer Ingelheim Ltd),0,
GOLD,t2d,mixed_oral,7325,Avandamet 4mg/1000mg tablets (GlaxoSmithKline UK Ltd),0,
GOLD,t2d,mixed_oral,7375,Rosiglitazone 4mg / Metformin 1g tablets,0,
GOLD,t2d,mixed_oral,78293,Alogliptin 12.5mg / Metformin 1g tablets (Colorama Pharmaceuticals Ltd),0,
GOLD,t2d,mixed_oral,80087,Empagliflozin 25mg / Linagliptin 5mg tablets,0,
GOLD,t2d,mixed_oral,80319,Empagliflozin 10mg / Linagliptin 5mg tablets,0,
GOLD,t2d,mixed_oral,82372,Competact 15mg/850mg tablets (DE Pharmaceuticals),0,
GOLD,t2d,mixed_oral,83089,Glyxambi 10mg/5mg tablets (Boehringer Ingelheim Ltd),0,
GOLD,t2d,mixed_oral,84958,Pioglitazone 15mg / Metformin 850mg tablets (A A H Pharmaceuticals Ltd),0,
GOLD,t2d,mixed_oral,87852,Glyxambi 25mg/5mg tablets (Boehringer Ingelheim Ltd),0,
GOLD,t2d,othergld,479,Acarbose 50mg tablets,0,
GOLD,t2d,othergld,5174,Acarbose 100mg tablets,0,
GOLD,t2d,othergld,5621,Glucobay 50mg tablets (Bayer Plc),0,
GOLD,t2d,othergld,71020,Acarbose 50mg tablets (Actavis UK Ltd),0,
GOLD,t2d,othergld,83456,Acarbose 50mg tablets (A A H Pharmaceuticals Ltd),0,
GOLD,t2d,othergld,83476,Acarbose 100mg tablets (A A H Pharmaceuticals Ltd),0,
GOLD,t2d,othergld,9105,Glucobay 100mg tablets (Bayer Plc),0,
GOLD,t2d,sglt2i,54182,Dapagliflozin 10mg tablets,0,
GOLD,t2d,sglt2i,54203,Forxiga 10mg tablets (AstraZeneca UK Ltd),0,
GOLD,t2d,sglt2i,54265,Dapagliflozin 5mg tablets,0,
GOLD,t2d,sglt2i,54480,Forxiga 5mg tablets (AstraZeneca UK Ltd),0,
GOLD,t2d,sglt2i,60066,Invokana 100mg tablets (Janssen-Cilag Ltd),0,
GOLD,t2d,sglt2i,60073,Canagliflozin 100mg tablets,0,
GOLD,t2d,sglt2i,60211,Canagliflozin 100mg tablets,0,
GOLD,t2d,sglt2i,60379,Invokana 300mg tablets (Napp Pharmaceuticals Ltd),0,
GOLD,t2d,sglt2i,60386,Canagliflozin 300mg tablets,0,
GOLD,t2d,sglt2i,60430,Invokana 100mg tablets (Napp Pharmaceuticals Ltd),0,
GOLD,t2d,sglt2i,61756,Empagliflozin 10mg tablets,0,
GOLD,t2d,sglt2i,62172,Empagliflozin 25mg tablets,0,
GOLD,t2d,sglt2i,62760,Jardiance 10mg tablets (Boehringer Ingelheim Ltd),0,
GOLD,t2d,sglt2i,63516,Forxiga 10mg tablets (Waymade Healthcare Plc),0,
GOLD,t2d,sglt2i,64217,Jardiance 25mg tablets (Boehringer Ingelheim Ltd),0,
GOLD,t2d,sglt2i,77762,Ertugliflozin 5mg tablets,0,
GOLD,t2d,sglt2i,78946,Ertugliflozin 15mg tablets,0,
GOLD,t2d,sglt2i,80784,Invokana 100mg tablets (Pharmaram Ltd),0,
GOLD,t2d,sglt2i,81515,Invokana 300mg tablets (Janssen-Cilag Ltd),0,
GOLD,t2d,sglt2i,84232,Forxiga 10mg tablets (Pharmaram Ltd),0,
GOLD,t2d,sglt2i,87570,Forxiga 10mg tablets (CST Pharma Ltd),0,
GOLD,t2d,su,10427,Tolazamide 250mg tablets,0,
GOLD,t2d,su,11284,Amaryl 4mg tablets (Zentiva),0,
GOLD,t2d,su,11695,Diamicron 30mg MR tablets (Servier Laboratories Ltd),0,
GOLD,t2d,su,11946,Tolbutamide 50mg/ml Injection,0,
GOLD,t2d,su,12455,Rastinon 500mg Tablet (Hoechst Marion Roussel),0,
GOLD,t2d,su,12513,Glibenese 5mg tablets (Pfizer Ltd),0,
GOLD,t2d,su,1253,Chlorpropamide 100mg tablets,0,
GOLD,t2d,su,1254,Glibenclamide 5mg tablets,0,
GOLD,t2d,su,13331,Euglucon 5mg tablets (Sanofi),0,
GOLD,t2d,su,15374,Gliclazide 40mg/5ml oral suspension,0,
GOLD,t2d,su,16211,Tolbutamide 100mg tablets,0,
GOLD,t2d,su,16602,Calabren 2.5mg Tablet (Berk Pharmaceuticals Ltd),0,
GOLD,t2d,su,17343,Gliclazide 80mg tablets (A A H Pharmaceuticals Ltd),0,
GOLD,t2d,su,17698,Minodiab 5mg tablets (Pfizer Ltd),0,
GOLD,t2d,su,17706,Minodiab 2.5mg tablets (Pfizer Ltd),0,
GOLD,t2d,su,1847,Chlorpropamide 250mg tablets,0,
GOLD,t2d,su,19336,Tolazamide 100mg Tablet,0,
GOLD,t2d,su,1964,Diamicron 80mg tablets (Servier Laboratories Ltd),0,
GOLD,t2d,su,1965,Tolbutamide 500mg tablets,0,
GOLD,t2d,su,19658,Glurenorm 30mg tablets (Sanofi),0,
GOLD,t2d,su,19728,GONDAFON .5 GM TAB,0,
GOLD,t2d,su,21424,Glibenclamide 5mg/5ml oral suspension,0,
GOLD,t2d,su,21489,Tolanase 250mg Tablet (Pharmacia Ltd),0,
GOLD,t2d,su,21564,Gliclazide 80mg tablets (Wockhardt UK Ltd),0,
GOLD,t2d,su,21832,Diabetamide 5mg tablets (Ashbourne Pharmaceuticals Ltd),0,
GOLD,t2d,su,21870,RASTINON,0,
GOLD,t2d,su,21892,Diaglyk 80mg tablets (Ashbourne Pharmaceuticals Ltd),0,
GOLD,t2d,su,22145,Tolanase 100mg Tablet (Pharmacia Ltd),0,
GOLD,t2d,su,2219,Glibenclamide 2.5mg tablets,0,
GOLD,t2d,su,22614,DAONIL 10 MG TAB,0,
GOLD,t2d,su,22636,Tolbutamide 1 gm tablet,0,
GOLD,t2d,su,22858,Acetohexamide 500mg tablets,0,
GOLD,t2d,su,24848,Glymidine sodium 500mg Tablet,0,
GOLD,t2d,su,25636,Libanil 2.5mg Tablet (Approved Prescription Services Ltd),0,
GOLD,t2d,su,26118,Dimelor 500mg Tablet (Eli Lilly and Company Ltd),0,
GOLD,t2d,su,26218,Calabren 5mg Tablet (Berk Pharmaceuticals Ltd),0,
GOLD,t2d,su,27969,Glymese 250mg Tablet (DDSA Pharmaceuticals Ltd),0,
GOLD,t2d,su,28708,Malix 2.5mg Tablet (Lagap),0,
GOLD,t2d,su,29326,Glipizide 5mg tablets (Mylan),0,
GOLD,t2d,su,29939,Gliclazide 80mg tablets (Mylan),0,
GOLD,t2d,su,30460,Malix 5mg Tablet (Lagap),0,
GOLD,t2d,su,31212,Gliclazide 80mg tablets (Actavis UK Ltd),0,
GOLD,t2d,su,31474,Libanil 5mg Tablet (Approved Prescription Services Ltd),0,
GOLD,t2d,su,32,Gliclazide 80mg tablets,0,
GOLD,t2d,su,33562,Duclazide 80mg Tablet (Dumex Ltd),0,
GOLD,t2d,su,33673,Tolbutamide 500mg tablets (Actavis UK Ltd),0,
GOLD,t2d,su,34399,Gliclazide 80mg tablets (IVAX Pharmaceuticals UK Ltd),0,
GOLD,t2d,su,34507,Glibenclamide 2.5mg tablets (Wockhardt UK Ltd),0,
GOLD,t2d,su,34563,Glibenclamide 5mg tablets (Wockhardt UK Ltd),0,
GOLD,t2d,su,34676,Glibenclamide 2.5mg tablets (A A H Pharmaceuticals Ltd),0,
GOLD,t2d,su,34706,Glibenclamide 2.5mg tablets (IVAX Pharmaceuticals UK Ltd),0,
GOLD,t2d,su,34802,Glipizide 5mg tablets (IVAX Pharmaceuticals UK Ltd),0,
GOLD,t2d,su,34932,Gliclazide 80mg tablets (Genus Pharmaceuticals Ltd),0,
GOLD,t2d,su,34957,Tolbutamide 500mg tablets (A A H Pharmaceuticals Ltd),0,
GOLD,t2d,su,36856,Gliclazide 80mg tablets (Sandoz Ltd),0,
GOLD,t2d,su,40365,Glimepiride 1mg tablets (Actavis UK Ltd),0,
GOLD,t2d,su,40425,Nazdol MR 30mg tablets (Teva UK Ltd),0,
GOLD,t2d,su,41558,Glibenclamide 5mg tablets (Teva UK Ltd),0,
GOLD,t2d,su,41559,Glibenclamide 5mg tablets (A A H Pharmaceuticals Ltd),0,
GOLD,t2d,su,41593,Glibenclamide 2.5mg tablets (Teva UK Ltd),0,
GOLD,t2d,su,41898,GLIBENCLAMIDE,0,
GOLD,t2d,su,42790,Gliclazide 80mg Tablet (Merck Generics (UK) Ltd),0,
GOLD,t2d,su,43065,Gliclazide 40mg tablets,0,
GOLD,t2d,su,43465,Zicron 40mg tablets (Bristol Laboratories Ltd),0,
GOLD,t2d,su,4426,Chlorpropamide 500mg tablets,0,
GOLD,t2d,su,44304,Glyconon 500mg Tablet (DDSA Pharmaceuticals Ltd),0,
GOLD,t2d,su,44473,Edicil MR 30mg tablets (Teva UK Ltd),0,
GOLD,t2d,su,44738,Niddaryl 1mg tablets (Dee Pharmaceuticals Ltd),0,
GOLD,t2d,su,45215,Gliclazide 80mg Tablet (Neo Laboratories Ltd),0,
GOLD,t2d,su,45831,Dacadis MR 30mg tablets (Mylan),0,
GOLD,t2d,su,46927,Tolbutamide 500mg tablets (Teva UK Ltd),0,
GOLD,t2d,su,47074,Gliclazide 80mg/5ml oral suspension,0,
GOLD,t2d,su,47894,Nazdol MR 30mg tablets (Consilient Health Ltd),0,
GOLD,t2d,su,48056,Gliclazide 80mg tablets (Sovereign Medical Ltd),0,
GOLD,t2d,su,4862,Diabetamide 2.5mg tablets (Ashbourne Pharmaceuticals Ltd),0,
GOLD,t2d,su,51955,Gliclazide 80mg tablets (Accord Healthcare Ltd),0,
GOLD,t2d,su,5276,Glimepiride 1mg tablets,0,
GOLD,t2d,su,5316,Glimepiride 4mg tablets,0,
GOLD,t2d,su,53288,Gliclazide 30mg modified-release tablets (A A H Pharmaceuticals Ltd),0,
GOLD,t2d,su,5353,Glimepiride 2mg tablets,0,
GOLD,t2d,su,547,Glipizide 2.5mg tablets,0,
GOLD,t2d,su,54764,Gliclazide 80mg tablets (Arrow Generics Ltd),0,
GOLD,t2d,su,55862,Gliclazide Oral solution,0,
GOLD,t2d,su,56008,Gliclazide 80mg tablets (Almus Pharmaceuticals Ltd),0,
GOLD,t2d,su,5627,Gliclazide 30mg modified-release tablets,0,
GOLD,t2d,su,5636,Glipizide 5mg tablets,0,
GOLD,t2d,su,56437,Gliclazide 60mg modified-release tablets,0,
GOLD,t2d,su,57601,Daonil 5mg tablets (Dowelhurst Ltd),0,
GOLD,t2d,su,57830,Gliclazide 30mg modified-release tablets (Alliance Healthcare (Distribution) Ltd),0,
GOLD,t2d,su,58882,Gliclazide 120mg/5ml oral suspension,0,
GOLD,t2d,su,60495,Gliclazide 80mg tablets (Teva UK Ltd),0,
GOLD,t2d,su,61311,Glimepiride 4mg tablets (Sigma Pharmaceuticals Plc),0,
GOLD,t2d,su,61957,Gliclazide 40mg tablets (A A H Pharmaceuticals Ltd),0,
GOLD,t2d,su,62014,Glimepiride 2mg tablets (Accord Healthcare Ltd),0,
GOLD,t2d,su,62034,Laaglyda MR 60mg tablets (Consilient Health Ltd),0,
GOLD,t2d,su,63048,Gliclazide 80mg tablets (Alliance Healthcare (Distribution) Ltd),0,
GOLD,t2d,su,63131,Ziclaseg 30mg modified-release tablets (Lupin (Europe) Ltd),0,
GOLD,t2d,su,6337,Glimepiride 3mg tablets,0,
GOLD,t2d,su,66399,Glimepiride 2mg tablets (A A H Pharmaceuticals Ltd),0,
GOLD,t2d,su,67056,Amaryl 1mg tablets (Lexon (UK) Ltd),0,
GOLD,t2d,su,67781,Gliclazide 80mg tablets (Milpharm Ltd),0,
GOLD,t2d,su,68289,Glimepiride 4mg tablets (Waymade Healthcare Plc),0,
GOLD,t2d,su,68415,Gliclazide 30mg modified-release tablets (Phoenix Healthcare Distribution Ltd),0,
GOLD,t2d,su,68675,Glimepiride 4mg tablets (Somex Pharma),0,
GOLD,t2d,su,68819,Gliclazide 80mg tablets (Bristol Laboratories Ltd),0,
GOLD,t2d,su,69669,Gliclazide 160mg/5ml oral suspension,0,
GOLD,t2d,su,70432,Bilxona 30mg modified-release tablets (Actavis UK Ltd),0,
GOLD,t2d,su,70490,Bilxona 60mg modified-release tablets (Actavis UK Ltd),0,
GOLD,t2d,su,71476,Glimepiride 2mg tablets (Alliance Healthcare (Distribution) Ltd),0,
GOLD,t2d,su,71477,Glimepiride 1mg tablets (Alliance Healthcare (Distribution) Ltd),0,
GOLD,t2d,su,71665,Glimepiride 3mg tablets (Alliance Healthcare (Distribution) Ltd),0,
GOLD,t2d,su,71667,Glimepiride 1mg tablets (Teva UK Ltd),0,
GOLD,t2d,su,71781,Gliclazide 40mg tablets (Teva UK Ltd),0,
GOLD,t2d,su,7284,Amaryl 2mg tablets (Zentiva),0,
GOLD,t2d,su,72852,Gliclazide 40mg tablets (Accord-UK Ltd),0,
GOLD,t2d,su,7332,Amaryl 1mg tablets (Zentiva),0,
GOLD,t2d,su,7409,Amaryl 3mg tablets (Zentiva),0,
GOLD,t2d,su,75008,Glibenclamide 2.5mg Tablet (Berk Pharmaceuticals Ltd),0,
GOLD,t2d,su,75823,Gliclazide 40mg tablets (Waymade Healthcare Plc),0,
GOLD,t2d,su,77291,Gliclazide 80mg tablets (Kent Pharma (UK) Ltd),0,
GOLD,t2d,su,77437,Amaryl 1mg tablets (Sigma Pharmaceuticals Plc),0,
GOLD,t2d,su,7744,Daonil 5mg tablets (Sanofi),0,
GOLD,t2d,su,77498,Gliclazide 160mg tablets,0,
GOLD,t2d,su,78125,Gliclazide 30mg modified-release tablets (Sigma Pharmaceuticals Plc),0,
GOLD,t2d,su,7912,Semi-Daonil 2.5mg tablets (Sanofi),0,
GOLD,t2d,su,79372,Glibenclamide 5mg Tablet (Celltech Pharma Europe Ltd),0,
GOLD,t2d,su,8034,Diabinese 100mg Tablet (Pfizer Ltd),0,
GOLD,t2d,su,80676,Bilxona 60mg modified-release tablets (Accord-UK Ltd),0,
GOLD,t2d,su,80828,Gliclazide 30mg/5ml oral suspension,0,
GOLD,t2d,su,8168,Diabinese 250mg Tablet (Pfizer Ltd),0,
GOLD,t2d,su,82322,Gliclazide 30mg modified-release tablets (Actavis UK Ltd),0,
GOLD,t2d,su,82846,Amglidia 0.6mg/ml oral suspension with 5ml oral syringe (Amring Pharmaceuticals Ltd),0,
GOLD,t2d,su,83483,Glipizide 5mg tablets (Almus Pharmaceuticals Ltd),0,
GOLD,t2d,su,83493,Tolbutamide 500mg tablets (Almus Pharmaceuticals Ltd),0,
GOLD,t2d,su,8390,Gliquidone 30mg tablets,0,
GOLD,t2d,su,84213,Zicron PR 30mg tablets (Bristol Laboratories Ltd),0,
GOLD,t2d,su,84602,Diamicron 30mg MR tablets (Dowelhurst Ltd),0,
GOLD,t2d,su,84885,Gliclazide 80mg tablets (Phoenix Healthcare Distribution Ltd),0,
GOLD,t2d,su,85733,Glibenclamide 6mg/ml oral suspension sugar free,0,
GOLD,t2d,su,85749,Glibenclamide 600micrograms/ml oral suspension sugar free,0,
GOLD,t2d,su,86117,Amglidia 0.6mg/ml oral suspension with 1ml oral syringe (Bioprojet UK Ltd),0,
GOLD,t2d,su,87614,Gliclazide 30mg modified-release tablets (A A H Pharmaceuticals Ltd),0,
GOLD,t2d,su,88597,Lamzarin 60mg modified-release tablets (Key Pharmaceuticals Ltd),0,
GOLD,t2d,su,89056,Gliclazide 80mg tablets (Zentiva Pharma UK Ltd),0,
GOLD,t2d,su,89141,Gliclazide 40mg tablets (Medreich Plc),0,
GOLD,t2d,su,8976,Euglucon 2.5mg tablets (Aventis Pharma),0,
GOLD,t2d,su,9108,Tolbutamide 250 mg tablets,0,
GOLD,t2d,tzd,10051,Pioglitazone 45mg tablets,0,
GOLD,t2d,tzd,19472,Actos 45mg tablets (Neon Healthcare Ltd),0,
GOLD,t2d,tzd,20287,Actos 15mg tablets (Neon Healthcare Ltd),0,
GOLD,t2d,tzd,20889,Actos 30mg tablets (Neon Healthcare Ltd),0,
GOLD,t2d,tzd,48139,Pioglitazone 30mg tablets (A A H Pharmaceuticals Ltd),0,
GOLD,t2d,tzd,548,Pioglitazone 15mg tablets,0,
GOLD,t2d,tzd,56208,Pioglitazone 15mg tablets (A A H Pharmaceuticals Ltd),0,
GOLD,t2d,tzd,57659,Pioglitazone 30mg tablets (Actavis UK Ltd),0,
GOLD,t2d,tzd,62426,Pioglitazone 30mg tablets (Accord Healthcare Ltd),0,
GOLD,t2d,tzd,63046,Pioglitazone 45mg tablets (A A H Pharmaceuticals Ltd),0,
GOLD,t2d,tzd,63107,Pioglitazone 45mg tablets (Waymade Healthcare Plc),0,
GOLD,t2d,tzd,63421,Pioglitazone 30mg tablets (Teva UK Ltd),0,
GOLD,t2d,tzd,64900,Glidipion 30mg tablets (Actavis UK Ltd),0,
GOLD,t2d,tzd,65562,Pioglitazone 30mg tablets (Alliance Healthcare (Distribution) Ltd),0,
GOLD,t2d,tzd,65563,Pioglitazone 15mg tablets (Alliance Healthcare (Distribution) Ltd),0,
GOLD,t2d,tzd,68934,Diabiom 30mg tablets (Tillomed Laboratories Ltd),0,
GOLD,t2d,tzd,69885,Pioglitazone 30mg tablets (Consilient Health Ltd),0,
GOLD,t2d,tzd,72163,Pioglitazone 45mg tablets (Alliance Healthcare (Distribution) Ltd),0,
GOLD,t2d,tzd,78258,Pioglitazone 15mg/5ml oral suspension,0,
GOLD,t2d,tzd,79854,Pioglitazone 15mg tablets (Accord-UK Ltd),0,
GOLD,t2d,tzd,9699,Pioglitazone 30mg tablets,0,
